date,product_name,region,price_xof_per_kg
2025-07-29,Riz Local (1kg),Bamako,629.2
2025-07-30,Riz Local (1kg),Bamako,619.5
2025-07-31,Riz Local (1kg),Bamako,633.1
2025-08-01,Riz Local (1kg),Bamako,648.2
2025-08-02,Riz Local (1kg),Bamako,620.1
2025-08-03,Riz Local (1kg),Bamako,620.8
2025-08-04,Riz Local (1kg),Bamako,651.1
2025-08-05,Riz Local (1kg),Bamako,638.4
2025-08-06,Riz Local (1kg),Bamako,618.8
2025-08-07,Riz Local (1kg),Bamako,635.9
2025-08-08,Riz Local (1kg),Bamako,620.0
2025-08-09,Riz Local (1kg),Bamako,620.5
2025-08-10,Riz Local (1kg),Bamako,632.6
2025-08-11,Riz Local (1kg),Bamako,597.7
2025-08-12,Riz Local (1kg),Bamako,601.3
2025-08-13,Riz Local (1kg),Bamako,620.8
2025-08-14,Riz Local (1kg),Bamako,613.8
2025-08-15,Riz Local (1kg),Bamako,635.9
2025-08-16,Riz Local (1kg),Bamako,616.2
2025-08-17,Riz Local (1kg),Bamako,608.3
2025-08-18,Riz Local (1kg),Bamako,655.7
2025-08-19,Riz Local (1kg),Bamako,628.3
2025-08-20,Riz Local (1kg),Bamako,633.4
2025-08-21,Riz Local (1kg),Bamako,609.1
2025-08-22,Riz Local (1kg),Bamako,623.8
2025-08-23,Riz Local (1kg),Bamako,634.7
2025-08-24,Riz Local (1kg),Bamako,614.2
2025-08-25,Riz Local (1kg),Bamako,639.3
2025-08-26,Riz Local (1kg),Bamako,623.4
2025-08-27,Riz Local (1kg),Bamako,628.5
2025-08-28,Riz Local (1kg),Bamako,623.5
2025-08-29,Riz Local (1kg),Bamako,663.7
2025-08-30,Riz Local (1kg),Bamako,633.1
2025-08-31,Riz Local (1kg),Bamako,616.0
2025-09-01,Riz Local (1kg),Bamako,646.7
2025-09-02,Riz Local (1kg),Bamako,613.2
2025-09-03,Riz Local (1kg),Bamako,636.5
2025-09-04,Riz Local (1kg),Bamako,600.8
2025-09-05,Riz Local (1kg),Bamako,611.0
2025-09-06,Riz Local (1kg),Bamako,635.8
2025-09-07,Riz Local (1kg),Bamako,644.5
2025-09-08,Riz Local (1kg),Bamako,634.9
2025-09-09,Riz Local (1kg),Bamako,630.0
2025-09-10,Riz Local (1kg),Bamako,626.6
2025-09-11,Riz Local (1kg),Bamako,607.0
2025-09-12,Riz Local (1kg),Bamako,619.1
2025-09-13,Riz Local (1kg),Bamako,623.0
2025-09-14,Riz Local (1kg),Bamako,647.5
2025-09-15,Riz Local (1kg),Bamako,635.4
2025-09-16,Riz Local (1kg),Bamako,600.4
2025-09-17,Riz Local (1kg),Bamako,634.2
2025-09-18,Riz Local (1kg),Bamako,622.1
2025-09-19,Riz Local (1kg),Bamako,616.8
2025-09-20,Riz Local (1kg),Bamako,637.3
2025-09-21,Riz Local (1kg),Bamako,643.6
2025-09-22,Riz Local (1kg),Bamako,641.4
2025-09-23,Riz Local (1kg),Bamako,611.8
2025-09-24,Riz Local (1kg),Bamako,619.9
2025-09-25,Riz Local (1kg),Bamako,629.7
2025-09-26,Riz Local (1kg),Bamako,639.6
2025-09-27,Riz Local (1kg),Bamako,615.0
2025-09-28,Riz Local (1kg),Bamako,619.1
2025-09-29,Riz Local (1kg),Bamako,603.3
2025-09-30,Riz Local (1kg),Bamako,601.0
2025-10-01,Riz Local (1kg),Bamako,633.2
2025-10-02,Riz Local (1kg),Bamako,641.2
2025-10-03,Riz Local (1kg),Bamako,617.0
2025-10-04,Riz Local (1kg),Bamako,633.8
2025-10-05,Riz Local (1kg),Bamako,622.4
2025-10-06,Riz Local (1kg),Bamako,605.0
2025-10-07,Riz Local (1kg),Bamako,620.6
2025-10-08,Riz Local (1kg),Bamako,638.9
2025-10-09,Riz Local (1kg),Bamako,612.1
2025-10-10,Riz Local (1kg),Bamako,637.4
2025-10-11,Riz Local (1kg),Bamako,567.8
2025-10-12,Riz Local (1kg),Bamako,623.2
2025-10-13,Riz Local (1kg),Bamako,610.1
2025-10-14,Riz Local (1kg),Bamako,602.7
2025-10-15,Riz Local (1kg),Bamako,608.1
2025-10-16,Riz Local (1kg),Bamako,572.9
2025-10-17,Riz Local (1kg),Bamako,600.8
2025-10-18,Riz Local (1kg),Bamako,609.1
2025-10-19,Riz Local (1kg),Bamako,626.3
2025-10-20,Riz Local (1kg),Bamako,592.4
2025-10-21,Riz Local (1kg),Bamako,586.5
2025-10-22,Riz Local (1kg),Bamako,590.3
2025-10-23,Riz Local (1kg),Bamako,612.3
2025-10-24,Riz Local (1kg),Bamako,601.5
2025-10-25,Riz Local (1kg),Bamako,586.2
2025-10-26,Riz Local (1kg),Bamako,602.0
2025-10-27,Riz Local (1kg),Bamako,594.0
2025-10-28,Riz Local (1kg),Bamako,606.9
2025-10-29,Riz Local (1kg),Bamako,578.3
2025-10-30,Riz Local (1kg),Bamako,583.1
2025-10-31,Riz Local (1kg),Bamako,580.7
2025-11-01,Riz Local (1kg),Bamako,561.9
2025-11-02,Riz Local (1kg),Bamako,589.3
2025-11-03,Riz Local (1kg),Bamako,587.4
2025-11-04,Riz Local (1kg),Bamako,581.8
2025-11-05,Riz Local (1kg),Bamako,576.5
2025-11-06,Riz Local (1kg),Bamako,555.8
2025-11-07,Riz Local (1kg),Bamako,570.7
2025-11-08,Riz Local (1kg),Bamako,570.6
2025-11-09,Riz Local (1kg),Bamako,561.6
2025-11-10,Riz Local (1kg),Bamako,570.7
2025-11-11,Riz Local (1kg),Bamako,578.5
2025-11-12,Riz Local (1kg),Bamako,601.4
2025-11-13,Riz Local (1kg),Bamako,571.9
2025-11-14,Riz Local (1kg),Bamako,571.8
2025-11-15,Riz Local (1kg),Bamako,564.9
2025-11-16,Riz Local (1kg),Bamako,533.2
2025-11-17,Riz Local (1kg),Bamako,562.7
2025-11-18,Riz Local (1kg),Bamako,562.7
2025-11-19,Riz Local (1kg),Bamako,600.6
2025-11-20,Riz Local (1kg),Bamako,555.6
2025-11-21,Riz Local (1kg),Bamako,562.2
2025-11-22,Riz Local (1kg),Bamako,555.2
2025-11-23,Riz Local (1kg),Bamako,535.1
2025-11-24,Riz Local (1kg),Bamako,571.5
2025-11-25,Riz Local (1kg),Bamako,563.6
2025-11-26,Riz Local (1kg),Bamako,562.7
2025-11-27,Riz Local (1kg),Bamako,533.4
2025-11-28,Riz Local (1kg),Bamako,569.7
2025-11-29,Riz Local (1kg),Bamako,522.3
2025-11-30,Riz Local (1kg),Bamako,553.4
2025-12-01,Riz Local (1kg),Bamako,578.1
2025-12-02,Riz Local (1kg),Bamako,524.5
2025-12-03,Riz Local (1kg),Bamako,530.0
2025-12-04,Riz Local (1kg),Bamako,539.4
2025-12-05,Riz Local (1kg),Bamako,528.0
2025-12-06,Riz Local (1kg),Bamako,509.4
2025-12-07,Riz Local (1kg),Bamako,534.4
2025-12-08,Riz Local (1kg),Bamako,514.4
2025-12-09,Riz Local (1kg),Bamako,538.1
2025-12-10,Riz Local (1kg),Bamako,513.8
2025-12-11,Riz Local (1kg),Bamako,552.7
2025-12-12,Riz Local (1kg),Bamako,513.1
2025-12-13,Riz Local (1kg),Bamako,519.1
2025-12-14,Riz Local (1kg),Bamako,536.3
2025-12-15,Riz Local (1kg),Bamako,501.4
2025-12-16,Riz Local (1kg),Bamako,523.8
2025-12-17,Riz Local (1kg),Bamako,540.1
2025-12-18,Riz Local (1kg),Bamako,490.9
2025-12-19,Riz Local (1kg),Bamako,518.8
2025-12-20,Riz Local (1kg),Bamako,518.7
2025-12-21,Riz Local (1kg),Bamako,525.8
2025-12-22,Riz Local (1kg),Bamako,491.4
2025-12-23,Riz Local (1kg),Bamako,488.6
2025-12-24,Riz Local (1kg),Bamako,517.4
2025-12-25,Riz Local (1kg),Bamako,512.4
2025-12-26,Riz Local (1kg),Bamako,510.3
2025-12-27,Riz Local (1kg),Bamako,510.5
2025-12-28,Riz Local (1kg),Bamako,492.4
2025-12-29,Riz Local (1kg),Bamako,506.0
2025-12-30,Riz Local (1kg),Bamako,505.7
2025-12-31,Riz Local (1kg),Bamako,487.9
2026-01-01,Riz Local (1kg),Bamako,528.9
2026-01-02,Riz Local (1kg),Bamako,504.9
2026-01-03,Riz Local (1kg),Bamako,476.4
2026-01-04,Riz Local (1kg),Bamako,505.4
2026-01-05,Riz Local (1kg),Bamako,477.5
2026-01-06,Riz Local (1kg),Bamako,505.1
2026-01-07,Riz Local (1kg),Bamako,510.0
2026-01-08,Riz Local (1kg),Bamako,476.5
2026-01-09,Riz Local (1kg),Bamako,504.5
2026-01-10,Riz Local (1kg),Bamako,494.4
2026-01-11,Riz Local (1kg),Bamako,500.0
2026-01-12,Riz Local (1kg),Bamako,516.5
2026-01-13,Riz Local (1kg),Bamako,480.3
2026-01-14,Riz Local (1kg),Bamako,471.0
2026-01-15,Riz Local (1kg),Bamako,467.7
2026-01-16,Riz Local (1kg),Bamako,467.9
2026-01-17,Riz Local (1kg),Bamako,479.0
2026-01-18,Riz Local (1kg),Bamako,484.9
2026-01-19,Riz Local (1kg),Bamako,482.8
2026-01-20,Riz Local (1kg),Bamako,490.9
2026-01-21,Riz Local (1kg),Bamako,476.7
2026-01-22,Riz Local (1kg),Bamako,499.4
2026-01-23,Riz Local (1kg),Bamako,470.3
2026-01-24,Riz Local (1kg),Bamako,518.4
2026-01-25,Riz Local (1kg),Bamako,483.2
2026-01-26,Riz Local (1kg),Bamako,458.1
2026-01-27,Riz Local (1kg),Bamako,453.8
2026-01-28,Riz Local (1kg),Bamako,478.5
2026-01-29,Riz Local (1kg),Bamako,466.2
2026-01-30,Riz Local (1kg),Bamako,480.8
2026-01-31,Riz Local (1kg),Bamako,476.2
2026-02-01,Riz Local (1kg),Bamako,466.5
2026-02-02,Riz Local (1kg),Bamako,453.2
2026-02-03,Riz Local (1kg),Bamako,441.6
2026-02-04,Riz Local (1kg),Bamako,458.5
2026-02-05,Riz Local (1kg),Bamako,479.3
2026-02-06,Riz Local (1kg),Bamako,468.2
2026-02-07,Riz Local (1kg),Bamako,443.7
2026-02-08,Riz Local (1kg),Bamako,466.5
2026-02-09,Riz Local (1kg),Bamako,469.5
2026-02-10,Riz Local (1kg),Bamako,448.2
2026-02-11,Riz Local (1kg),Bamako,464.8
2026-02-12,Riz Local (1kg),Bamako,462.8
2026-02-13,Riz Local (1kg),Bamako,442.7
2026-02-14,Riz Local (1kg),Bamako,466.9
2026-02-15,Riz Local (1kg),Bamako,469.9
2026-02-16,Riz Local (1kg),Bamako,478.2
2026-02-17,Riz Local (1kg),Bamako,477.4
2026-02-18,Riz Local (1kg),Bamako,437.3
2026-02-19,Riz Local (1kg),Bamako,444.3
2026-02-20,Riz Local (1kg),Bamako,467.9
2026-02-21,Riz Local (1kg),Bamako,467.6
2026-02-22,Riz Local (1kg),Bamako,467.5
2026-02-23,Riz Local (1kg),Bamako,522.0
2026-02-24,Riz Local (1kg),Bamako,468.2
2026-02-25,Riz Local (1kg),Bamako,477.3
2026-02-26,Riz Local (1kg),Bamako,474.3
2026-02-27,Riz Local (1kg),Bamako,469.3
2026-02-28,Riz Local (1kg),Bamako,453.5
2026-03-01,Riz Local (1kg),Bamako,471.1
2026-03-02,Riz Local (1kg),Bamako,446.0
2026-03-03,Riz Local (1kg),Bamako,454.9
2026-03-04,Riz Local (1kg),Bamako,450.9
2026-03-05,Riz Local (1kg),Bamako,460.3
2026-03-06,Riz Local (1kg),Bamako,497.1
2026-03-07,Riz Local (1kg),Bamako,428.7
2026-03-08,Riz Local (1kg),Bamako,470.8
2026-03-09,Riz Local (1kg),Bamako,433.3
2026-03-10,Riz Local (1kg),Bamako,452.3
2026-03-11,Riz Local (1kg),Bamako,478.1
2026-03-12,Riz Local (1kg),Bamako,461.6
2026-03-13,Riz Local (1kg),Bamako,443.2
2026-03-14,Riz Local (1kg),Bamako,449.5
2026-03-15,Riz Local (1kg),Bamako,472.8
2026-03-16,Riz Local (1kg),Bamako,450.1
2026-03-17,Riz Local (1kg),Bamako,466.0
2026-03-18,Riz Local (1kg),Bamako,463.7
2026-03-19,Riz Local (1kg),Bamako,452.7
2026-03-20,Riz Local (1kg),Bamako,499.0
2026-03-21,Riz Local (1kg),Bamako,474.8
2026-03-22,Riz Local (1kg),Bamako,431.8
2026-03-23,Riz Local (1kg),Bamako,468.6
2026-03-24,Riz Local (1kg),Bamako,455.3
2026-03-25,Riz Local (1kg),Bamako,480.7
2026-03-26,Riz Local (1kg),Bamako,454.4
2026-03-27,Riz Local (1kg),Bamako,466.2
2026-03-28,Riz Local (1kg),Bamako,477.0
2026-03-29,Riz Local (1kg),Bamako,483.7
2026-03-30,Riz Local (1kg),Bamako,450.6
2026-03-31,Riz Local (1kg),Bamako,465.5
2026-04-01,Riz Local (1kg),Bamako,464.0
2026-04-02,Riz Local (1kg),Bamako,461.9
2026-04-03,Riz Local (1kg),Bamako,502.3
2026-04-04,Riz Local (1kg),Bamako,480.9
2026-04-05,Riz Local (1kg),Bamako,454.5
2026-04-06,Riz Local (1kg),Bamako,491.0
2026-04-07,Riz Local (1kg),Bamako,511.7
2026-04-08,Riz Local (1kg),Bamako,494.7
2026-04-09,Riz Local (1kg),Bamako,453.9
2026-04-10,Riz Local (1kg),Bamako,471.8
2026-04-11,Riz Local (1kg),Bamako,501.5
2026-04-12,Riz Local (1kg),Bamako,470.2
2026-04-13,Riz Local (1kg),Bamako,490.1
2026-04-14,Riz Local (1kg),Bamako,496.5
2026-04-15,Riz Local (1kg),Bamako,469.7
2026-04-16,Riz Local (1kg),Bamako,485.0
2026-04-17,Riz Local (1kg),Bamako,434.0
2026-04-18,Riz Local (1kg),Bamako,471.4
2026-04-19,Riz Local (1kg),Bamako,485.2
2026-04-20,Riz Local (1kg),Bamako,470.0
2026-04-21,Riz Local (1kg),Bamako,518.4
2026-04-22,Riz Local (1kg),Bamako,469.4
2026-04-23,Riz Local (1kg),Bamako,486.8
2026-04-24,Riz Local (1kg),Bamako,497.4
2026-04-25,Riz Local (1kg),Bamako,520.1
2026-04-26,Riz Local (1kg),Bamako,474.2
2026-04-27,Riz Local (1kg),Bamako,518.1
2026-04-28,Riz Local (1kg),Bamako,500.4
2026-04-29,Riz Local (1kg),Bamako,485.5
2026-04-30,Riz Local (1kg),Bamako,510.4
2026-05-01,Riz Local (1kg),Bamako,507.4
2026-05-02,Riz Local (1kg),Bamako,495.7
2026-05-03,Riz Local (1kg),Bamako,508.0
2026-05-04,Riz Local (1kg),Bamako,501.9
2026-05-05,Riz Local (1kg),Bamako,511.4
2026-05-06,Riz Local (1kg),Bamako,521.8
2026-05-07,Riz Local (1kg),Bamako,538.3
2026-05-08,Riz Local (1kg),Bamako,493.4
2026-05-09,Riz Local (1kg),Bamako,550.0
2026-05-10,Riz Local (1kg),Bamako,484.5
2026-05-11,Riz Local (1kg),Bamako,515.4
2026-05-12,Riz Local (1kg),Bamako,529.0
2026-05-13,Riz Local (1kg),Bamako,525.4
2026-05-14,Riz Local (1kg),Bamako,512.0
2026-05-15,Riz Local (1kg),Bamako,520.3
2026-05-16,Riz Local (1kg),Bamako,517.1
2026-05-17,Riz Local (1kg),Bamako,517.0
2026-05-18,Riz Local (1kg),Bamako,542.0
2026-05-19,Riz Local (1kg),Bamako,535.4
2026-05-20,Riz Local (1kg),Bamako,519.7
2026-05-21,Riz Local (1kg),Bamako,547.3
2026-05-22,Riz Local (1kg),Bamako,539.0
2026-05-23,Riz Local (1kg),Bamako,548.8
2026-05-24,Riz Local (1kg),Bamako,547.3
2026-05-25,Riz Local (1kg),Bamako,524.9
2026-05-26,Riz Local (1kg),Bamako,530.8
2026-05-27,Riz Local (1kg),Bamako,553.7
2026-05-28,Riz Local (1kg),Bamako,553.0
2026-05-29,Riz Local (1kg),Bamako,544.2
2026-05-30,Riz Local (1kg),Bamako,547.9
2026-05-31,Riz Local (1kg),Bamako,568.4
2026-06-01,Riz Local (1kg),Bamako,539.3
2026-06-02,Riz Local (1kg),Bamako,559.5
2026-06-03,Riz Local (1kg),Bamako,548.7
2026-06-04,Riz Local (1kg),Bamako,549.9
2026-06-05,Riz Local (1kg),Bamako,573.0
2026-06-06,Riz Local (1kg),Bamako,570.0
2026-06-07,Riz Local (1kg),Bamako,571.3
2026-06-08,Riz Local (1kg),Bamako,580.9
2026-06-09,Riz Local (1kg),Bamako,561.3
2026-06-10,Riz Local (1kg),Bamako,573.6
2026-06-11,Riz Local (1kg),Bamako,558.8
2026-06-12,Riz Local (1kg),Bamako,570.7
2026-06-13,Riz Local (1kg),Bamako,564.7
2026-06-14,Riz Local (1kg),Bamako,569.9
2026-06-15,Riz Local (1kg),Bamako,579.5
2026-06-16,Riz Local (1kg),Bamako,557.8
2026-06-17,Riz Local (1kg),Bamako,606.9
2026-06-18,Riz Local (1kg),Bamako,557.6
2026-06-19,Riz Local (1kg),Bamako,555.6
2026-06-20,Riz Local (1kg),Bamako,595.9
2026-06-21,Riz Local (1kg),Bamako,591.3
2026-06-22,Riz Local (1kg),Bamako,589.9
2026-06-23,Riz Local (1kg),Bamako,591.4
2026-06-24,Riz Local (1kg),Bamako,582.2
2026-06-25,Riz Local (1kg),Bamako,569.1
2026-06-26,Riz Local (1kg),Bamako,586.4
2026-06-27,Riz Local (1kg),Bamako,575.4
2026-06-28,Riz Local (1kg),Bamako,603.8
2026-06-29,Riz Local (1kg),Bamako,586.7
2026-06-30,Riz Local (1kg),Bamako,576.9
2026-07-01,Riz Local (1kg),Bamako,586.5
2026-07-02,Riz Local (1kg),Bamako,599.8
2026-07-03,Riz Local (1kg),Bamako,585.0
2026-07-04,Riz Local (1kg),Bamako,582.0
2026-07-05,Riz Local (1kg),Bamako,600.7
2026-07-06,Riz Local (1kg),Bamako,602.0
2026-07-07,Riz Local (1kg),Bamako,590.9
2026-07-08,Riz Local (1kg),Bamako,592.6
2026-07-09,Riz Local (1kg),Bamako,605.3
2026-07-10,Riz Local (1kg),Bamako,578.9
2026-07-11,Riz Local (1kg),Bamako,580.7
2026-07-12,Riz Local (1kg),Bamako,593.2
2026-07-13,Riz Local (1kg),Bamako,602.5
2026-07-14,Riz Local (1kg),Bamako,612.2
2026-07-15,Riz Local (1kg),Bamako,632.3
2026-07-16,Riz Local (1kg),Bamako,623.3
2026-07-17,Riz Local (1kg),Bamako,607.6
2026-07-18,Riz Local (1kg),Bamako,610.9
2026-07-19,Riz Local (1kg),Bamako,595.8
2026-07-20,Riz Local (1kg),Bamako,612.9
2026-07-21,Riz Local (1kg),Bamako,609.4
2026-07-22,Riz Local (1kg),Bamako,620.4
2026-07-23,Riz Local (1kg),Bamako,602.5
2026-07-24,Riz Local (1kg),Bamako,625.4
2026-07-25,Riz Local (1kg),Bamako,642.9
2026-07-26,Riz Local (1kg),Bamako,616.8
2026-07-27,Riz Local (1kg),Bamako,626.0
2026-07-28,Riz Local (1kg),Bamako,631.5
2026-07-29,Riz Local (1kg),Bamako,614.4
2025-07-29,Riz Local (1kg),Sikasso,535.5
2025-07-30,Riz Local (1kg),Sikasso,533.1
2025-07-31,Riz Local (1kg),Sikasso,535.0
2025-08-01,Riz Local (1kg),Sikasso,523.3
2025-08-02,Riz Local (1kg),Sikasso,535.1
2025-08-03,Riz Local (1kg),Sikasso,542.4
2025-08-04,Riz Local (1kg),Sikasso,556.3
2025-08-05,Riz Local (1kg),Sikasso,549.9
2025-08-06,Riz Local (1kg),Sikasso,567.2
2025-08-07,Riz Local (1kg),Sikasso,526.7
2025-08-08,Riz Local (1kg),Sikasso,550.2
2025-08-09,Riz Local (1kg),Sikasso,541.0
2025-08-10,Riz Local (1kg),Sikasso,569.6
2025-08-11,Riz Local (1kg),Sikasso,527.9
2025-08-12,Riz Local (1kg),Sikasso,527.8
2025-08-13,Riz Local (1kg),Sikasso,531.6
2025-08-14,Riz Local (1kg),Sikasso,510.5
2025-08-15,Riz Local (1kg),Sikasso,533.3
2025-08-16,Riz Local (1kg),Sikasso,530.3
2025-08-17,Riz Local (1kg),Sikasso,543.3
2025-08-18,Riz Local (1kg),Sikasso,546.3
2025-08-19,Riz Local (1kg),Sikasso,568.1
2025-08-20,Riz Local (1kg),Sikasso,555.3
2025-08-21,Riz Local (1kg),Sikasso,534.0
2025-08-22,Riz Local (1kg),Sikasso,529.7
2025-08-23,Riz Local (1kg),Sikasso,549.4
2025-08-24,Riz Local (1kg),Sikasso,524.0
2025-08-25,Riz Local (1kg),Sikasso,568.4
2025-08-26,Riz Local (1kg),Sikasso,559.3
2025-08-27,Riz Local (1kg),Sikasso,536.2
2025-08-28,Riz Local (1kg),Sikasso,518.8
2025-08-29,Riz Local (1kg),Sikasso,561.9
2025-08-30,Riz Local (1kg),Sikasso,541.3
2025-08-31,Riz Local (1kg),Sikasso,560.2
2025-09-01,Riz Local (1kg),Sikasso,520.4
2025-09-02,Riz Local (1kg),Sikasso,534.3
2025-09-03,Riz Local (1kg),Sikasso,542.7
2025-09-04,Riz Local (1kg),Sikasso,543.2
2025-09-05,Riz Local (1kg),Sikasso,536.1
2025-09-06,Riz Local (1kg),Sikasso,551.0
2025-09-07,Riz Local (1kg),Sikasso,527.0
2025-09-08,Riz Local (1kg),Sikasso,539.8
2025-09-09,Riz Local (1kg),Sikasso,543.3
2025-09-10,Riz Local (1kg),Sikasso,548.6
2025-09-11,Riz Local (1kg),Sikasso,551.1
2025-09-12,Riz Local (1kg),Sikasso,525.0
2025-09-13,Riz Local (1kg),Sikasso,518.9
2025-09-14,Riz Local (1kg),Sikasso,558.1
2025-09-15,Riz Local (1kg),Sikasso,544.5
2025-09-16,Riz Local (1kg),Sikasso,528.9
2025-09-17,Riz Local (1kg),Sikasso,560.8
2025-09-18,Riz Local (1kg),Sikasso,540.2
2025-09-19,Riz Local (1kg),Sikasso,554.7
2025-09-20,Riz Local (1kg),Sikasso,538.6
2025-09-21,Riz Local (1kg),Sikasso,566.1
2025-09-22,Riz Local (1kg),Sikasso,561.4
2025-09-23,Riz Local (1kg),Sikasso,532.7
2025-09-24,Riz Local (1kg),Sikasso,549.3
2025-09-25,Riz Local (1kg),Sikasso,544.1
2025-09-26,Riz Local (1kg),Sikasso,553.7
2025-09-27,Riz Local (1kg),Sikasso,520.3
2025-09-28,Riz Local (1kg),Sikasso,542.9
2025-09-29,Riz Local (1kg),Sikasso,547.5
2025-09-30,Riz Local (1kg),Sikasso,507.3
2025-10-01,Riz Local (1kg),Sikasso,514.7
2025-10-02,Riz Local (1kg),Sikasso,502.0
2025-10-03,Riz Local (1kg),Sikasso,526.1
2025-10-04,Riz Local (1kg),Sikasso,539.2
2025-10-05,Riz Local (1kg),Sikasso,549.5
2025-10-06,Riz Local (1kg),Sikasso,528.7
2025-10-07,Riz Local (1kg),Sikasso,549.7
2025-10-08,Riz Local (1kg),Sikasso,506.6
2025-10-09,Riz Local (1kg),Sikasso,501.3
2025-10-10,Riz Local (1kg),Sikasso,523.6
2025-10-11,Riz Local (1kg),Sikasso,528.9
2025-10-12,Riz Local (1kg),Sikasso,522.2
2025-10-13,Riz Local (1kg),Sikasso,492.7
2025-10-14,Riz Local (1kg),Sikasso,519.6
2025-10-15,Riz Local (1kg),Sikasso,501.6
2025-10-16,Riz Local (1kg),Sikasso,528.4
2025-10-17,Riz Local (1kg),Sikasso,523.2
2025-10-18,Riz Local (1kg),Sikasso,503.9
2025-10-19,Riz Local (1kg),Sikasso,508.9
2025-10-20,Riz Local (1kg),Sikasso,500.2
2025-10-21,Riz Local (1kg),Sikasso,513.2
2025-10-22,Riz Local (1kg),Sikasso,526.5
2025-10-23,Riz Local (1kg),Sikasso,498.2
2025-10-24,Riz Local (1kg),Sikasso,518.0
2025-10-25,Riz Local (1kg),Sikasso,502.5
2025-10-26,Riz Local (1kg),Sikasso,497.7
2025-10-27,Riz Local (1kg),Sikasso,506.2
2025-10-28,Riz Local (1kg),Sikasso,492.1
2025-10-29,Riz Local (1kg),Sikasso,497.8
2025-10-30,Riz Local (1kg),Sikasso,487.6
2025-10-31,Riz Local (1kg),Sikasso,530.9
2025-11-01,Riz Local (1kg),Sikasso,502.6
2025-11-02,Riz Local (1kg),Sikasso,491.2
2025-11-03,Riz Local (1kg),Sikasso,502.8
2025-11-04,Riz Local (1kg),Sikasso,497.1
2025-11-05,Riz Local (1kg),Sikasso,494.4
2025-11-06,Riz Local (1kg),Sikasso,504.9
2025-11-07,Riz Local (1kg),Sikasso,505.7
2025-11-08,Riz Local (1kg),Sikasso,486.4
2025-11-09,Riz Local (1kg),Sikasso,484.6
2025-11-10,Riz Local (1kg),Sikasso,487.6
2025-11-11,Riz Local (1kg),Sikasso,457.9
2025-11-12,Riz Local (1kg),Sikasso,467.7
2025-11-13,Riz Local (1kg),Sikasso,506.9
2025-11-14,Riz Local (1kg),Sikasso,509.6
2025-11-15,Riz Local (1kg),Sikasso,481.7
2025-11-16,Riz Local (1kg),Sikasso,492.1
2025-11-17,Riz Local (1kg),Sikasso,487.1
2025-11-18,Riz Local (1kg),Sikasso,524.7
2025-11-19,Riz Local (1kg),Sikasso,495.9
2025-11-20,Riz Local (1kg),Sikasso,477.1
2025-11-21,Riz Local (1kg),Sikasso,464.2
2025-11-22,Riz Local (1kg),Sikasso,453.8
2025-11-23,Riz Local (1kg),Sikasso,477.9
2025-11-24,Riz Local (1kg),Sikasso,463.2
2025-11-25,Riz Local (1kg),Sikasso,452.5
2025-11-26,Riz Local (1kg),Sikasso,462.1
2025-11-27,Riz Local (1kg),Sikasso,454.7
2025-11-28,Riz Local (1kg),Sikasso,492.3
2025-11-29,Riz Local (1kg),Sikasso,479.7
2025-11-30,Riz Local (1kg),Sikasso,466.0
2025-12-01,Riz Local (1kg),Sikasso,485.6
2025-12-02,Riz Local (1kg),Sikasso,464.6
2025-12-03,Riz Local (1kg),Sikasso,450.1
2025-12-04,Riz Local (1kg),Sikasso,482.3
2025-12-05,Riz Local (1kg),Sikasso,467.2
2025-12-06,Riz Local (1kg),Sikasso,443.8
2025-12-07,Riz Local (1kg),Sikasso,454.4
2025-12-08,Riz Local (1kg),Sikasso,443.5
2025-12-09,Riz Local (1kg),Sikasso,435.1
2025-12-10,Riz Local (1kg),Sikasso,466.3
2025-12-11,Riz Local (1kg),Sikasso,478.8
2025-12-12,Riz Local (1kg),Sikasso,431.1
2025-12-13,Riz Local (1kg),Sikasso,457.4
2025-12-14,Riz Local (1kg),Sikasso,439.1
2025-12-15,Riz Local (1kg),Sikasso,440.2
2025-12-16,Riz Local (1kg),Sikasso,437.5
2025-12-17,Riz Local (1kg),Sikasso,432.4
2025-12-18,Riz Local (1kg),Sikasso,444.0
2025-12-19,Riz Local (1kg),Sikasso,430.5
2025-12-20,Riz Local (1kg),Sikasso,444.7
2025-12-21,Riz Local (1kg),Sikasso,439.0
2025-12-22,Riz Local (1kg),Sikasso,435.2
2025-12-23,Riz Local (1kg),Sikasso,424.6
2025-12-24,Riz Local (1kg),Sikasso,428.1
2025-12-25,Riz Local (1kg),Sikasso,445.6
2025-12-26,Riz Local (1kg),Sikasso,440.9
2025-12-27,Riz Local (1kg),Sikasso,419.0
2025-12-28,Riz Local (1kg),Sikasso,433.0
2025-12-29,Riz Local (1kg),Sikasso,441.0
2025-12-30,Riz Local (1kg),Sikasso,405.9
2025-12-31,Riz Local (1kg),Sikasso,435.9
2026-01-01,Riz Local (1kg),Sikasso,417.9
2026-01-02,Riz Local (1kg),Sikasso,434.1
2026-01-03,Riz Local (1kg),Sikasso,414.3
2026-01-04,Riz Local (1kg),Sikasso,398.6
2026-01-05,Riz Local (1kg),Sikasso,400.1
2026-01-06,Riz Local (1kg),Sikasso,422.6
2026-01-07,Riz Local (1kg),Sikasso,424.6
2026-01-08,Riz Local (1kg),Sikasso,407.2
2026-01-09,Riz Local (1kg),Sikasso,427.9
2026-01-10,Riz Local (1kg),Sikasso,394.6
2026-01-11,Riz Local (1kg),Sikasso,416.1
2026-01-12,Riz Local (1kg),Sikasso,399.1
2026-01-13,Riz Local (1kg),Sikasso,406.0
2026-01-14,Riz Local (1kg),Sikasso,414.9
2026-01-15,Riz Local (1kg),Sikasso,401.3
2026-01-16,Riz Local (1kg),Sikasso,407.1
2026-01-17,Riz Local (1kg),Sikasso,425.8
2026-01-18,Riz Local (1kg),Sikasso,402.7
2026-01-19,Riz Local (1kg),Sikasso,421.7
2026-01-20,Riz Local (1kg),Sikasso,393.3
2026-01-21,Riz Local (1kg),Sikasso,415.8
2026-01-22,Riz Local (1kg),Sikasso,427.9
2026-01-23,Riz Local (1kg),Sikasso,372.2
2026-01-24,Riz Local (1kg),Sikasso,394.9
2026-01-25,Riz Local (1kg),Sikasso,413.5
2026-01-26,Riz Local (1kg),Sikasso,401.9
2026-01-27,Riz Local (1kg),Sikasso,409.2
2026-01-28,Riz Local (1kg),Sikasso,394.9
2026-01-29,Riz Local (1kg),Sikasso,403.9
2026-01-30,Riz Local (1kg),Sikasso,399.9
2026-01-31,Riz Local (1kg),Sikasso,417.9
2026-02-01,Riz Local (1kg),Sikasso,404.5
2026-02-02,Riz Local (1kg),Sikasso,405.1
2026-02-03,Riz Local (1kg),Sikasso,394.0
2026-02-04,Riz Local (1kg),Sikasso,392.4
2026-02-05,Riz Local (1kg),Sikasso,392.7
2026-02-06,Riz Local (1kg),Sikasso,403.8
2026-02-07,Riz Local (1kg),Sikasso,391.9
2026-02-08,Riz Local (1kg),Sikasso,401.5
2026-02-09,Riz Local (1kg),Sikasso,426.1
2026-02-10,Riz Local (1kg),Sikasso,408.8
2026-02-11,Riz Local (1kg),Sikasso,391.6
2026-02-12,Riz Local (1kg),Sikasso,412.7
2026-02-13,Riz Local (1kg),Sikasso,389.8
2026-02-14,Riz Local (1kg),Sikasso,366.6
2026-02-15,Riz Local (1kg),Sikasso,380.8
2026-02-16,Riz Local (1kg),Sikasso,368.4
2026-02-17,Riz Local (1kg),Sikasso,389.5
2026-02-18,Riz Local (1kg),Sikasso,394.4
2026-02-19,Riz Local (1kg),Sikasso,417.5
2026-02-20,Riz Local (1kg),Sikasso,398.4
2026-02-21,Riz Local (1kg),Sikasso,390.5
2026-02-22,Riz Local (1kg),Sikasso,405.1
2026-02-23,Riz Local (1kg),Sikasso,362.3
2026-02-24,Riz Local (1kg),Sikasso,396.6
2026-02-25,Riz Local (1kg),Sikasso,404.0
2026-02-26,Riz Local (1kg),Sikasso,372.4
2026-02-27,Riz Local (1kg),Sikasso,409.2
2026-02-28,Riz Local (1kg),Sikasso,397.9
2026-03-01,Riz Local (1kg),Sikasso,387.3
2026-03-02,Riz Local (1kg),Sikasso,402.1
2026-03-03,Riz Local (1kg),Sikasso,425.1
2026-03-04,Riz Local (1kg),Sikasso,395.9
2026-03-05,Riz Local (1kg),Sikasso,396.9
2026-03-06,Riz Local (1kg),Sikasso,387.1
2026-03-07,Riz Local (1kg),Sikasso,381.8
2026-03-08,Riz Local (1kg),Sikasso,405.5
2026-03-09,Riz Local (1kg),Sikasso,382.0
2026-03-10,Riz Local (1kg),Sikasso,395.3
2026-03-11,Riz Local (1kg),Sikasso,387.8
2026-03-12,Riz Local (1kg),Sikasso,401.5
2026-03-13,Riz Local (1kg),Sikasso,399.7
2026-03-14,Riz Local (1kg),Sikasso,409.9
2026-03-15,Riz Local (1kg),Sikasso,388.5
2026-03-16,Riz Local (1kg),Sikasso,392.2
2026-03-17,Riz Local (1kg),Sikasso,382.7
2026-03-18,Riz Local (1kg),Sikasso,390.5
2026-03-19,Riz Local (1kg),Sikasso,402.5
2026-03-20,Riz Local (1kg),Sikasso,408.3
2026-03-21,Riz Local (1kg),Sikasso,385.1
2026-03-22,Riz Local (1kg),Sikasso,410.8
2026-03-23,Riz Local (1kg),Sikasso,418.1
2026-03-24,Riz Local (1kg),Sikasso,405.4
2026-03-25,Riz Local (1kg),Sikasso,426.4
2026-03-26,Riz Local (1kg),Sikasso,389.8
2026-03-27,Riz Local (1kg),Sikasso,383.7
2026-03-28,Riz Local (1kg),Sikasso,376.8
2026-03-29,Riz Local (1kg),Sikasso,423.4
2026-03-30,Riz Local (1kg),Sikasso,412.2
2026-03-31,Riz Local (1kg),Sikasso,402.9
2026-04-01,Riz Local (1kg),Sikasso,408.3
2026-04-02,Riz Local (1kg),Sikasso,389.3
2026-04-03,Riz Local (1kg),Sikasso,440.1
2026-04-04,Riz Local (1kg),Sikasso,408.3
2026-04-05,Riz Local (1kg),Sikasso,408.8
2026-04-06,Riz Local (1kg),Sikasso,418.2
2026-04-07,Riz Local (1kg),Sikasso,415.5
2026-04-08,Riz Local (1kg),Sikasso,412.7
2026-04-09,Riz Local (1kg),Sikasso,399.3
2026-04-10,Riz Local (1kg),Sikasso,417.8
2026-04-11,Riz Local (1kg),Sikasso,438.5
2026-04-12,Riz Local (1kg),Sikasso,431.8
2026-04-13,Riz Local (1kg),Sikasso,436.2
2026-04-14,Riz Local (1kg),Sikasso,407.5
2026-04-15,Riz Local (1kg),Sikasso,401.7
2026-04-16,Riz Local (1kg),Sikasso,414.8
2026-04-17,Riz Local (1kg),Sikasso,418.3
2026-04-18,Riz Local (1kg),Sikasso,433.8
2026-04-19,Riz Local (1kg),Sikasso,395.7
2026-04-20,Riz Local (1kg),Sikasso,441.9
2026-04-21,Riz Local (1kg),Sikasso,419.2
2026-04-22,Riz Local (1kg),Sikasso,416.4
2026-04-23,Riz Local (1kg),Sikasso,409.3
2026-04-24,Riz Local (1kg),Sikasso,401.3
2026-04-25,Riz Local (1kg),Sikasso,437.1
2026-04-26,Riz Local (1kg),Sikasso,427.7
2026-04-27,Riz Local (1kg),Sikasso,409.6
2026-04-28,Riz Local (1kg),Sikasso,410.6
2026-04-29,Riz Local (1kg),Sikasso,425.2
2026-04-30,Riz Local (1kg),Sikasso,454.5
2026-05-01,Riz Local (1kg),Sikasso,428.5
2026-05-02,Riz Local (1kg),Sikasso,412.2
2026-05-03,Riz Local (1kg),Sikasso,431.0
2026-05-04,Riz Local (1kg),Sikasso,431.8
2026-05-05,Riz Local (1kg),Sikasso,398.9
2026-05-06,Riz Local (1kg),Sikasso,437.2
2026-05-07,Riz Local (1kg),Sikasso,435.9
2026-05-08,Riz Local (1kg),Sikasso,450.1
2026-05-09,Riz Local (1kg),Sikasso,467.5
2026-05-10,Riz Local (1kg),Sikasso,458.5
2026-05-11,Riz Local (1kg),Sikasso,440.2
2026-05-12,Riz Local (1kg),Sikasso,429.6
2026-05-13,Riz Local (1kg),Sikasso,482.5
2026-05-14,Riz Local (1kg),Sikasso,448.5
2026-05-15,Riz Local (1kg),Sikasso,449.1
2026-05-16,Riz Local (1kg),Sikasso,449.8
2026-05-17,Riz Local (1kg),Sikasso,454.2
2026-05-18,Riz Local (1kg),Sikasso,450.6
2026-05-19,Riz Local (1kg),Sikasso,445.9
2026-05-20,Riz Local (1kg),Sikasso,447.5
2026-05-21,Riz Local (1kg),Sikasso,456.0
2026-05-22,Riz Local (1kg),Sikasso,450.1
2026-05-23,Riz Local (1kg),Sikasso,449.0
2026-05-24,Riz Local (1kg),Sikasso,461.8
2026-05-25,Riz Local (1kg),Sikasso,458.0
2026-05-26,Riz Local (1kg),Sikasso,484.0
2026-05-27,Riz Local (1kg),Sikasso,426.9
2026-05-28,Riz Local (1kg),Sikasso,480.7
2026-05-29,Riz Local (1kg),Sikasso,484.2
2026-05-30,Riz Local (1kg),Sikasso,438.9
2026-05-31,Riz Local (1kg),Sikasso,464.5
2026-06-01,Riz Local (1kg),Sikasso,465.4
2026-06-02,Riz Local (1kg),Sikasso,452.1
2026-06-03,Riz Local (1kg),Sikasso,462.2
2026-06-04,Riz Local (1kg),Sikasso,458.8
2026-06-05,Riz Local (1kg),Sikasso,500.3
2026-06-06,Riz Local (1kg),Sikasso,490.1
2026-06-07,Riz Local (1kg),Sikasso,496.1
2026-06-08,Riz Local (1kg),Sikasso,489.7
2026-06-09,Riz Local (1kg),Sikasso,465.0
2026-06-10,Riz Local (1kg),Sikasso,474.7
2026-06-11,Riz Local (1kg),Sikasso,490.2
2026-06-12,Riz Local (1kg),Sikasso,467.5
2026-06-13,Riz Local (1kg),Sikasso,495.9
2026-06-14,Riz Local (1kg),Sikasso,483.7
2026-06-15,Riz Local (1kg),Sikasso,483.1
2026-06-16,Riz Local (1kg),Sikasso,499.6
2026-06-17,Riz Local (1kg),Sikasso,497.1
2026-06-18,Riz Local (1kg),Sikasso,487.0
2026-06-19,Riz Local (1kg),Sikasso,509.6
2026-06-20,Riz Local (1kg),Sikasso,479.3
2026-06-21,Riz Local (1kg),Sikasso,504.3
2026-06-22,Riz Local (1kg),Sikasso,505.2
2026-06-23,Riz Local (1kg),Sikasso,493.7
2026-06-24,Riz Local (1kg),Sikasso,503.8
2026-06-25,Riz Local (1kg),Sikasso,482.8
2026-06-26,Riz Local (1kg),Sikasso,514.5
2026-06-27,Riz Local (1kg),Sikasso,500.1
2026-06-28,Riz Local (1kg),Sikasso,496.5
2026-06-29,Riz Local (1kg),Sikasso,519.7
2026-06-30,Riz Local (1kg),Sikasso,496.2
2026-07-01,Riz Local (1kg),Sikasso,487.4
2026-07-02,Riz Local (1kg),Sikasso,486.4
2026-07-03,Riz Local (1kg),Sikasso,517.9
2026-07-04,Riz Local (1kg),Sikasso,492.5
2026-07-05,Riz Local (1kg),Sikasso,536.1
2026-07-06,Riz Local (1kg),Sikasso,483.3
2026-07-07,Riz Local (1kg),Sikasso,537.4
2026-07-08,Riz Local (1kg),Sikasso,517.5
2026-07-09,Riz Local (1kg),Sikasso,514.2
2026-07-10,Riz Local (1kg),Sikasso,508.9
2026-07-11,Riz Local (1kg),Sikasso,523.1
2026-07-12,Riz Local (1kg),Sikasso,518.0
2026-07-13,Riz Local (1kg),Sikasso,534.9
2026-07-14,Riz Local (1kg),Sikasso,522.0
2026-07-15,Riz Local (1kg),Sikasso,523.4
2026-07-16,Riz Local (1kg),Sikasso,517.1
2026-07-17,Riz Local (1kg),Sikasso,522.3
2026-07-18,Riz Local (1kg),Sikasso,528.3
2026-07-19,Riz Local (1kg),Sikasso,500.8
2026-07-20,Riz Local (1kg),Sikasso,506.7
2026-07-21,Riz Local (1kg),Sikasso,536.9
2026-07-22,Riz Local (1kg),Sikasso,529.6
2026-07-23,Riz Local (1kg),Sikasso,525.4
2026-07-24,Riz Local (1kg),Sikasso,529.0
2026-07-25,Riz Local (1kg),Sikasso,534.4
2026-07-26,Riz Local (1kg),Sikasso,522.7
2026-07-27,Riz Local (1kg),Sikasso,520.0
2026-07-28,Riz Local (1kg),Sikasso,534.4
2026-07-29,Riz Local (1kg),Sikasso,518.6
2025-07-29,Riz Local (1kg),Mopti,597.8
2025-07-30,Riz Local (1kg),Mopti,565.6
2025-07-31,Riz Local (1kg),Mopti,608.9
2025-08-01,Riz Local (1kg),Mopti,600.9
2025-08-02,Riz Local (1kg),Mopti,598.2
2025-08-03,Riz Local (1kg),Mopti,610.2
2025-08-04,Riz Local (1kg),Mopti,621.4
2025-08-05,Riz Local (1kg),Mopti,611.9
2025-08-06,Riz Local (1kg),Mopti,567.9
2025-08-07,Riz Local (1kg),Mopti,577.2
2025-08-08,Riz Local (1kg),Mopti,587.9
2025-08-09,Riz Local (1kg),Mopti,598.6
2025-08-10,Riz Local (1kg),Mopti,606.7
2025-08-11,Riz Local (1kg),Mopti,587.8
2025-08-12,Riz Local (1kg),Mopti,602.5
2025-08-13,Riz Local (1kg),Mopti,588.2
2025-08-14,Riz Local (1kg),Mopti,590.8
2025-08-15,Riz Local (1kg),Mopti,578.8
2025-08-16,Riz Local (1kg),Mopti,586.6
2025-08-17,Riz Local (1kg),Mopti,580.3
2025-08-18,Riz Local (1kg),Mopti,586.4
2025-08-19,Riz Local (1kg),Mopti,618.3
2025-08-20,Riz Local (1kg),Mopti,587.3
2025-08-21,Riz Local (1kg),Mopti,643.4
2025-08-22,Riz Local (1kg),Mopti,610.2
2025-08-23,Riz Local (1kg),Mopti,605.6
2025-08-24,Riz Local (1kg),Mopti,589.5
2025-08-25,Riz Local (1kg),Mopti,613.9
2025-08-26,Riz Local (1kg),Mopti,594.1
2025-08-27,Riz Local (1kg),Mopti,605.0
2025-08-28,Riz Local (1kg),Mopti,643.1
2025-08-29,Riz Local (1kg),Mopti,601.7
2025-08-30,Riz Local (1kg),Mopti,621.1
2025-08-31,Riz Local (1kg),Mopti,592.2
2025-09-01,Riz Local (1kg),Mopti,602.6
2025-09-02,Riz Local (1kg),Mopti,630.7
2025-09-03,Riz Local (1kg),Mopti,593.1
2025-09-04,Riz Local (1kg),Mopti,631.1
2025-09-05,Riz Local (1kg),Mopti,613.7
2025-09-06,Riz Local (1kg),Mopti,593.7
2025-09-07,Riz Local (1kg),Mopti,612.1
2025-09-08,Riz Local (1kg),Mopti,617.2
2025-09-09,Riz Local (1kg),Mopti,611.5
2025-09-10,Riz Local (1kg),Mopti,577.0
2025-09-11,Riz Local (1kg),Mopti,589.9
2025-09-12,Riz Local (1kg),Mopti,597.0
2025-09-13,Riz Local (1kg),Mopti,599.4
2025-09-14,Riz Local (1kg),Mopti,609.8
2025-09-15,Riz Local (1kg),Mopti,602.5
2025-09-16,Riz Local (1kg),Mopti,578.5
2025-09-17,Riz Local (1kg),Mopti,604.8
2025-09-18,Riz Local (1kg),Mopti,608.0
2025-09-19,Riz Local (1kg),Mopti,606.7
2025-09-20,Riz Local (1kg),Mopti,614.3
2025-09-21,Riz Local (1kg),Mopti,609.9
2025-09-22,Riz Local (1kg),Mopti,603.5
2025-09-23,Riz Local (1kg),Mopti,594.7
2025-09-24,Riz Local (1kg),Mopti,569.2
2025-09-25,Riz Local (1kg),Mopti,601.2
2025-09-26,Riz Local (1kg),Mopti,597.1
2025-09-27,Riz Local (1kg),Mopti,597.5
2025-09-28,Riz Local (1kg),Mopti,572.6
2025-09-29,Riz Local (1kg),Mopti,574.9
2025-09-30,Riz Local (1kg),Mopti,607.5
2025-10-01,Riz Local (1kg),Mopti,589.7
2025-10-02,Riz Local (1kg),Mopti,600.2
2025-10-03,Riz Local (1kg),Mopti,589.2
2025-10-04,Riz Local (1kg),Mopti,588.4
2025-10-05,Riz Local (1kg),Mopti,601.7
2025-10-06,Riz Local (1kg),Mopti,578.2
2025-10-07,Riz Local (1kg),Mopti,586.9
2025-10-08,Riz Local (1kg),Mopti,577.3
2025-10-09,Riz Local (1kg),Mopti,576.8
2025-10-10,Riz Local (1kg),Mopti,577.8
2025-10-11,Riz Local (1kg),Mopti,585.1
2025-10-12,Riz Local (1kg),Mopti,573.2
2025-10-13,Riz Local (1kg),Mopti,599.3
2025-10-14,Riz Local (1kg),Mopti,564.7
2025-10-15,Riz Local (1kg),Mopti,574.8
2025-10-16,Riz Local (1kg),Mopti,569.8
2025-10-17,Riz Local (1kg),Mopti,598.2
2025-10-18,Riz Local (1kg),Mopti,577.6
2025-10-19,Riz Local (1kg),Mopti,589.5
2025-10-20,Riz Local (1kg),Mopti,549.1
2025-10-21,Riz Local (1kg),Mopti,575.4
2025-10-22,Riz Local (1kg),Mopti,583.9
2025-10-23,Riz Local (1kg),Mopti,570.2
2025-10-24,Riz Local (1kg),Mopti,584.4
2025-10-25,Riz Local (1kg),Mopti,558.5
2025-10-26,Riz Local (1kg),Mopti,587.3
2025-10-27,Riz Local (1kg),Mopti,600.0
2025-10-28,Riz Local (1kg),Mopti,557.3
2025-10-29,Riz Local (1kg),Mopti,554.8
2025-10-30,Riz Local (1kg),Mopti,583.1
2025-10-31,Riz Local (1kg),Mopti,583.8
2025-11-01,Riz Local (1kg),Mopti,549.8
2025-11-02,Riz Local (1kg),Mopti,550.1
2025-11-03,Riz Local (1kg),Mopti,551.0
2025-11-04,Riz Local (1kg),Mopti,533.1
2025-11-05,Riz Local (1kg),Mopti,538.4
2025-11-06,Riz Local (1kg),Mopti,535.8
2025-11-07,Riz Local (1kg),Mopti,538.1
2025-11-08,Riz Local (1kg),Mopti,548.2
2025-11-09,Riz Local (1kg),Mopti,551.1
2025-11-10,Riz Local (1kg),Mopti,570.2
2025-11-11,Riz Local (1kg),Mopti,529.1
2025-11-12,Riz Local (1kg),Mopti,558.7
2025-11-13,Riz Local (1kg),Mopti,538.6
2025-11-14,Riz Local (1kg),Mopti,539.8
2025-11-15,Riz Local (1kg),Mopti,549.7
2025-11-16,Riz Local (1kg),Mopti,520.3
2025-11-17,Riz Local (1kg),Mopti,542.3
2025-11-18,Riz Local (1kg),Mopti,537.6
2025-11-19,Riz Local (1kg),Mopti,541.2
2025-11-20,Riz Local (1kg),Mopti,536.6
2025-11-21,Riz Local (1kg),Mopti,569.0
2025-11-22,Riz Local (1kg),Mopti,519.3
2025-11-23,Riz Local (1kg),Mopti,519.6
2025-11-24,Riz Local (1kg),Mopti,516.7
2025-11-25,Riz Local (1kg),Mopti,516.3
2025-11-26,Riz Local (1kg),Mopti,513.6
2025-11-27,Riz Local (1kg),Mopti,540.7
2025-11-28,Riz Local (1kg),Mopti,542.9
2025-11-29,Riz Local (1kg),Mopti,510.4
2025-11-30,Riz Local (1kg),Mopti,504.9
2025-12-01,Riz Local (1kg),Mopti,523.8
2025-12-02,Riz Local (1kg),Mopti,506.4
2025-12-03,Riz Local (1kg),Mopti,523.4
2025-12-04,Riz Local (1kg),Mopti,515.3
2025-12-05,Riz Local (1kg),Mopti,487.1
2025-12-06,Riz Local (1kg),Mopti,533.4
2025-12-07,Riz Local (1kg),Mopti,535.9
2025-12-08,Riz Local (1kg),Mopti,496.9
2025-12-09,Riz Local (1kg),Mopti,499.0
2025-12-10,Riz Local (1kg),Mopti,508.1
2025-12-11,Riz Local (1kg),Mopti,507.5
2025-12-12,Riz Local (1kg),Mopti,511.1
2025-12-13,Riz Local (1kg),Mopti,530.8
2025-12-14,Riz Local (1kg),Mopti,495.3
2025-12-15,Riz Local (1kg),Mopti,484.2
2025-12-16,Riz Local (1kg),Mopti,473.8
2025-12-17,Riz Local (1kg),Mopti,482.5
2025-12-18,Riz Local (1kg),Mopti,492.1
2025-12-19,Riz Local (1kg),Mopti,519.2
2025-12-20,Riz Local (1kg),Mopti,481.8
2025-12-21,Riz Local (1kg),Mopti,492.1
2025-12-22,Riz Local (1kg),Mopti,487.0
2025-12-23,Riz Local (1kg),Mopti,504.5
2025-12-24,Riz Local (1kg),Mopti,524.1
2025-12-25,Riz Local (1kg),Mopti,475.1
2025-12-26,Riz Local (1kg),Mopti,474.4
2025-12-27,Riz Local (1kg),Mopti,497.1
2025-12-28,Riz Local (1kg),Mopti,490.2
2025-12-29,Riz Local (1kg),Mopti,507.1
2025-12-30,Riz Local (1kg),Mopti,486.2
2025-12-31,Riz Local (1kg),Mopti,470.2
2026-01-01,Riz Local (1kg),Mopti,483.9
2026-01-02,Riz Local (1kg),Mopti,490.7
2026-01-03,Riz Local (1kg),Mopti,485.1
2026-01-04,Riz Local (1kg),Mopti,479.0
2026-01-05,Riz Local (1kg),Mopti,486.6
2026-01-06,Riz Local (1kg),Mopti,487.0
2026-01-07,Riz Local (1kg),Mopti,489.2
2026-01-08,Riz Local (1kg),Mopti,476.7
2026-01-09,Riz Local (1kg),Mopti,462.9
2026-01-10,Riz Local (1kg),Mopti,466.7
2026-01-11,Riz Local (1kg),Mopti,482.2
2026-01-12,Riz Local (1kg),Mopti,449.6
2026-01-13,Riz Local (1kg),Mopti,467.0
2026-01-14,Riz Local (1kg),Mopti,454.2
2026-01-15,Riz Local (1kg),Mopti,459.7
2026-01-16,Riz Local (1kg),Mopti,478.3
2026-01-17,Riz Local (1kg),Mopti,460.4
2026-01-18,Riz Local (1kg),Mopti,457.2
2026-01-19,Riz Local (1kg),Mopti,434.3
2026-01-20,Riz Local (1kg),Mopti,466.3
2026-01-21,Riz Local (1kg),Mopti,463.8
2026-01-22,Riz Local (1kg),Mopti,486.6
2026-01-23,Riz Local (1kg),Mopti,447.3
2026-01-24,Riz Local (1kg),Mopti,454.7
2026-01-25,Riz Local (1kg),Mopti,454.3
2026-01-26,Riz Local (1kg),Mopti,474.3
2026-01-27,Riz Local (1kg),Mopti,447.4
2026-01-28,Riz Local (1kg),Mopti,452.5
2026-01-29,Riz Local (1kg),Mopti,457.0
2026-01-30,Riz Local (1kg),Mopti,449.7
2026-01-31,Riz Local (1kg),Mopti,439.1
2026-02-01,Riz Local (1kg),Mopti,448.5
2026-02-02,Riz Local (1kg),Mopti,461.6
2026-02-03,Riz Local (1kg),Mopti,428.2
2026-02-04,Riz Local (1kg),Mopti,445.7
2026-02-05,Riz Local (1kg),Mopti,432.2
2026-02-06,Riz Local (1kg),Mopti,461.2
2026-02-07,Riz Local (1kg),Mopti,418.3
2026-02-08,Riz Local (1kg),Mopti,432.8
2026-02-09,Riz Local (1kg),Mopti,447.0
2026-02-10,Riz Local (1kg),Mopti,465.1
2026-02-11,Riz Local (1kg),Mopti,439.2
2026-02-12,Riz Local (1kg),Mopti,431.2
2026-02-13,Riz Local (1kg),Mopti,468.8
2026-02-14,Riz Local (1kg),Mopti,416.5
2026-02-15,Riz Local (1kg),Mopti,404.5
2026-02-16,Riz Local (1kg),Mopti,445.4
2026-02-17,Riz Local (1kg),Mopti,430.4
2026-02-18,Riz Local (1kg),Mopti,422.0
2026-02-19,Riz Local (1kg),Mopti,448.8
2026-02-20,Riz Local (1kg),Mopti,441.3
2026-02-21,Riz Local (1kg),Mopti,428.6
2026-02-22,Riz Local (1kg),Mopti,417.2
2026-02-23,Riz Local (1kg),Mopti,450.7
2026-02-24,Riz Local (1kg),Mopti,447.1
2026-02-25,Riz Local (1kg),Mopti,435.3
2026-02-26,Riz Local (1kg),Mopti,465.6
2026-02-27,Riz Local (1kg),Mopti,420.1
2026-02-28,Riz Local (1kg),Mopti,413.0
2026-03-01,Riz Local (1kg),Mopti,426.0
2026-03-02,Riz Local (1kg),Mopti,436.2
2026-03-03,Riz Local (1kg),Mopti,440.7
2026-03-04,Riz Local (1kg),Mopti,433.3
2026-03-05,Riz Local (1kg),Mopti,442.6
2026-03-06,Riz Local (1kg),Mopti,417.8
2026-03-07,Riz Local (1kg),Mopti,460.0
2026-03-08,Riz Local (1kg),Mopti,436.4
2026-03-09,Riz Local (1kg),Mopti,455.3
2026-03-10,Riz Local (1kg),Mopti,443.4
2026-03-11,Riz Local (1kg),Mopti,445.5
2026-03-12,Riz Local (1kg),Mopti,447.5
2026-03-13,Riz Local (1kg),Mopti,445.9
2026-03-14,Riz Local (1kg),Mopti,449.3
2026-03-15,Riz Local (1kg),Mopti,460.4
2026-03-16,Riz Local (1kg),Mopti,443.1
2026-03-17,Riz Local (1kg),Mopti,451.5
2026-03-18,Riz Local (1kg),Mopti,439.5
2026-03-19,Riz Local (1kg),Mopti,463.8
2026-03-20,Riz Local (1kg),Mopti,431.3
2026-03-21,Riz Local (1kg),Mopti,470.4
2026-03-22,Riz Local (1kg),Mopti,442.2
2026-03-23,Riz Local (1kg),Mopti,421.1
2026-03-24,Riz Local (1kg),Mopti,445.9
2026-03-25,Riz Local (1kg),Mopti,433.9
2026-03-26,Riz Local (1kg),Mopti,458.3
2026-03-27,Riz Local (1kg),Mopti,435.6
2026-03-28,Riz Local (1kg),Mopti,439.5
2026-03-29,Riz Local (1kg),Mopti,417.6
2026-03-30,Riz Local (1kg),Mopti,440.8
2026-03-31,Riz Local (1kg),Mopti,410.7
2026-04-01,Riz Local (1kg),Mopti,424.6
2026-04-02,Riz Local (1kg),Mopti,461.9
2026-04-03,Riz Local (1kg),Mopti,463.1
2026-04-04,Riz Local (1kg),Mopti,458.3
2026-04-05,Riz Local (1kg),Mopti,437.4
2026-04-06,Riz Local (1kg),Mopti,452.6
2026-04-07,Riz Local (1kg),Mopti,454.1
2026-04-08,Riz Local (1kg),Mopti,437.0
2026-04-09,Riz Local (1kg),Mopti,479.4
2026-04-10,Riz Local (1kg),Mopti,470.6
2026-04-11,Riz Local (1kg),Mopti,454.4
2026-04-12,Riz Local (1kg),Mopti,459.2
2026-04-13,Riz Local (1kg),Mopti,463.0
2026-04-14,Riz Local (1kg),Mopti,428.9
2026-04-15,Riz Local (1kg),Mopti,457.9
2026-04-16,Riz Local (1kg),Mopti,452.2
2026-04-17,Riz Local (1kg),Mopti,448.3
2026-04-18,Riz Local (1kg),Mopti,460.6
2026-04-19,Riz Local (1kg),Mopti,494.1
2026-04-20,Riz Local (1kg),Mopti,477.1
2026-04-21,Riz Local (1kg),Mopti,459.3
2026-04-22,Riz Local (1kg),Mopti,478.3
2026-04-23,Riz Local (1kg),Mopti,492.3
2026-04-24,Riz Local (1kg),Mopti,486.1
2026-04-25,Riz Local (1kg),Mopti,473.8
2026-04-26,Riz Local (1kg),Mopti,463.9
2026-04-27,Riz Local (1kg),Mopti,486.1
2026-04-28,Riz Local (1kg),Mopti,482.6
2026-04-29,Riz Local (1kg),Mopti,491.6
2026-04-30,Riz Local (1kg),Mopti,488.8
2026-05-01,Riz Local (1kg),Mopti,496.5
2026-05-02,Riz Local (1kg),Mopti,473.1
2026-05-03,Riz Local (1kg),Mopti,503.3
2026-05-04,Riz Local (1kg),Mopti,487.1
2026-05-05,Riz Local (1kg),Mopti,517.7
2026-05-06,Riz Local (1kg),Mopti,475.8
2026-05-07,Riz Local (1kg),Mopti,515.0
2026-05-08,Riz Local (1kg),Mopti,492.3
2026-05-09,Riz Local (1kg),Mopti,480.4
2026-05-10,Riz Local (1kg),Mopti,484.4
2026-05-11,Riz Local (1kg),Mopti,488.3
2026-05-12,Riz Local (1kg),Mopti,501.2
2026-05-13,Riz Local (1kg),Mopti,504.2
2026-05-14,Riz Local (1kg),Mopti,488.4
2026-05-15,Riz Local (1kg),Mopti,498.4
2026-05-16,Riz Local (1kg),Mopti,533.6
2026-05-17,Riz Local (1kg),Mopti,528.5
2026-05-18,Riz Local (1kg),Mopti,509.7
2026-05-19,Riz Local (1kg),Mopti,504.9
2026-05-20,Riz Local (1kg),Mopti,507.6
2026-05-21,Riz Local (1kg),Mopti,516.7
2026-05-22,Riz Local (1kg),Mopti,492.6
2026-05-23,Riz Local (1kg),Mopti,506.0
2026-05-24,Riz Local (1kg),Mopti,485.4
2026-05-25,Riz Local (1kg),Mopti,519.1
2026-05-26,Riz Local (1kg),Mopti,524.4
2026-05-27,Riz Local (1kg),Mopti,508.2
2026-05-28,Riz Local (1kg),Mopti,541.7
2026-05-29,Riz Local (1kg),Mopti,499.4
2026-05-30,Riz Local (1kg),Mopti,497.2
2026-05-31,Riz Local (1kg),Mopti,524.9
2026-06-01,Riz Local (1kg),Mopti,539.2
2026-06-02,Riz Local (1kg),Mopti,550.6
2026-06-03,Riz Local (1kg),Mopti,518.6
2026-06-04,Riz Local (1kg),Mopti,544.0
2026-06-05,Riz Local (1kg),Mopti,528.0
2026-06-06,Riz Local (1kg),Mopti,527.3
2026-06-07,Riz Local (1kg),Mopti,545.2
2026-06-08,Riz Local (1kg),Mopti,543.0
2026-06-09,Riz Local (1kg),Mopti,509.7
2026-06-10,Riz Local (1kg),Mopti,558.7
2026-06-11,Riz Local (1kg),Mopti,558.6
2026-06-12,Riz Local (1kg),Mopti,528.7
2026-06-13,Riz Local (1kg),Mopti,546.0
2026-06-14,Riz Local (1kg),Mopti,549.0
2026-06-15,Riz Local (1kg),Mopti,546.7
2026-06-16,Riz Local (1kg),Mopti,535.4
2026-06-17,Riz Local (1kg),Mopti,534.9
2026-06-18,Riz Local (1kg),Mopti,546.3
2026-06-19,Riz Local (1kg),Mopti,566.4
2026-06-20,Riz Local (1kg),Mopti,557.9
2026-06-21,Riz Local (1kg),Mopti,545.0
2026-06-22,Riz Local (1kg),Mopti,564.1
2026-06-23,Riz Local (1kg),Mopti,509.0
2026-06-24,Riz Local (1kg),Mopti,572.6
2026-06-25,Riz Local (1kg),Mopti,528.9
2026-06-26,Riz Local (1kg),Mopti,551.6
2026-06-27,Riz Local (1kg),Mopti,541.1
2026-06-28,Riz Local (1kg),Mopti,539.6
2026-06-29,Riz Local (1kg),Mopti,579.2
2026-06-30,Riz Local (1kg),Mopti,555.0
2026-07-01,Riz Local (1kg),Mopti,569.0
2026-07-02,Riz Local (1kg),Mopti,564.0
2026-07-03,Riz Local (1kg),Mopti,573.4
2026-07-04,Riz Local (1kg),Mopti,568.3
2026-07-05,Riz Local (1kg),Mopti,548.3
2026-07-06,Riz Local (1kg),Mopti,585.0
2026-07-07,Riz Local (1kg),Mopti,562.9
2026-07-08,Riz Local (1kg),Mopti,547.5
2026-07-09,Riz Local (1kg),Mopti,566.2
2026-07-10,Riz Local (1kg),Mopti,597.4
2026-07-11,Riz Local (1kg),Mopti,588.3
2026-07-12,Riz Local (1kg),Mopti,570.7
2026-07-13,Riz Local (1kg),Mopti,571.7
2026-07-14,Riz Local (1kg),Mopti,573.2
2026-07-15,Riz Local (1kg),Mopti,611.6
2026-07-16,Riz Local (1kg),Mopti,586.2
2026-07-17,Riz Local (1kg),Mopti,587.9
2026-07-18,Riz Local (1kg),Mopti,598.2
2026-07-19,Riz Local (1kg),Mopti,586.8
2026-07-20,Riz Local (1kg),Mopti,580.0
2026-07-21,Riz Local (1kg),Mopti,581.9
2026-07-22,Riz Local (1kg),Mopti,584.7
2026-07-23,Riz Local (1kg),Mopti,586.1
2026-07-24,Riz Local (1kg),Mopti,598.9
2026-07-25,Riz Local (1kg),Mopti,589.2
2026-07-26,Riz Local (1kg),Mopti,600.6
2026-07-27,Riz Local (1kg),Mopti,588.7
2026-07-28,Riz Local (1kg),Mopti,591.9
2026-07-29,Riz Local (1kg),Mopti,560.3
2025-07-29,Riz Local (1kg),Kayes,696.6
2025-07-30,Riz Local (1kg),Kayes,687.2
2025-07-31,Riz Local (1kg),Kayes,699.7
2025-08-01,Riz Local (1kg),Kayes,630.6
2025-08-02,Riz Local (1kg),Kayes,720.8
2025-08-03,Riz Local (1kg),Kayes,681.6
2025-08-04,Riz Local (1kg),Kayes,704.7
2025-08-05,Riz Local (1kg),Kayes,666.8
2025-08-06,Riz Local (1kg),Kayes,697.1
2025-08-07,Riz Local (1kg),Kayes,667.8
2025-08-08,Riz Local (1kg),Kayes,676.2
2025-08-09,Riz Local (1kg),Kayes,722.3
2025-08-10,Riz Local (1kg),Kayes,685.1
2025-08-11,Riz Local (1kg),Kayes,692.9
2025-08-12,Riz Local (1kg),Kayes,705.1
2025-08-13,Riz Local (1kg),Kayes,698.9
2025-08-14,Riz Local (1kg),Kayes,693.1
2025-08-15,Riz Local (1kg),Kayes,697.4
2025-08-16,Riz Local (1kg),Kayes,734.3
2025-08-17,Riz Local (1kg),Kayes,690.5
2025-08-18,Riz Local (1kg),Kayes,695.5
2025-08-19,Riz Local (1kg),Kayes,711.0
2025-08-20,Riz Local (1kg),Kayes,712.3
2025-08-21,Riz Local (1kg),Kayes,714.0
2025-08-22,Riz Local (1kg),Kayes,704.4
2025-08-23,Riz Local (1kg),Kayes,672.6
2025-08-24,Riz Local (1kg),Kayes,722.6
2025-08-25,Riz Local (1kg),Kayes,672.9
2025-08-26,Riz Local (1kg),Kayes,699.0
2025-08-27,Riz Local (1kg),Kayes,680.1
2025-08-28,Riz Local (1kg),Kayes,692.5
2025-08-29,Riz Local (1kg),Kayes,699.6
2025-08-30,Riz Local (1kg),Kayes,699.4
2025-08-31,Riz Local (1kg),Kayes,701.2
2025-09-01,Riz Local (1kg),Kayes,722.5
2025-09-02,Riz Local (1kg),Kayes,701.6
2025-09-03,Riz Local (1kg),Kayes,689.0
2025-09-04,Riz Local (1kg),Kayes,710.5
2025-09-05,Riz Local (1kg),Kayes,714.4
2025-09-06,Riz Local (1kg),Kayes,670.8
2025-09-07,Riz Local (1kg),Kayes,703.3
2025-09-08,Riz Local (1kg),Kayes,704.9
2025-09-09,Riz Local (1kg),Kayes,686.7
2025-09-10,Riz Local (1kg),Kayes,716.4
2025-09-11,Riz Local (1kg),Kayes,688.7
2025-09-12,Riz Local (1kg),Kayes,693.3
2025-09-13,Riz Local (1kg),Kayes,687.5
2025-09-14,Riz Local (1kg),Kayes,690.5
2025-09-15,Riz Local (1kg),Kayes,670.1
2025-09-16,Riz Local (1kg),Kayes,663.4
2025-09-17,Riz Local (1kg),Kayes,717.3
2025-09-18,Riz Local (1kg),Kayes,673.0
2025-09-19,Riz Local (1kg),Kayes,669.9
2025-09-20,Riz Local (1kg),Kayes,648.4
2025-09-21,Riz Local (1kg),Kayes,675.0
2025-09-22,Riz Local (1kg),Kayes,662.1
2025-09-23,Riz Local (1kg),Kayes,714.6
2025-09-24,Riz Local (1kg),Kayes,702.5
2025-09-25,Riz Local (1kg),Kayes,671.4
2025-09-26,Riz Local (1kg),Kayes,723.4
2025-09-27,Riz Local (1kg),Kayes,699.8
2025-09-28,Riz Local (1kg),Kayes,675.6
2025-09-29,Riz Local (1kg),Kayes,635.7
2025-09-30,Riz Local (1kg),Kayes,720.8
2025-10-01,Riz Local (1kg),Kayes,653.9
2025-10-02,Riz Local (1kg),Kayes,648.5
2025-10-03,Riz Local (1kg),Kayes,695.4
2025-10-04,Riz Local (1kg),Kayes,719.9
2025-10-05,Riz Local (1kg),Kayes,700.0
2025-10-06,Riz Local (1kg),Kayes,684.3
2025-10-07,Riz Local (1kg),Kayes,683.8
2025-10-08,Riz Local (1kg),Kayes,687.5
2025-10-09,Riz Local (1kg),Kayes,684.7
2025-10-10,Riz Local (1kg),Kayes,675.1
2025-10-11,Riz Local (1kg),Kayes,670.8
2025-10-12,Riz Local (1kg),Kayes,666.7
2025-10-13,Riz Local (1kg),Kayes,653.1
2025-10-14,Riz Local (1kg),Kayes,660.5
2025-10-15,Riz Local (1kg),Kayes,634.0
2025-10-16,Riz Local (1kg),Kayes,661.4
2025-10-17,Riz Local (1kg),Kayes,644.2
2025-10-18,Riz Local (1kg),Kayes,640.9
2025-10-19,Riz Local (1kg),Kayes,662.7
2025-10-20,Riz Local (1kg),Kayes,683.1
2025-10-21,Riz Local (1kg),Kayes,673.3
2025-10-22,Riz Local (1kg),Kayes,627.4
2025-10-23,Riz Local (1kg),Kayes,636.5
2025-10-24,Riz Local (1kg),Kayes,669.8
2025-10-25,Riz Local (1kg),Kayes,633.9
2025-10-26,Riz Local (1kg),Kayes,646.1
2025-10-27,Riz Local (1kg),Kayes,658.6
2025-10-28,Riz Local (1kg),Kayes,630.0
2025-10-29,Riz Local (1kg),Kayes,647.8
2025-10-30,Riz Local (1kg),Kayes,620.6
2025-10-31,Riz Local (1kg),Kayes,632.3
2025-11-01,Riz Local (1kg),Kayes,647.4
2025-11-02,Riz Local (1kg),Kayes,611.6
2025-11-03,Riz Local (1kg),Kayes,646.6
2025-11-04,Riz Local (1kg),Kayes,636.8
2025-11-05,Riz Local (1kg),Kayes,645.6
2025-11-06,Riz Local (1kg),Kayes,638.2
2025-11-07,Riz Local (1kg),Kayes,657.1
2025-11-08,Riz Local (1kg),Kayes,633.3
2025-11-09,Riz Local (1kg),Kayes,621.8
2025-11-10,Riz Local (1kg),Kayes,630.2
2025-11-11,Riz Local (1kg),Kayes,636.1
2025-11-12,Riz Local (1kg),Kayes,625.7
2025-11-13,Riz Local (1kg),Kayes,624.0
2025-11-14,Riz Local (1kg),Kayes,609.0
2025-11-15,Riz Local (1kg),Kayes,608.1
2025-11-16,Riz Local (1kg),Kayes,593.3
2025-11-17,Riz Local (1kg),Kayes,648.2
2025-11-18,Riz Local (1kg),Kayes,592.9
2025-11-19,Riz Local (1kg),Kayes,601.1
2025-11-20,Riz Local (1kg),Kayes,599.1
2025-11-21,Riz Local (1kg),Kayes,626.4
2025-11-22,Riz Local (1kg),Kayes,603.4
2025-11-23,Riz Local (1kg),Kayes,629.4
2025-11-24,Riz Local (1kg),Kayes,593.3
2025-11-25,Riz Local (1kg),Kayes,608.8
2025-11-26,Riz Local (1kg),Kayes,587.1
2025-11-27,Riz Local (1kg),Kayes,639.0
2025-11-28,Riz Local (1kg),Kayes,577.5
2025-11-29,Riz Local (1kg),Kayes,602.7
2025-11-30,Riz Local (1kg),Kayes,606.9
2025-12-01,Riz Local (1kg),Kayes,601.3
2025-12-02,Riz Local (1kg),Kayes,588.9
2025-12-03,Riz Local (1kg),Kayes,588.3
2025-12-04,Riz Local (1kg),Kayes,589.7
2025-12-05,Riz Local (1kg),Kayes,584.7
2025-12-06,Riz Local (1kg),Kayes,603.0
2025-12-07,Riz Local (1kg),Kayes,623.7
2025-12-08,Riz Local (1kg),Kayes,572.4
2025-12-09,Riz Local (1kg),Kayes,556.2
2025-12-10,Riz Local (1kg),Kayes,577.6
2025-12-11,Riz Local (1kg),Kayes,623.9
2025-12-12,Riz Local (1kg),Kayes,561.5
2025-12-13,Riz Local (1kg),Kayes,603.8
2025-12-14,Riz Local (1kg),Kayes,602.9
2025-12-15,Riz Local (1kg),Kayes,561.3
2025-12-16,Riz Local (1kg),Kayes,579.8
2025-12-17,Riz Local (1kg),Kayes,597.3
2025-12-18,Riz Local (1kg),Kayes,559.7
2025-12-19,Riz Local (1kg),Kayes,561.3
2025-12-20,Riz Local (1kg),Kayes,553.0
2025-12-21,Riz Local (1kg),Kayes,543.7
2025-12-22,Riz Local (1kg),Kayes,548.7
2025-12-23,Riz Local (1kg),Kayes,536.9
2025-12-24,Riz Local (1kg),Kayes,557.9
2025-12-25,Riz Local (1kg),Kayes,542.0
2025-12-26,Riz Local (1kg),Kayes,558.6
2025-12-27,Riz Local (1kg),Kayes,525.0
2025-12-28,Riz Local (1kg),Kayes,557.4
2025-12-29,Riz Local (1kg),Kayes,565.0
2025-12-30,Riz Local (1kg),Kayes,512.9
2025-12-31,Riz Local (1kg),Kayes,553.9
2026-01-01,Riz Local (1kg),Kayes,567.9
2026-01-02,Riz Local (1kg),Kayes,522.8
2026-01-03,Riz Local (1kg),Kayes,573.1
2026-01-04,Riz Local (1kg),Kayes,549.3
2026-01-05,Riz Local (1kg),Kayes,527.8
2026-01-06,Riz Local (1kg),Kayes,538.1
2026-01-07,Riz Local (1kg),Kayes,547.9
2026-01-08,Riz Local (1kg),Kayes,537.9
2026-01-09,Riz Local (1kg),Kayes,545.0
2026-01-10,Riz Local (1kg),Kayes,517.6
2026-01-11,Riz Local (1kg),Kayes,535.9
2026-01-12,Riz Local (1kg),Kayes,506.3
2026-01-13,Riz Local (1kg),Kayes,528.5
2026-01-14,Riz Local (1kg),Kayes,513.1
2026-01-15,Riz Local (1kg),Kayes,515.0
2026-01-16,Riz Local (1kg),Kayes,549.3
2026-01-17,Riz Local (1kg),Kayes,545.6
2026-01-18,Riz Local (1kg),Kayes,535.8
2026-01-19,Riz Local (1kg),Kayes,504.3
2026-01-20,Riz Local (1kg),Kayes,517.2
2026-01-21,Riz Local (1kg),Kayes,543.6
2026-01-22,Riz Local (1kg),Kayes,523.4
2026-01-23,Riz Local (1kg),Kayes,561.5
2026-01-24,Riz Local (1kg),Kayes,526.0
2026-01-25,Riz Local (1kg),Kayes,521.5
2026-01-26,Riz Local (1kg),Kayes,511.6
2026-01-27,Riz Local (1kg),Kayes,518.7
2026-01-28,Riz Local (1kg),Kayes,512.7
2026-01-29,Riz Local (1kg),Kayes,527.3
2026-01-30,Riz Local (1kg),Kayes,531.0
2026-01-31,Riz Local (1kg),Kayes,498.9
2026-02-01,Riz Local (1kg),Kayes,488.4
2026-02-02,Riz Local (1kg),Kayes,478.6
2026-02-03,Riz Local (1kg),Kayes,520.0
2026-02-04,Riz Local (1kg),Kayes,490.4
2026-02-05,Riz Local (1kg),Kayes,470.9
2026-02-06,Riz Local (1kg),Kayes,515.9
2026-02-07,Riz Local (1kg),Kayes,553.1
2026-02-08,Riz Local (1kg),Kayes,507.7
2026-02-09,Riz Local (1kg),Kayes,522.3
2026-02-10,Riz Local (1kg),Kayes,508.2
2026-02-11,Riz Local (1kg),Kayes,504.5
2026-02-12,Riz Local (1kg),Kayes,522.3
2026-02-13,Riz Local (1kg),Kayes,500.2
2026-02-14,Riz Local (1kg),Kayes,509.8
2026-02-15,Riz Local (1kg),Kayes,510.4
2026-02-16,Riz Local (1kg),Kayes,492.3
2026-02-17,Riz Local (1kg),Kayes,521.8
2026-02-18,Riz Local (1kg),Kayes,500.5
2026-02-19,Riz Local (1kg),Kayes,489.8
2026-02-20,Riz Local (1kg),Kayes,512.8
2026-02-21,Riz Local (1kg),Kayes,486.8
2026-02-22,Riz Local (1kg),Kayes,503.3
2026-02-23,Riz Local (1kg),Kayes,502.5
2026-02-24,Riz Local (1kg),Kayes,522.0
2026-02-25,Riz Local (1kg),Kayes,510.9
2026-02-26,Riz Local (1kg),Kayes,501.9
2026-02-27,Riz Local (1kg),Kayes,517.0
2026-02-28,Riz Local (1kg),Kayes,527.3
2026-03-01,Riz Local (1kg),Kayes,512.3
2026-03-02,Riz Local (1kg),Kayes,502.6
2026-03-03,Riz Local (1kg),Kayes,478.9
2026-03-04,Riz Local (1kg),Kayes,483.5
2026-03-05,Riz Local (1kg),Kayes,497.2
2026-03-06,Riz Local (1kg),Kayes,491.9
2026-03-07,Riz Local (1kg),Kayes,499.7
2026-03-08,Riz Local (1kg),Kayes,504.3
2026-03-09,Riz Local (1kg),Kayes,513.0
2026-03-10,Riz Local (1kg),Kayes,502.5
2026-03-11,Riz Local (1kg),Kayes,512.8
2026-03-12,Riz Local (1kg),Kayes,505.6
2026-03-13,Riz Local (1kg),Kayes,469.4
2026-03-14,Riz Local (1kg),Kayes,488.3
2026-03-15,Riz Local (1kg),Kayes,503.0
2026-03-16,Riz Local (1kg),Kayes,484.3
2026-03-17,Riz Local (1kg),Kayes,517.3
2026-03-18,Riz Local (1kg),Kayes,534.5
2026-03-19,Riz Local (1kg),Kayes,529.4
2026-03-20,Riz Local (1kg),Kayes,504.2
2026-03-21,Riz Local (1kg),Kayes,535.4
2026-03-22,Riz Local (1kg),Kayes,511.9
2026-03-23,Riz Local (1kg),Kayes,503.8
2026-03-24,Riz Local (1kg),Kayes,499.5
2026-03-25,Riz Local (1kg),Kayes,505.8
2026-03-26,Riz Local (1kg),Kayes,505.0
2026-03-27,Riz Local (1kg),Kayes,515.7
2026-03-28,Riz Local (1kg),Kayes,516.3
2026-03-29,Riz Local (1kg),Kayes,514.2
2026-03-30,Riz Local (1kg),Kayes,522.8
2026-03-31,Riz Local (1kg),Kayes,537.2
2026-04-01,Riz Local (1kg),Kayes,533.7
2026-04-02,Riz Local (1kg),Kayes,490.9
2026-04-03,Riz Local (1kg),Kayes,472.7
2026-04-04,Riz Local (1kg),Kayes,536.2
2026-04-05,Riz Local (1kg),Kayes,495.8
2026-04-06,Riz Local (1kg),Kayes,517.3
2026-04-07,Riz Local (1kg),Kayes,501.3
2026-04-08,Riz Local (1kg),Kayes,491.0
2026-04-09,Riz Local (1kg),Kayes,534.1
2026-04-10,Riz Local (1kg),Kayes,539.1
2026-04-11,Riz Local (1kg),Kayes,516.2
2026-04-12,Riz Local (1kg),Kayes,481.2
2026-04-13,Riz Local (1kg),Kayes,519.0
2026-04-14,Riz Local (1kg),Kayes,536.9
2026-04-15,Riz Local (1kg),Kayes,504.5
2026-04-16,Riz Local (1kg),Kayes,535.6
2026-04-17,Riz Local (1kg),Kayes,533.2
2026-04-18,Riz Local (1kg),Kayes,545.1
2026-04-19,Riz Local (1kg),Kayes,538.1
2026-04-20,Riz Local (1kg),Kayes,519.7
2026-04-21,Riz Local (1kg),Kayes,559.9
2026-04-22,Riz Local (1kg),Kayes,536.9
2026-04-23,Riz Local (1kg),Kayes,540.6
2026-04-24,Riz Local (1kg),Kayes,525.7
2026-04-25,Riz Local (1kg),Kayes,535.8
2026-04-26,Riz Local (1kg),Kayes,529.3
2026-04-27,Riz Local (1kg),Kayes,543.4
2026-04-28,Riz Local (1kg),Kayes,578.6
2026-04-29,Riz Local (1kg),Kayes,524.7
2026-04-30,Riz Local (1kg),Kayes,521.8
2026-05-01,Riz Local (1kg),Kayes,578.6
2026-05-02,Riz Local (1kg),Kayes,549.9
2026-05-03,Riz Local (1kg),Kayes,543.1
2026-05-04,Riz Local (1kg),Kayes,575.2
2026-05-05,Riz Local (1kg),Kayes,547.2
2026-05-06,Riz Local (1kg),Kayes,592.3
2026-05-07,Riz Local (1kg),Kayes,573.3
2026-05-08,Riz Local (1kg),Kayes,553.9
2026-05-09,Riz Local (1kg),Kayes,602.9
2026-05-10,Riz Local (1kg),Kayes,554.8
2026-05-11,Riz Local (1kg),Kayes,580.6
2026-05-12,Riz Local (1kg),Kayes,574.2
2026-05-13,Riz Local (1kg),Kayes,593.8
2026-05-14,Riz Local (1kg),Kayes,600.0
2026-05-15,Riz Local (1kg),Kayes,574.1
2026-05-16,Riz Local (1kg),Kayes,561.6
2026-05-17,Riz Local (1kg),Kayes,585.0
2026-05-18,Riz Local (1kg),Kayes,566.2
2026-05-19,Riz Local (1kg),Kayes,616.1
2026-05-20,Riz Local (1kg),Kayes,584.1
2026-05-21,Riz Local (1kg),Kayes,576.7
2026-05-22,Riz Local (1kg),Kayes,588.2
2026-05-23,Riz Local (1kg),Kayes,562.3
2026-05-24,Riz Local (1kg),Kayes,570.7
2026-05-25,Riz Local (1kg),Kayes,611.3
2026-05-26,Riz Local (1kg),Kayes,579.6
2026-05-27,Riz Local (1kg),Kayes,574.3
2026-05-28,Riz Local (1kg),Kayes,604.3
2026-05-29,Riz Local (1kg),Kayes,617.6
2026-05-30,Riz Local (1kg),Kayes,610.9
2026-05-31,Riz Local (1kg),Kayes,617.5
2026-06-01,Riz Local (1kg),Kayes,587.7
2026-06-02,Riz Local (1kg),Kayes,577.4
2026-06-03,Riz Local (1kg),Kayes,631.5
2026-06-04,Riz Local (1kg),Kayes,600.4
2026-06-05,Riz Local (1kg),Kayes,603.4
2026-06-06,Riz Local (1kg),Kayes,633.3
2026-06-07,Riz Local (1kg),Kayes,621.1
2026-06-08,Riz Local (1kg),Kayes,620.9
2026-06-09,Riz Local (1kg),Kayes,653.2
2026-06-10,Riz Local (1kg),Kayes,604.5
2026-06-11,Riz Local (1kg),Kayes,634.3
2026-06-12,Riz Local (1kg),Kayes,620.3
2026-06-13,Riz Local (1kg),Kayes,625.7
2026-06-14,Riz Local (1kg),Kayes,649.9
2026-06-15,Riz Local (1kg),Kayes,633.1
2026-06-16,Riz Local (1kg),Kayes,635.3
2026-06-17,Riz Local (1kg),Kayes,646.4
2026-06-18,Riz Local (1kg),Kayes,622.2
2026-06-19,Riz Local (1kg),Kayes,615.2
2026-06-20,Riz Local (1kg),Kayes,613.1
2026-06-21,Riz Local (1kg),Kayes,598.1
2026-06-22,Riz Local (1kg),Kayes,671.8
2026-06-23,Riz Local (1kg),Kayes,616.6
2026-06-24,Riz Local (1kg),Kayes,633.9
2026-06-25,Riz Local (1kg),Kayes,634.4
2026-06-26,Riz Local (1kg),Kayes,646.4
2026-06-27,Riz Local (1kg),Kayes,657.0
2026-06-28,Riz Local (1kg),Kayes,659.2
2026-06-29,Riz Local (1kg),Kayes,634.8
2026-06-30,Riz Local (1kg),Kayes,643.7
2026-07-01,Riz Local (1kg),Kayes,653.1
2026-07-02,Riz Local (1kg),Kayes,645.0
2026-07-03,Riz Local (1kg),Kayes,679.7
2026-07-04,Riz Local (1kg),Kayes,661.0
2026-07-05,Riz Local (1kg),Kayes,666.8
2026-07-06,Riz Local (1kg),Kayes,666.8
2026-07-07,Riz Local (1kg),Kayes,677.3
2026-07-08,Riz Local (1kg),Kayes,660.8
2026-07-09,Riz Local (1kg),Kayes,635.5
2026-07-10,Riz Local (1kg),Kayes,667.2
2026-07-11,Riz Local (1kg),Kayes,649.6
2026-07-12,Riz Local (1kg),Kayes,653.0
2026-07-13,Riz Local (1kg),Kayes,674.3
2026-07-14,Riz Local (1kg),Kayes,687.1
2026-07-15,Riz Local (1kg),Kayes,666.5
2026-07-16,Riz Local (1kg),Kayes,672.8
2026-07-17,Riz Local (1kg),Kayes,698.9
2026-07-18,Riz Local (1kg),Kayes,673.8
2026-07-19,Riz Local (1kg),Kayes,717.2
2026-07-20,Riz Local (1kg),Kayes,681.8
2026-07-21,Riz Local (1kg),Kayes,641.1
2026-07-22,Riz Local (1kg),Kayes,687.2
2026-07-23,Riz Local (1kg),Kayes,681.5
2026-07-24,Riz Local (1kg),Kayes,698.8
2026-07-25,Riz Local (1kg),Kayes,688.7
2026-07-26,Riz Local (1kg),Kayes,675.0
2026-07-27,Riz Local (1kg),Kayes,656.5
2026-07-28,Riz Local (1kg),Kayes,675.6
2026-07-29,Riz Local (1kg),Kayes,664.9
2025-07-29,Millet (1kg),Bamako,435.5
2025-07-30,Millet (1kg),Bamako,449.6
2025-07-31,Millet (1kg),Bamako,462.8
2025-08-01,Millet (1kg),Bamako,448.4
2025-08-02,Millet (1kg),Bamako,430.3
2025-08-03,Millet (1kg),Bamako,450.0
2025-08-04,Millet (1kg),Bamako,459.2
2025-08-05,Millet (1kg),Bamako,438.6
2025-08-06,Millet (1kg),Bamako,444.5
2025-08-07,Millet (1kg),Bamako,446.7
2025-08-08,Millet (1kg),Bamako,437.7
2025-08-09,Millet (1kg),Bamako,454.8
2025-08-10,Millet (1kg),Bamako,446.2
2025-08-11,Millet (1kg),Bamako,452.9
2025-08-12,Millet (1kg),Bamako,437.9
2025-08-13,Millet (1kg),Bamako,443.5
2025-08-14,Millet (1kg),Bamako,457.3
2025-08-15,Millet (1kg),Bamako,444.8
2025-08-16,Millet (1kg),Bamako,469.5
2025-08-17,Millet (1kg),Bamako,445.0
2025-08-18,Millet (1kg),Bamako,452.5
2025-08-19,Millet (1kg),Bamako,460.9
2025-08-20,Millet (1kg),Bamako,433.7
2025-08-21,Millet (1kg),Bamako,429.8
2025-08-22,Millet (1kg),Bamako,432.7
2025-08-23,Millet (1kg),Bamako,465.4
2025-08-24,Millet (1kg),Bamako,444.3
2025-08-25,Millet (1kg),Bamako,480.7
2025-08-26,Millet (1kg),Bamako,444.3
2025-08-27,Millet (1kg),Bamako,453.1
2025-08-28,Millet (1kg),Bamako,469.0
2025-08-29,Millet (1kg),Bamako,474.4
2025-08-30,Millet (1kg),Bamako,475.0
2025-08-31,Millet (1kg),Bamako,465.1
2025-09-01,Millet (1kg),Bamako,462.9
2025-09-02,Millet (1kg),Bamako,457.8
2025-09-03,Millet (1kg),Bamako,459.9
2025-09-04,Millet (1kg),Bamako,444.3
2025-09-05,Millet (1kg),Bamako,441.0
2025-09-06,Millet (1kg),Bamako,450.4
2025-09-07,Millet (1kg),Bamako,448.3
2025-09-08,Millet (1kg),Bamako,444.8
2025-09-09,Millet (1kg),Bamako,458.1
2025-09-10,Millet (1kg),Bamako,460.9
2025-09-11,Millet (1kg),Bamako,450.5
2025-09-12,Millet (1kg),Bamako,466.5
2025-09-13,Millet (1kg),Bamako,435.7
2025-09-14,Millet (1kg),Bamako,446.5
2025-09-15,Millet (1kg),Bamako,440.1
2025-09-16,Millet (1kg),Bamako,426.4
2025-09-17,Millet (1kg),Bamako,446.8
2025-09-18,Millet (1kg),Bamako,446.0
2025-09-19,Millet (1kg),Bamako,464.7
2025-09-20,Millet (1kg),Bamako,454.1
2025-09-21,Millet (1kg),Bamako,434.4
2025-09-22,Millet (1kg),Bamako,467.5
2025-09-23,Millet (1kg),Bamako,459.7
2025-09-24,Millet (1kg),Bamako,451.8
2025-09-25,Millet (1kg),Bamako,441.9
2025-09-26,Millet (1kg),Bamako,432.9
2025-09-27,Millet (1kg),Bamako,439.2
2025-09-28,Millet (1kg),Bamako,455.7
2025-09-29,Millet (1kg),Bamako,464.5
2025-09-30,Millet (1kg),Bamako,459.9
2025-10-01,Millet (1kg),Bamako,435.7
2025-10-02,Millet (1kg),Bamako,427.7
2025-10-03,Millet (1kg),Bamako,441.8
2025-10-04,Millet (1kg),Bamako,419.0
2025-10-05,Millet (1kg),Bamako,442.7
2025-10-06,Millet (1kg),Bamako,436.6
2025-10-07,Millet (1kg),Bamako,432.2
2025-10-08,Millet (1kg),Bamako,418.4
2025-10-09,Millet (1kg),Bamako,442.3
2025-10-10,Millet (1kg),Bamako,429.4
2025-10-11,Millet (1kg),Bamako,421.3
2025-10-12,Millet (1kg),Bamako,400.7
2025-10-13,Millet (1kg),Bamako,433.1
2025-10-14,Millet (1kg),Bamako,453.4
2025-10-15,Millet (1kg),Bamako,451.3
2025-10-16,Millet (1kg),Bamako,425.8
2025-10-17,Millet (1kg),Bamako,423.3
2025-10-18,Millet (1kg),Bamako,435.0
2025-10-19,Millet (1kg),Bamako,417.1
2025-10-20,Millet (1kg),Bamako,431.4
2025-10-21,Millet (1kg),Bamako,436.0
2025-10-22,Millet (1kg),Bamako,440.5
2025-10-23,Millet (1kg),Bamako,424.2
2025-10-24,Millet (1kg),Bamako,422.1
2025-10-25,Millet (1kg),Bamako,413.4
2025-10-26,Millet (1kg),Bamako,413.1
2025-10-27,Millet (1kg),Bamako,419.2
2025-10-28,Millet (1kg),Bamako,425.2
2025-10-29,Millet (1kg),Bamako,430.6
2025-10-30,Millet (1kg),Bamako,409.7
2025-10-31,Millet (1kg),Bamako,435.5
2025-11-01,Millet (1kg),Bamako,414.0
2025-11-02,Millet (1kg),Bamako,416.0
2025-11-03,Millet (1kg),Bamako,406.5
2025-11-04,Millet (1kg),Bamako,386.0
2025-11-05,Millet (1kg),Bamako,423.6
2025-11-06,Millet (1kg),Bamako,420.9
2025-11-07,Millet (1kg),Bamako,408.0
2025-11-08,Millet (1kg),Bamako,411.1
2025-11-09,Millet (1kg),Bamako,415.3
2025-11-10,Millet (1kg),Bamako,390.1
2025-11-11,Millet (1kg),Bamako,401.1
2025-11-12,Millet (1kg),Bamako,415.5
2025-11-13,Millet (1kg),Bamako,390.6
2025-11-14,Millet (1kg),Bamako,407.6
2025-11-15,Millet (1kg),Bamako,387.3
2025-11-16,Millet (1kg),Bamako,407.5
2025-11-17,Millet (1kg),Bamako,400.6
2025-11-18,Millet (1kg),Bamako,381.1
2025-11-19,Millet (1kg),Bamako,412.5
2025-11-20,Millet (1kg),Bamako,389.3
2025-11-21,Millet (1kg),Bamako,387.4
2025-11-22,Millet (1kg),Bamako,398.1
2025-11-23,Millet (1kg),Bamako,408.1
2025-11-24,Millet (1kg),Bamako,381.8
2025-11-25,Millet (1kg),Bamako,393.3
2025-11-26,Millet (1kg),Bamako,396.5
2025-11-27,Millet (1kg),Bamako,398.5
2025-11-28,Millet (1kg),Bamako,391.4
2025-11-29,Millet (1kg),Bamako,384.0
2025-11-30,Millet (1kg),Bamako,377.5
2025-12-01,Millet (1kg),Bamako,387.1
2025-12-02,Millet (1kg),Bamako,372.5
2025-12-03,Millet (1kg),Bamako,349.9
2025-12-04,Millet (1kg),Bamako,388.0
2025-12-05,Millet (1kg),Bamako,392.4
2025-12-06,Millet (1kg),Bamako,353.2
2025-12-07,Millet (1kg),Bamako,368.0
2025-12-08,Millet (1kg),Bamako,385.9
2025-12-09,Millet (1kg),Bamako,401.6
2025-12-10,Millet (1kg),Bamako,376.8
2025-12-11,Millet (1kg),Bamako,367.0
2025-12-12,Millet (1kg),Bamako,372.3
2025-12-13,Millet (1kg),Bamako,389.5
2025-12-14,Millet (1kg),Bamako,364.9
2025-12-15,Millet (1kg),Bamako,362.0
2025-12-16,Millet (1kg),Bamako,364.7
2025-12-17,Millet (1kg),Bamako,358.2
2025-12-18,Millet (1kg),Bamako,369.7
2025-12-19,Millet (1kg),Bamako,386.3
2025-12-20,Millet (1kg),Bamako,370.1
2025-12-21,Millet (1kg),Bamako,362.4
2025-12-22,Millet (1kg),Bamako,360.9
2025-12-23,Millet (1kg),Bamako,345.1
2025-12-24,Millet (1kg),Bamako,372.7
2025-12-25,Millet (1kg),Bamako,360.5
2025-12-26,Millet (1kg),Bamako,358.3
2025-12-27,Millet (1kg),Bamako,396.7
2025-12-28,Millet (1kg),Bamako,362.0
2025-12-29,Millet (1kg),Bamako,348.8
2025-12-30,Millet (1kg),Bamako,351.7
2025-12-31,Millet (1kg),Bamako,369.2
2026-01-01,Millet (1kg),Bamako,356.2
2026-01-02,Millet (1kg),Bamako,337.2
2026-01-03,Millet (1kg),Bamako,363.8
2026-01-04,Millet (1kg),Bamako,344.4
2026-01-05,Millet (1kg),Bamako,373.2
2026-01-06,Millet (1kg),Bamako,363.1
2026-01-07,Millet (1kg),Bamako,344.5
2026-01-08,Millet (1kg),Bamako,363.8
2026-01-09,Millet (1kg),Bamako,348.8
2026-01-10,Millet (1kg),Bamako,357.2
2026-01-11,Millet (1kg),Bamako,352.1
2026-01-12,Millet (1kg),Bamako,335.8
2026-01-13,Millet (1kg),Bamako,337.4
2026-01-14,Millet (1kg),Bamako,356.2
2026-01-15,Millet (1kg),Bamako,339.5
2026-01-16,Millet (1kg),Bamako,338.0
2026-01-17,Millet (1kg),Bamako,330.8
2026-01-18,Millet (1kg),Bamako,346.2
2026-01-19,Millet (1kg),Bamako,364.7
2026-01-20,Millet (1kg),Bamako,327.5
2026-01-21,Millet (1kg),Bamako,339.6
2026-01-22,Millet (1kg),Bamako,355.1
2026-01-23,Millet (1kg),Bamako,337.1
2026-01-24,Millet (1kg),Bamako,342.7
2026-01-25,Millet (1kg),Bamako,324.4
2026-01-26,Millet (1kg),Bamako,341.2
2026-01-27,Millet (1kg),Bamako,333.5
2026-01-28,Millet (1kg),Bamako,346.6
2026-01-29,Millet (1kg),Bamako,348.4
2026-01-30,Millet (1kg),Bamako,364.3
2026-01-31,Millet (1kg),Bamako,340.3
2026-02-01,Millet (1kg),Bamako,336.9
2026-02-02,Millet (1kg),Bamako,334.9
2026-02-03,Millet (1kg),Bamako,328.0
2026-02-04,Millet (1kg),Bamako,335.7
2026-02-05,Millet (1kg),Bamako,327.9
2026-02-06,Millet (1kg),Bamako,332.9
2026-02-07,Millet (1kg),Bamako,345.9
2026-02-08,Millet (1kg),Bamako,318.4
2026-02-09,Millet (1kg),Bamako,343.1
2026-02-10,Millet (1kg),Bamako,344.8
2026-02-11,Millet (1kg),Bamako,327.8
2026-02-12,Millet (1kg),Bamako,304.1
2026-02-13,Millet (1kg),Bamako,321.5
2026-02-14,Millet (1kg),Bamako,343.5
2026-02-15,Millet (1kg),Bamako,327.8
2026-02-16,Millet (1kg),Bamako,316.2
2026-02-17,Millet (1kg),Bamako,321.8
2026-02-18,Millet (1kg),Bamako,337.3
2026-02-19,Millet (1kg),Bamako,333.7
2026-02-20,Millet (1kg),Bamako,324.4
2026-02-21,Millet (1kg),Bamako,322.7
2026-02-22,Millet (1kg),Bamako,322.3
2026-02-23,Millet (1kg),Bamako,316.0
2026-02-24,Millet (1kg),Bamako,345.6
2026-02-25,Millet (1kg),Bamako,322.9
2026-02-26,Millet (1kg),Bamako,340.8
2026-02-27,Millet (1kg),Bamako,344.3
2026-02-28,Millet (1kg),Bamako,338.2
2026-03-01,Millet (1kg),Bamako,321.6
2026-03-02,Millet (1kg),Bamako,331.3
2026-03-03,Millet (1kg),Bamako,326.4
2026-03-04,Millet (1kg),Bamako,316.2
2026-03-05,Millet (1kg),Bamako,330.6
2026-03-06,Millet (1kg),Bamako,313.2
2026-03-07,Millet (1kg),Bamako,340.9
2026-03-08,Millet (1kg),Bamako,321.8
2026-03-09,Millet (1kg),Bamako,329.7
2026-03-10,Millet (1kg),Bamako,330.9
2026-03-11,Millet (1kg),Bamako,324.7
2026-03-12,Millet (1kg),Bamako,334.8
2026-03-13,Millet (1kg),Bamako,322.7
2026-03-14,Millet (1kg),Bamako,338.6
2026-03-15,Millet (1kg),Bamako,313.0
2026-03-16,Millet (1kg),Bamako,330.5
2026-03-17,Millet (1kg),Bamako,351.9
2026-03-18,Millet (1kg),Bamako,318.0
2026-03-19,Millet (1kg),Bamako,322.1
2026-03-20,Millet (1kg),Bamako,336.3
2026-03-21,Millet (1kg),Bamako,332.8
2026-03-22,Millet (1kg),Bamako,335.2
2026-03-23,Millet (1kg),Bamako,337.2
2026-03-24,Millet (1kg),Bamako,339.3
2026-03-25,Millet (1kg),Bamako,345.3
2026-03-26,Millet (1kg),Bamako,337.6
2026-03-27,Millet (1kg),Bamako,330.5
2026-03-28,Millet (1kg),Bamako,341.6
2026-03-29,Millet (1kg),Bamako,356.5
2026-03-30,Millet (1kg),Bamako,333.3
2026-03-31,Millet (1kg),Bamako,324.0
2026-04-01,Millet (1kg),Bamako,348.8
2026-04-02,Millet (1kg),Bamako,335.1
2026-04-03,Millet (1kg),Bamako,311.8
2026-04-04,Millet (1kg),Bamako,347.6
2026-04-05,Millet (1kg),Bamako,332.1
2026-04-06,Millet (1kg),Bamako,337.9
2026-04-07,Millet (1kg),Bamako,343.5
2026-04-08,Millet (1kg),Bamako,342.5
2026-04-09,Millet (1kg),Bamako,349.2
2026-04-10,Millet (1kg),Bamako,336.5
2026-04-11,Millet (1kg),Bamako,348.3
2026-04-12,Millet (1kg),Bamako,340.0
2026-04-13,Millet (1kg),Bamako,352.4
2026-04-14,Millet (1kg),Bamako,351.7
2026-04-15,Millet (1kg),Bamako,334.4
2026-04-16,Millet (1kg),Bamako,358.7
2026-04-17,Millet (1kg),Bamako,340.6
2026-04-18,Millet (1kg),Bamako,357.1
2026-04-19,Millet (1kg),Bamako,352.7
2026-04-20,Millet (1kg),Bamako,370.7
2026-04-21,Millet (1kg),Bamako,347.5
2026-04-22,Millet (1kg),Bamako,346.9
2026-04-23,Millet (1kg),Bamako,351.6
2026-04-24,Millet (1kg),Bamako,349.1
2026-04-25,Millet (1kg),Bamako,362.9
2026-04-26,Millet (1kg),Bamako,335.6
2026-04-27,Millet (1kg),Bamako,343.0
2026-04-28,Millet (1kg),Bamako,343.8
2026-04-29,Millet (1kg),Bamako,368.2
2026-04-30,Millet (1kg),Bamako,378.0
2026-05-01,Millet (1kg),Bamako,357.8
2026-05-02,Millet (1kg),Bamako,358.0
2026-05-03,Millet (1kg),Bamako,361.7
2026-05-04,Millet (1kg),Bamako,375.4
2026-05-05,Millet (1kg),Bamako,352.0
2026-05-06,Millet (1kg),Bamako,366.6
2026-05-07,Millet (1kg),Bamako,376.2
2026-05-08,Millet (1kg),Bamako,371.6
2026-05-09,Millet (1kg),Bamako,369.0
2026-05-10,Millet (1kg),Bamako,379.5
2026-05-11,Millet (1kg),Bamako,337.3
2026-05-12,Millet (1kg),Bamako,377.7
2026-05-13,Millet (1kg),Bamako,363.2
2026-05-14,Millet (1kg),Bamako,350.5
2026-05-15,Millet (1kg),Bamako,378.9
2026-05-16,Millet (1kg),Bamako,390.0
2026-05-17,Millet (1kg),Bamako,373.4
2026-05-18,Millet (1kg),Bamako,387.2
2026-05-19,Millet (1kg),Bamako,395.9
2026-05-20,Millet (1kg),Bamako,393.5
2026-05-21,Millet (1kg),Bamako,398.3
2026-05-22,Millet (1kg),Bamako,388.9
2026-05-23,Millet (1kg),Bamako,382.2
2026-05-24,Millet (1kg),Bamako,363.7
2026-05-25,Millet (1kg),Bamako,380.6
2026-05-26,Millet (1kg),Bamako,374.7
2026-05-27,Millet (1kg),Bamako,410.9
2026-05-28,Millet (1kg),Bamako,384.6
2026-05-29,Millet (1kg),Bamako,389.2
2026-05-30,Millet (1kg),Bamako,395.2
2026-05-31,Millet (1kg),Bamako,390.4
2026-06-01,Millet (1kg),Bamako,410.7
2026-06-02,Millet (1kg),Bamako,384.7
2026-06-03,Millet (1kg),Bamako,395.3
2026-06-04,Millet (1kg),Bamako,385.5
2026-06-05,Millet (1kg),Bamako,379.8
2026-06-06,Millet (1kg),Bamako,389.1
2026-06-07,Millet (1kg),Bamako,396.9
2026-06-08,Millet (1kg),Bamako,393.4
2026-06-09,Millet (1kg),Bamako,391.4
2026-06-10,Millet (1kg),Bamako,384.1
2026-06-11,Millet (1kg),Bamako,400.6
2026-06-12,Millet (1kg),Bamako,385.1
2026-06-13,Millet (1kg),Bamako,412.5
2026-06-14,Millet (1kg),Bamako,405.6
2026-06-15,Millet (1kg),Bamako,388.7
2026-06-16,Millet (1kg),Bamako,403.1
2026-06-17,Millet (1kg),Bamako,399.0
2026-06-18,Millet (1kg),Bamako,412.5
2026-06-19,Millet (1kg),Bamako,425.4
2026-06-20,Millet (1kg),Bamako,388.9
2026-06-21,Millet (1kg),Bamako,413.1
2026-06-22,Millet (1kg),Bamako,410.9
2026-06-23,Millet (1kg),Bamako,421.6
2026-06-24,Millet (1kg),Bamako,417.2
2026-06-25,Millet (1kg),Bamako,407.0
2026-06-26,Millet (1kg),Bamako,413.0
2026-06-27,Millet (1kg),Bamako,408.4
2026-06-28,Millet (1kg),Bamako,431.1
2026-06-29,Millet (1kg),Bamako,419.8
2026-06-30,Millet (1kg),Bamako,442.6
2026-07-01,Millet (1kg),Bamako,420.7
2026-07-02,Millet (1kg),Bamako,414.0
2026-07-03,Millet (1kg),Bamako,405.5
2026-07-04,Millet (1kg),Bamako,403.0
2026-07-05,Millet (1kg),Bamako,406.5
2026-07-06,Millet (1kg),Bamako,428.9
2026-07-07,Millet (1kg),Bamako,432.6
2026-07-08,Millet (1kg),Bamako,409.1
2026-07-09,Millet (1kg),Bamako,438.8
2026-07-10,Millet (1kg),Bamako,423.5
2026-07-11,Millet (1kg),Bamako,431.7
2026-07-12,Millet (1kg),Bamako,449.6
2026-07-13,Millet (1kg),Bamako,442.0
2026-07-14,Millet (1kg),Bamako,429.2
2026-07-15,Millet (1kg),Bamako,422.7
2026-07-16,Millet (1kg),Bamako,408.7
2026-07-17,Millet (1kg),Bamako,426.2
2026-07-18,Millet (1kg),Bamako,432.8
2026-07-19,Millet (1kg),Bamako,424.5
2026-07-20,Millet (1kg),Bamako,435.1
2026-07-21,Millet (1kg),Bamako,438.2
2026-07-22,Millet (1kg),Bamako,435.4
2026-07-23,Millet (1kg),Bamako,431.1
2026-07-24,Millet (1kg),Bamako,441.3
2026-07-25,Millet (1kg),Bamako,445.1
2026-07-26,Millet (1kg),Bamako,427.8
2026-07-27,Millet (1kg),Bamako,457.6
2026-07-28,Millet (1kg),Bamako,440.5
2026-07-29,Millet (1kg),Bamako,442.4
2025-07-29,Millet (1kg),Sikasso,383.7
2025-07-30,Millet (1kg),Sikasso,379.5
2025-07-31,Millet (1kg),Sikasso,387.1
2025-08-01,Millet (1kg),Sikasso,380.9
2025-08-02,Millet (1kg),Sikasso,372.4
2025-08-03,Millet (1kg),Sikasso,382.5
2025-08-04,Millet (1kg),Sikasso,367.9
2025-08-05,Millet (1kg),Sikasso,380.7
2025-08-06,Millet (1kg),Sikasso,379.7
2025-08-07,Millet (1kg),Sikasso,378.3
2025-08-08,Millet (1kg),Sikasso,379.4
2025-08-09,Millet (1kg),Sikasso,362.3
2025-08-10,Millet (1kg),Sikasso,375.9
2025-08-11,Millet (1kg),Sikasso,382.5
2025-08-12,Millet (1kg),Sikasso,383.5
2025-08-13,Millet (1kg),Sikasso,371.9
2025-08-14,Millet (1kg),Sikasso,395.0
2025-08-15,Millet (1kg),Sikasso,374.0
2025-08-16,Millet (1kg),Sikasso,392.5
2025-08-17,Millet (1kg),Sikasso,387.3
2025-08-18,Millet (1kg),Sikasso,376.8
2025-08-19,Millet (1kg),Sikasso,401.0
2025-08-20,Millet (1kg),Sikasso,371.7
2025-08-21,Millet (1kg),Sikasso,392.8
2025-08-22,Millet (1kg),Sikasso,393.7
2025-08-23,Millet (1kg),Sikasso,377.2
2025-08-24,Millet (1kg),Sikasso,397.8
2025-08-25,Millet (1kg),Sikasso,381.6
2025-08-26,Millet (1kg),Sikasso,387.0
2025-08-27,Millet (1kg),Sikasso,386.7
2025-08-28,Millet (1kg),Sikasso,382.8
2025-08-29,Millet (1kg),Sikasso,392.2
2025-08-30,Millet (1kg),Sikasso,392.1
2025-08-31,Millet (1kg),Sikasso,366.8
2025-09-01,Millet (1kg),Sikasso,397.1
2025-09-02,Millet (1kg),Sikasso,367.6
2025-09-03,Millet (1kg),Sikasso,394.3
2025-09-04,Millet (1kg),Sikasso,395.1
2025-09-05,Millet (1kg),Sikasso,373.0
2025-09-06,Millet (1kg),Sikasso,379.6
2025-09-07,Millet (1kg),Sikasso,372.6
2025-09-08,Millet (1kg),Sikasso,381.3
2025-09-09,Millet (1kg),Sikasso,380.2
2025-09-10,Millet (1kg),Sikasso,390.9
2025-09-11,Millet (1kg),Sikasso,395.9
2025-09-12,Millet (1kg),Sikasso,396.6
2025-09-13,Millet (1kg),Sikasso,376.9
2025-09-14,Millet (1kg),Sikasso,380.2
2025-09-15,Millet (1kg),Sikasso,365.3
2025-09-16,Millet (1kg),Sikasso,373.7
2025-09-17,Millet (1kg),Sikasso,391.0
2025-09-18,Millet (1kg),Sikasso,397.2
2025-09-19,Millet (1kg),Sikasso,368.6
2025-09-20,Millet (1kg),Sikasso,374.6
2025-09-21,Millet (1kg),Sikasso,379.9
2025-09-22,Millet (1kg),Sikasso,382.6
2025-09-23,Millet (1kg),Sikasso,371.4
2025-09-24,Millet (1kg),Sikasso,383.3
2025-09-25,Millet (1kg),Sikasso,374.0
2025-09-26,Millet (1kg),Sikasso,378.1
2025-09-27,Millet (1kg),Sikasso,383.3
2025-09-28,Millet (1kg),Sikasso,377.5
2025-09-29,Millet (1kg),Sikasso,372.6
2025-09-30,Millet (1kg),Sikasso,375.4
2025-10-01,Millet (1kg),Sikasso,375.1
2025-10-02,Millet (1kg),Sikasso,371.8
2025-10-03,Millet (1kg),Sikasso,372.4
2025-10-04,Millet (1kg),Sikasso,390.4
2025-10-05,Millet (1kg),Sikasso,379.5
2025-10-06,Millet (1kg),Sikasso,370.5
2025-10-07,Millet (1kg),Sikasso,379.8
2025-10-08,Millet (1kg),Sikasso,368.9
2025-10-09,Millet (1kg),Sikasso,383.3
2025-10-10,Millet (1kg),Sikasso,374.8
2025-10-11,Millet (1kg),Sikasso,369.4
2025-10-12,Millet (1kg),Sikasso,374.3
2025-10-13,Millet (1kg),Sikasso,353.6
2025-10-14,Millet (1kg),Sikasso,357.4
2025-10-15,Millet (1kg),Sikasso,356.1
2025-10-16,Millet (1kg),Sikasso,368.7
2025-10-17,Millet (1kg),Sikasso,383.8
2025-10-18,Millet (1kg),Sikasso,388.1
2025-10-19,Millet (1kg),Sikasso,371.6
2025-10-20,Millet (1kg),Sikasso,369.5
2025-10-21,Millet (1kg),Sikasso,345.9
2025-10-22,Millet (1kg),Sikasso,357.7
2025-10-23,Millet (1kg),Sikasso,354.5
2025-10-24,Millet (1kg),Sikasso,355.4
2025-10-25,Millet (1kg),Sikasso,359.2
2025-10-26,Millet (1kg),Sikasso,355.4
2025-10-27,Millet (1kg),Sikasso,339.7
2025-10-28,Millet (1kg),Sikasso,366.0
2025-10-29,Millet (1kg),Sikasso,347.1
2025-10-30,Millet (1kg),Sikasso,359.3
2025-10-31,Millet (1kg),Sikasso,376.8
2025-11-01,Millet (1kg),Sikasso,346.2
2025-11-02,Millet (1kg),Sikasso,329.4
2025-11-03,Millet (1kg),Sikasso,350.9
2025-11-04,Millet (1kg),Sikasso,363.8
2025-11-05,Millet (1kg),Sikasso,371.5
2025-11-06,Millet (1kg),Sikasso,339.0
2025-11-07,Millet (1kg),Sikasso,355.3
2025-11-08,Millet (1kg),Sikasso,344.9
2025-11-09,Millet (1kg),Sikasso,347.6
2025-11-10,Millet (1kg),Sikasso,374.1
2025-11-11,Millet (1kg),Sikasso,332.0
2025-11-12,Millet (1kg),Sikasso,348.6
2025-11-13,Millet (1kg),Sikasso,349.8
2025-11-14,Millet (1kg),Sikasso,355.1
2025-11-15,Millet (1kg),Sikasso,344.4
2025-11-16,Millet (1kg),Sikasso,345.6
2025-11-17,Millet (1kg),Sikasso,337.7
2025-11-18,Millet (1kg),Sikasso,343.4
2025-11-19,Millet (1kg),Sikasso,336.4
2025-11-20,Millet (1kg),Sikasso,345.1
2025-11-21,Millet (1kg),Sikasso,334.4
2025-11-22,Millet (1kg),Sikasso,340.9
2025-11-23,Millet (1kg),Sikasso,335.9
2025-11-24,Millet (1kg),Sikasso,346.5
2025-11-25,Millet (1kg),Sikasso,333.9
2025-11-26,Millet (1kg),Sikasso,315.9
2025-11-27,Millet (1kg),Sikasso,345.1
2025-11-28,Millet (1kg),Sikasso,322.7
2025-11-29,Millet (1kg),Sikasso,324.2
2025-11-30,Millet (1kg),Sikasso,323.9
2025-12-01,Millet (1kg),Sikasso,342.6
2025-12-02,Millet (1kg),Sikasso,306.8
2025-12-03,Millet (1kg),Sikasso,358.3
2025-12-04,Millet (1kg),Sikasso,336.7
2025-12-05,Millet (1kg),Sikasso,327.5
2025-12-06,Millet (1kg),Sikasso,323.8
2025-12-07,Millet (1kg),Sikasso,326.3
2025-12-08,Millet (1kg),Sikasso,327.8
2025-12-09,Millet (1kg),Sikasso,328.1
2025-12-10,Millet (1kg),Sikasso,326.3
2025-12-11,Millet (1kg),Sikasso,320.8
2025-12-12,Millet (1kg),Sikasso,317.0
2025-12-13,Millet (1kg),Sikasso,316.6
2025-12-14,Millet (1kg),Sikasso,315.3
2025-12-15,Millet (1kg),Sikasso,327.6
2025-12-16,Millet (1kg),Sikasso,321.4
2025-12-17,Millet (1kg),Sikasso,285.4
2025-12-18,Millet (1kg),Sikasso,320.3
2025-12-19,Millet (1kg),Sikasso,314.8
2025-12-20,Millet (1kg),Sikasso,311.8
2025-12-21,Millet (1kg),Sikasso,307.3
2025-12-22,Millet (1kg),Sikasso,321.5
2025-12-23,Millet (1kg),Sikasso,318.9
2025-12-24,Millet (1kg),Sikasso,301.0
2025-12-25,Millet (1kg),Sikasso,311.9
2025-12-26,Millet (1kg),Sikasso,297.4
2025-12-27,Millet (1kg),Sikasso,292.5
2025-12-28,Millet (1kg),Sikasso,299.2
2025-12-29,Millet (1kg),Sikasso,313.2
2025-12-30,Millet (1kg),Sikasso,313.3
2025-12-31,Millet (1kg),Sikasso,308.2
2026-01-01,Millet (1kg),Sikasso,309.5
2026-01-02,Millet (1kg),Sikasso,306.7
2026-01-03,Millet (1kg),Sikasso,294.4
2026-01-04,Millet (1kg),Sikasso,304.3
2026-01-05,Millet (1kg),Sikasso,307.3
2026-01-06,Millet (1kg),Sikasso,306.1
2026-01-07,Millet (1kg),Sikasso,309.7
2026-01-08,Millet (1kg),Sikasso,304.2
2026-01-09,Millet (1kg),Sikasso,300.0
2026-01-10,Millet (1kg),Sikasso,306.4
2026-01-11,Millet (1kg),Sikasso,294.9
2026-01-12,Millet (1kg),Sikasso,285.7
2026-01-13,Millet (1kg),Sikasso,292.2
2026-01-14,Millet (1kg),Sikasso,285.8
2026-01-15,Millet (1kg),Sikasso,285.8
2026-01-16,Millet (1kg),Sikasso,290.5
2026-01-17,Millet (1kg),Sikasso,283.4
2026-01-18,Millet (1kg),Sikasso,287.7
2026-01-19,Millet (1kg),Sikasso,271.3
2026-01-20,Millet (1kg),Sikasso,291.7
2026-01-21,Millet (1kg),Sikasso,289.0
2026-01-22,Millet (1kg),Sikasso,280.3
2026-01-23,Millet (1kg),Sikasso,294.5
2026-01-24,Millet (1kg),Sikasso,296.7
2026-01-25,Millet (1kg),Sikasso,270.9
2026-01-26,Millet (1kg),Sikasso,278.8
2026-01-27,Millet (1kg),Sikasso,278.3
2026-01-28,Millet (1kg),Sikasso,276.1
2026-01-29,Millet (1kg),Sikasso,293.2
2026-01-30,Millet (1kg),Sikasso,282.6
2026-01-31,Millet (1kg),Sikasso,281.5
2026-02-01,Millet (1kg),Sikasso,263.8
2026-02-02,Millet (1kg),Sikasso,289.6
2026-02-03,Millet (1kg),Sikasso,270.6
2026-02-04,Millet (1kg),Sikasso,283.2
2026-02-05,Millet (1kg),Sikasso,285.0
2026-02-06,Millet (1kg),Sikasso,295.4
2026-02-07,Millet (1kg),Sikasso,268.5
2026-02-08,Millet (1kg),Sikasso,251.2
2026-02-09,Millet (1kg),Sikasso,282.8
2026-02-10,Millet (1kg),Sikasso,298.6
2026-02-11,Millet (1kg),Sikasso,292.7
2026-02-12,Millet (1kg),Sikasso,282.2
2026-02-13,Millet (1kg),Sikasso,275.0
2026-02-14,Millet (1kg),Sikasso,287.7
2026-02-15,Millet (1kg),Sikasso,269.8
2026-02-16,Millet (1kg),Sikasso,284.0
2026-02-17,Millet (1kg),Sikasso,284.1
2026-02-18,Millet (1kg),Sikasso,289.5
2026-02-19,Millet (1kg),Sikasso,306.2
2026-02-20,Millet (1kg),Sikasso,282.6
2026-02-21,Millet (1kg),Sikasso,273.5
2026-02-22,Millet (1kg),Sikasso,278.2
2026-02-23,Millet (1kg),Sikasso,260.8
2026-02-24,Millet (1kg),Sikasso,271.4
2026-02-25,Millet (1kg),Sikasso,274.2
2026-02-26,Millet (1kg),Sikasso,273.0
2026-02-27,Millet (1kg),Sikasso,279.7
2026-02-28,Millet (1kg),Sikasso,270.0
2026-03-01,Millet (1kg),Sikasso,289.4
2026-03-02,Millet (1kg),Sikasso,278.2
2026-03-03,Millet (1kg),Sikasso,278.2
2026-03-04,Millet (1kg),Sikasso,275.1
2026-03-05,Millet (1kg),Sikasso,280.0
2026-03-06,Millet (1kg),Sikasso,286.7
2026-03-07,Millet (1kg),Sikasso,270.0
2026-03-08,Millet (1kg),Sikasso,272.2
2026-03-09,Millet (1kg),Sikasso,275.9
2026-03-10,Millet (1kg),Sikasso,265.7
2026-03-11,Millet (1kg),Sikasso,271.1
2026-03-12,Millet (1kg),Sikasso,274.7
2026-03-13,Millet (1kg),Sikasso,288.3
2026-03-14,Millet (1kg),Sikasso,282.4
2026-03-15,Millet (1kg),Sikasso,281.9
2026-03-16,Millet (1kg),Sikasso,288.7
2026-03-17,Millet (1kg),Sikasso,279.2
2026-03-18,Millet (1kg),Sikasso,284.7
2026-03-19,Millet (1kg),Sikasso,280.1
2026-03-20,Millet (1kg),Sikasso,284.0
2026-03-21,Millet (1kg),Sikasso,275.9
2026-03-22,Millet (1kg),Sikasso,257.8
2026-03-23,Millet (1kg),Sikasso,281.1
2026-03-24,Millet (1kg),Sikasso,296.9
2026-03-25,Millet (1kg),Sikasso,292.3
2026-03-26,Millet (1kg),Sikasso,293.1
2026-03-27,Millet (1kg),Sikasso,296.2
2026-03-28,Millet (1kg),Sikasso,285.2
2026-03-29,Millet (1kg),Sikasso,286.7
2026-03-30,Millet (1kg),Sikasso,279.1
2026-03-31,Millet (1kg),Sikasso,282.6
2026-04-01,Millet (1kg),Sikasso,292.3
2026-04-02,Millet (1kg),Sikasso,298.6
2026-04-03,Millet (1kg),Sikasso,285.8
2026-04-04,Millet (1kg),Sikasso,283.2
2026-04-05,Millet (1kg),Sikasso,288.2
2026-04-06,Millet (1kg),Sikasso,294.7
2026-04-07,Millet (1kg),Sikasso,274.9
2026-04-08,Millet (1kg),Sikasso,267.0
2026-04-09,Millet (1kg),Sikasso,285.0
2026-04-10,Millet (1kg),Sikasso,278.9
2026-04-11,Millet (1kg),Sikasso,286.6
2026-04-12,Millet (1kg),Sikasso,290.8
2026-04-13,Millet (1kg),Sikasso,288.3
2026-04-14,Millet (1kg),Sikasso,307.9
2026-04-15,Millet (1kg),Sikasso,297.4
2026-04-16,Millet (1kg),Sikasso,297.8
2026-04-17,Millet (1kg),Sikasso,301.6
2026-04-18,Millet (1kg),Sikasso,284.8
2026-04-19,Millet (1kg),Sikasso,307.2
2026-04-20,Millet (1kg),Sikasso,296.8
2026-04-21,Millet (1kg),Sikasso,304.9
2026-04-22,Millet (1kg),Sikasso,288.3
2026-04-23,Millet (1kg),Sikasso,284.2
2026-04-24,Millet (1kg),Sikasso,308.5
2026-04-25,Millet (1kg),Sikasso,304.9
2026-04-26,Millet (1kg),Sikasso,293.0
2026-04-27,Millet (1kg),Sikasso,294.0
2026-04-28,Millet (1kg),Sikasso,314.6
2026-04-29,Millet (1kg),Sikasso,292.4
2026-04-30,Millet (1kg),Sikasso,321.4
2026-05-01,Millet (1kg),Sikasso,296.9
2026-05-02,Millet (1kg),Sikasso,313.0
2026-05-03,Millet (1kg),Sikasso,304.2
2026-05-04,Millet (1kg),Sikasso,314.3
2026-05-05,Millet (1kg),Sikasso,303.7
2026-05-06,Millet (1kg),Sikasso,308.3
2026-05-07,Millet (1kg),Sikasso,311.2
2026-05-08,Millet (1kg),Sikasso,301.6
2026-05-09,Millet (1kg),Sikasso,319.8
2026-05-10,Millet (1kg),Sikasso,308.2
2026-05-11,Millet (1kg),Sikasso,311.9
2026-05-12,Millet (1kg),Sikasso,305.2
2026-05-13,Millet (1kg),Sikasso,290.5
2026-05-14,Millet (1kg),Sikasso,314.9
2026-05-15,Millet (1kg),Sikasso,341.6
2026-05-16,Millet (1kg),Sikasso,326.3
2026-05-17,Millet (1kg),Sikasso,319.2
2026-05-18,Millet (1kg),Sikasso,317.7
2026-05-19,Millet (1kg),Sikasso,321.4
2026-05-20,Millet (1kg),Sikasso,327.6
2026-05-21,Millet (1kg),Sikasso,311.3
2026-05-22,Millet (1kg),Sikasso,335.0
2026-05-23,Millet (1kg),Sikasso,331.9
2026-05-24,Millet (1kg),Sikasso,332.9
2026-05-25,Millet (1kg),Sikasso,331.0
2026-05-26,Millet (1kg),Sikasso,327.7
2026-05-27,Millet (1kg),Sikasso,335.2
2026-05-28,Millet (1kg),Sikasso,335.3
2026-05-29,Millet (1kg),Sikasso,326.8
2026-05-30,Millet (1kg),Sikasso,325.5
2026-05-31,Millet (1kg),Sikasso,333.1
2026-06-01,Millet (1kg),Sikasso,348.4
2026-06-02,Millet (1kg),Sikasso,321.6
2026-06-03,Millet (1kg),Sikasso,320.3
2026-06-04,Millet (1kg),Sikasso,337.4
2026-06-05,Millet (1kg),Sikasso,337.2
2026-06-06,Millet (1kg),Sikasso,339.3
2026-06-07,Millet (1kg),Sikasso,340.9
2026-06-08,Millet (1kg),Sikasso,337.2
2026-06-09,Millet (1kg),Sikasso,355.1
2026-06-10,Millet (1kg),Sikasso,325.3
2026-06-11,Millet (1kg),Sikasso,333.8
2026-06-12,Millet (1kg),Sikasso,341.9
2026-06-13,Millet (1kg),Sikasso,327.5
2026-06-14,Millet (1kg),Sikasso,343.0
2026-06-15,Millet (1kg),Sikasso,362.1
2026-06-16,Millet (1kg),Sikasso,346.7
2026-06-17,Millet (1kg),Sikasso,349.7
2026-06-18,Millet (1kg),Sikasso,335.7
2026-06-19,Millet (1kg),Sikasso,343.0
2026-06-20,Millet (1kg),Sikasso,346.2
2026-06-21,Millet (1kg),Sikasso,347.6
2026-06-22,Millet (1kg),Sikasso,364.4
2026-06-23,Millet (1kg),Sikasso,358.0
2026-06-24,Millet (1kg),Sikasso,342.3
2026-06-25,Millet (1kg),Sikasso,356.6
2026-06-26,Millet (1kg),Sikasso,359.9
2026-06-27,Millet (1kg),Sikasso,367.1
2026-06-28,Millet (1kg),Sikasso,372.3
2026-06-29,Millet (1kg),Sikasso,347.3
2026-06-30,Millet (1kg),Sikasso,350.1
2026-07-01,Millet (1kg),Sikasso,346.4
2026-07-02,Millet (1kg),Sikasso,357.4
2026-07-03,Millet (1kg),Sikasso,365.1
2026-07-04,Millet (1kg),Sikasso,371.0
2026-07-05,Millet (1kg),Sikasso,361.2
2026-07-06,Millet (1kg),Sikasso,359.5
2026-07-07,Millet (1kg),Sikasso,365.0
2026-07-08,Millet (1kg),Sikasso,355.9
2026-07-09,Millet (1kg),Sikasso,385.6
2026-07-10,Millet (1kg),Sikasso,349.6
2026-07-11,Millet (1kg),Sikasso,368.1
2026-07-12,Millet (1kg),Sikasso,387.0
2026-07-13,Millet (1kg),Sikasso,367.7
2026-07-14,Millet (1kg),Sikasso,366.4
2026-07-15,Millet (1kg),Sikasso,365.4
2026-07-16,Millet (1kg),Sikasso,367.8
2026-07-17,Millet (1kg),Sikasso,383.8
2026-07-18,Millet (1kg),Sikasso,348.8
2026-07-19,Millet (1kg),Sikasso,386.6
2026-07-20,Millet (1kg),Sikasso,357.8
2026-07-21,Millet (1kg),Sikasso,369.9
2026-07-22,Millet (1kg),Sikasso,368.8
2026-07-23,Millet (1kg),Sikasso,379.5
2026-07-24,Millet (1kg),Sikasso,358.3
2026-07-25,Millet (1kg),Sikasso,379.3
2026-07-26,Millet (1kg),Sikasso,395.4
2026-07-27,Millet (1kg),Sikasso,362.2
2026-07-28,Millet (1kg),Sikasso,378.1
2026-07-29,Millet (1kg),Sikasso,370.1
2025-07-29,Millet (1kg),Mopti,393.4
2025-07-30,Millet (1kg),Mopti,389.7
2025-07-31,Millet (1kg),Mopti,383.3
2025-08-01,Millet (1kg),Mopti,395.4
2025-08-02,Millet (1kg),Mopti,409.3
2025-08-03,Millet (1kg),Mopti,389.3
2025-08-04,Millet (1kg),Mopti,399.0
2025-08-05,Millet (1kg),Mopti,378.8
2025-08-06,Millet (1kg),Mopti,382.6
2025-08-07,Millet (1kg),Mopti,397.6
2025-08-08,Millet (1kg),Mopti,408.3
2025-08-09,Millet (1kg),Mopti,397.1
2025-08-10,Millet (1kg),Mopti,390.5
2025-08-11,Millet (1kg),Mopti,394.0
2025-08-12,Millet (1kg),Mopti,381.5
2025-08-13,Millet (1kg),Mopti,400.8
2025-08-14,Millet (1kg),Mopti,403.9
2025-08-15,Millet (1kg),Mopti,390.4
2025-08-16,Millet (1kg),Mopti,390.5
2025-08-17,Millet (1kg),Mopti,398.2
2025-08-18,Millet (1kg),Mopti,391.2
2025-08-19,Millet (1kg),Mopti,395.2
2025-08-20,Millet (1kg),Mopti,417.6
2025-08-21,Millet (1kg),Mopti,393.6
2025-08-22,Millet (1kg),Mopti,392.6
2025-08-23,Millet (1kg),Mopti,389.8
2025-08-24,Millet (1kg),Mopti,404.1
2025-08-25,Millet (1kg),Mopti,394.7
2025-08-26,Millet (1kg),Mopti,390.0
2025-08-27,Millet (1kg),Mopti,410.2
2025-08-28,Millet (1kg),Mopti,411.3
2025-08-29,Millet (1kg),Mopti,390.6
2025-08-30,Millet (1kg),Mopti,377.6
2025-08-31,Millet (1kg),Mopti,407.0
2025-09-01,Millet (1kg),Mopti,389.6
2025-09-02,Millet (1kg),Mopti,404.7
2025-09-03,Millet (1kg),Mopti,376.3
2025-09-04,Millet (1kg),Mopti,405.6
2025-09-05,Millet (1kg),Mopti,383.9
2025-09-06,Millet (1kg),Mopti,403.7
2025-09-07,Millet (1kg),Mopti,396.2
2025-09-08,Millet (1kg),Mopti,386.2
2025-09-09,Millet (1kg),Mopti,391.6
2025-09-10,Millet (1kg),Mopti,402.6
2025-09-11,Millet (1kg),Mopti,396.5
2025-09-12,Millet (1kg),Mopti,401.2
2025-09-13,Millet (1kg),Mopti,415.2
2025-09-14,Millet (1kg),Mopti,378.7
2025-09-15,Millet (1kg),Mopti,411.1
2025-09-16,Millet (1kg),Mopti,395.3
2025-09-17,Millet (1kg),Mopti,384.7
2025-09-18,Millet (1kg),Mopti,379.9
2025-09-19,Millet (1kg),Mopti,391.3
2025-09-20,Millet (1kg),Mopti,402.4
2025-09-21,Millet (1kg),Mopti,391.3
2025-09-22,Millet (1kg),Mopti,407.7
2025-09-23,Millet (1kg),Mopti,376.9
2025-09-24,Millet (1kg),Mopti,391.3
2025-09-25,Millet (1kg),Mopti,378.2
2025-09-26,Millet (1kg),Mopti,394.3
2025-09-27,Millet (1kg),Mopti,399.3
2025-09-28,Millet (1kg),Mopti,385.4
2025-09-29,Millet (1kg),Mopti,362.5
2025-09-30,Millet (1kg),Mopti,390.8
2025-10-01,Millet (1kg),Mopti,392.7
2025-10-02,Millet (1kg),Mopti,391.9
2025-10-03,Millet (1kg),Mopti,399.9
2025-10-04,Millet (1kg),Mopti,375.7
2025-10-05,Millet (1kg),Mopti,393.1
2025-10-06,Millet (1kg),Mopti,397.8
2025-10-07,Millet (1kg),Mopti,366.7
2025-10-08,Millet (1kg),Mopti,387.7
2025-10-09,Millet (1kg),Mopti,378.6
2025-10-10,Millet (1kg),Mopti,382.3
2025-10-11,Millet (1kg),Mopti,386.1
2025-10-12,Millet (1kg),Mopti,376.9
2025-10-13,Millet (1kg),Mopti,374.3
2025-10-14,Millet (1kg),Mopti,381.0
2025-10-15,Millet (1kg),Mopti,368.8
2025-10-16,Millet (1kg),Mopti,368.1
2025-10-17,Millet (1kg),Mopti,385.5
2025-10-18,Millet (1kg),Mopti,366.1
2025-10-19,Millet (1kg),Mopti,384.0
2025-10-20,Millet (1kg),Mopti,381.2
2025-10-21,Millet (1kg),Mopti,358.0
2025-10-22,Millet (1kg),Mopti,368.0
2025-10-23,Millet (1kg),Mopti,386.4
2025-10-24,Millet (1kg),Mopti,363.3
2025-10-25,Millet (1kg),Mopti,367.9
2025-10-26,Millet (1kg),Mopti,376.6
2025-10-27,Millet (1kg),Mopti,379.1
2025-10-28,Millet (1kg),Mopti,367.7
2025-10-29,Millet (1kg),Mopti,363.3
2025-10-30,Millet (1kg),Mopti,383.2
2025-10-31,Millet (1kg),Mopti,385.6
2025-11-01,Millet (1kg),Mopti,377.0
2025-11-02,Millet (1kg),Mopti,367.0
2025-11-03,Millet (1kg),Mopti,357.0
2025-11-04,Millet (1kg),Mopti,355.9
2025-11-05,Millet (1kg),Mopti,368.9
2025-11-06,Millet (1kg),Mopti,367.0
2025-11-07,Millet (1kg),Mopti,376.2
2025-11-08,Millet (1kg),Mopti,367.6
2025-11-09,Millet (1kg),Mopti,344.6
2025-11-10,Millet (1kg),Mopti,369.9
2025-11-11,Millet (1kg),Mopti,348.0
2025-11-12,Millet (1kg),Mopti,353.4
2025-11-13,Millet (1kg),Mopti,359.0
2025-11-14,Millet (1kg),Mopti,376.0
2025-11-15,Millet (1kg),Mopti,386.5
2025-11-16,Millet (1kg),Mopti,359.9
2025-11-17,Millet (1kg),Mopti,350.9
2025-11-18,Millet (1kg),Mopti,357.3
2025-11-19,Millet (1kg),Mopti,360.0
2025-11-20,Millet (1kg),Mopti,346.7
2025-11-21,Millet (1kg),Mopti,367.5
2025-11-22,Millet (1kg),Mopti,350.5
2025-11-23,Millet (1kg),Mopti,352.3
2025-11-24,Millet (1kg),Mopti,353.1
2025-11-25,Millet (1kg),Mopti,349.6
2025-11-26,Millet (1kg),Mopti,353.0
2025-11-27,Millet (1kg),Mopti,337.1
2025-11-28,Millet (1kg),Mopti,336.7
2025-11-29,Millet (1kg),Mopti,330.2
2025-11-30,Millet (1kg),Mopti,345.1
2025-12-01,Millet (1kg),Mopti,347.6
2025-12-02,Millet (1kg),Mopti,343.4
2025-12-03,Millet (1kg),Mopti,354.9
2025-12-04,Millet (1kg),Mopti,336.8
2025-12-05,Millet (1kg),Mopti,342.8
2025-12-06,Millet (1kg),Mopti,323.8
2025-12-07,Millet (1kg),Mopti,330.1
2025-12-08,Millet (1kg),Mopti,340.2
2025-12-09,Millet (1kg),Mopti,340.9
2025-12-10,Millet (1kg),Mopti,328.2
2025-12-11,Millet (1kg),Mopti,329.6
2025-12-12,Millet (1kg),Mopti,313.8
2025-12-13,Millet (1kg),Mopti,324.8
2025-12-14,Millet (1kg),Mopti,336.7
2025-12-15,Millet (1kg),Mopti,332.6
2025-12-16,Millet (1kg),Mopti,330.9
2025-12-17,Millet (1kg),Mopti,325.4
2025-12-18,Millet (1kg),Mopti,324.0
2025-12-19,Millet (1kg),Mopti,316.3
2025-12-20,Millet (1kg),Mopti,329.4
2025-12-21,Millet (1kg),Mopti,325.7
2025-12-22,Millet (1kg),Mopti,325.5
2025-12-23,Millet (1kg),Mopti,314.2
2025-12-24,Millet (1kg),Mopti,296.7
2025-12-25,Millet (1kg),Mopti,329.2
2025-12-26,Millet (1kg),Mopti,312.1
2025-12-27,Millet (1kg),Mopti,307.4
2025-12-28,Millet (1kg),Mopti,322.5
2025-12-29,Millet (1kg),Mopti,310.5
2025-12-30,Millet (1kg),Mopti,324.6
2025-12-31,Millet (1kg),Mopti,319.3
2026-01-01,Millet (1kg),Mopti,319.2
2026-01-02,Millet (1kg),Mopti,297.4
2026-01-03,Millet (1kg),Mopti,323.0
2026-01-04,Millet (1kg),Mopti,312.5
2026-01-05,Millet (1kg),Mopti,305.3
2026-01-06,Millet (1kg),Mopti,309.8
2026-01-07,Millet (1kg),Mopti,289.4
2026-01-08,Millet (1kg),Mopti,311.1
2026-01-09,Millet (1kg),Mopti,295.6
2026-01-10,Millet (1kg),Mopti,291.6
2026-01-11,Millet (1kg),Mopti,289.1
2026-01-12,Millet (1kg),Mopti,315.5
2026-01-13,Millet (1kg),Mopti,296.9
2026-01-14,Millet (1kg),Mopti,318.5
2026-01-15,Millet (1kg),Mopti,296.6
2026-01-16,Millet (1kg),Mopti,283.9
2026-01-17,Millet (1kg),Mopti,289.4
2026-01-18,Millet (1kg),Mopti,312.9
2026-01-19,Millet (1kg),Mopti,298.0
2026-01-20,Millet (1kg),Mopti,293.4
2026-01-21,Millet (1kg),Mopti,300.1
2026-01-22,Millet (1kg),Mopti,303.0
2026-01-23,Millet (1kg),Mopti,308.8
2026-01-24,Millet (1kg),Mopti,311.6
2026-01-25,Millet (1kg),Mopti,292.6
2026-01-26,Millet (1kg),Mopti,282.1
2026-01-27,Millet (1kg),Mopti,291.0
2026-01-28,Millet (1kg),Mopti,297.4
2026-01-29,Millet (1kg),Mopti,284.4
2026-01-30,Millet (1kg),Mopti,284.0
2026-01-31,Millet (1kg),Mopti,296.9
2026-02-01,Millet (1kg),Mopti,292.5
2026-02-02,Millet (1kg),Mopti,292.9
2026-02-03,Millet (1kg),Mopti,284.4
2026-02-04,Millet (1kg),Mopti,289.4
2026-02-05,Millet (1kg),Mopti,281.9
2026-02-06,Millet (1kg),Mopti,300.2
2026-02-07,Millet (1kg),Mopti,301.4
2026-02-08,Millet (1kg),Mopti,271.5
2026-02-09,Millet (1kg),Mopti,280.6
2026-02-10,Millet (1kg),Mopti,274.5
2026-02-11,Millet (1kg),Mopti,282.9
2026-02-12,Millet (1kg),Mopti,288.4
2026-02-13,Millet (1kg),Mopti,274.2
2026-02-14,Millet (1kg),Mopti,279.3
2026-02-15,Millet (1kg),Mopti,278.3
2026-02-16,Millet (1kg),Mopti,290.5
2026-02-17,Millet (1kg),Mopti,288.9
2026-02-18,Millet (1kg),Mopti,280.6
2026-02-19,Millet (1kg),Mopti,289.7
2026-02-20,Millet (1kg),Mopti,282.2
2026-02-21,Millet (1kg),Mopti,284.9
2026-02-22,Millet (1kg),Mopti,304.7
2026-02-23,Millet (1kg),Mopti,301.2
2026-02-24,Millet (1kg),Mopti,274.1
2026-02-25,Millet (1kg),Mopti,295.9
2026-02-26,Millet (1kg),Mopti,295.6
2026-02-27,Millet (1kg),Mopti,275.5
2026-02-28,Millet (1kg),Mopti,295.7
2026-03-01,Millet (1kg),Mopti,303.1
2026-03-02,Millet (1kg),Mopti,275.8
2026-03-03,Millet (1kg),Mopti,278.0
2026-03-04,Millet (1kg),Mopti,297.9
2026-03-05,Millet (1kg),Mopti,290.3
2026-03-06,Millet (1kg),Mopti,293.3
2026-03-07,Millet (1kg),Mopti,291.2
2026-03-08,Millet (1kg),Mopti,291.8
2026-03-09,Millet (1kg),Mopti,274.4
2026-03-10,Millet (1kg),Mopti,298.9
2026-03-11,Millet (1kg),Mopti,300.3
2026-03-12,Millet (1kg),Mopti,286.1
2026-03-13,Millet (1kg),Mopti,288.3
2026-03-14,Millet (1kg),Mopti,273.2
2026-03-15,Millet (1kg),Mopti,294.4
2026-03-16,Millet (1kg),Mopti,295.3
2026-03-17,Millet (1kg),Mopti,289.0
2026-03-18,Millet (1kg),Mopti,301.5
2026-03-19,Millet (1kg),Mopti,286.8
2026-03-20,Millet (1kg),Mopti,296.4
2026-03-21,Millet (1kg),Mopti,280.4
2026-03-22,Millet (1kg),Mopti,291.0
2026-03-23,Millet (1kg),Mopti,289.8
2026-03-24,Millet (1kg),Mopti,294.3
2026-03-25,Millet (1kg),Mopti,288.6
2026-03-26,Millet (1kg),Mopti,291.4
2026-03-27,Millet (1kg),Mopti,301.7
2026-03-28,Millet (1kg),Mopti,289.1
2026-03-29,Millet (1kg),Mopti,277.6
2026-03-30,Millet (1kg),Mopti,312.5
2026-03-31,Millet (1kg),Mopti,309.2
2026-04-01,Millet (1kg),Mopti,282.2
2026-04-02,Millet (1kg),Mopti,303.1
2026-04-03,Millet (1kg),Mopti,291.4
2026-04-04,Millet (1kg),Mopti,299.8
2026-04-05,Millet (1kg),Mopti,300.6
2026-04-06,Millet (1kg),Mopti,295.7
2026-04-07,Millet (1kg),Mopti,290.7
2026-04-08,Millet (1kg),Mopti,292.2
2026-04-09,Millet (1kg),Mopti,290.5
2026-04-10,Millet (1kg),Mopti,292.0
2026-04-11,Millet (1kg),Mopti,300.4
2026-04-12,Millet (1kg),Mopti,294.4
2026-04-13,Millet (1kg),Mopti,309.4
2026-04-14,Millet (1kg),Mopti,318.3
2026-04-15,Millet (1kg),Mopti,297.8
2026-04-16,Millet (1kg),Mopti,306.9
2026-04-17,Millet (1kg),Mopti,310.2
2026-04-18,Millet (1kg),Mopti,310.6
2026-04-19,Millet (1kg),Mopti,307.3
2026-04-20,Millet (1kg),Mopti,314.8
2026-04-21,Millet (1kg),Mopti,312.9
2026-04-22,Millet (1kg),Mopti,296.0
2026-04-23,Millet (1kg),Mopti,318.4
2026-04-24,Millet (1kg),Mopti,319.3
2026-04-25,Millet (1kg),Mopti,303.2
2026-04-26,Millet (1kg),Mopti,312.2
2026-04-27,Millet (1kg),Mopti,319.6
2026-04-28,Millet (1kg),Mopti,311.2
2026-04-29,Millet (1kg),Mopti,325.2
2026-04-30,Millet (1kg),Mopti,339.2
2026-05-01,Millet (1kg),Mopti,307.7
2026-05-02,Millet (1kg),Mopti,302.5
2026-05-03,Millet (1kg),Mopti,320.6
2026-05-04,Millet (1kg),Mopti,325.7
2026-05-05,Millet (1kg),Mopti,316.8
2026-05-06,Millet (1kg),Mopti,334.9
2026-05-07,Millet (1kg),Mopti,307.2
2026-05-08,Millet (1kg),Mopti,328.9
2026-05-09,Millet (1kg),Mopti,316.4
2026-05-10,Millet (1kg),Mopti,341.2
2026-05-11,Millet (1kg),Mopti,344.9
2026-05-12,Millet (1kg),Mopti,317.4
2026-05-13,Millet (1kg),Mopti,320.6
2026-05-14,Millet (1kg),Mopti,335.9
2026-05-15,Millet (1kg),Mopti,324.1
2026-05-16,Millet (1kg),Mopti,328.5
2026-05-17,Millet (1kg),Mopti,330.1
2026-05-18,Millet (1kg),Mopti,311.1
2026-05-19,Millet (1kg),Mopti,331.6
2026-05-20,Millet (1kg),Mopti,325.6
2026-05-21,Millet (1kg),Mopti,328.5
2026-05-22,Millet (1kg),Mopti,349.3
2026-05-23,Millet (1kg),Mopti,322.5
2026-05-24,Millet (1kg),Mopti,344.7
2026-05-25,Millet (1kg),Mopti,334.4
2026-05-26,Millet (1kg),Mopti,335.4
2026-05-27,Millet (1kg),Mopti,347.3
2026-05-28,Millet (1kg),Mopti,343.6
2026-05-29,Millet (1kg),Mopti,346.9
2026-05-30,Millet (1kg),Mopti,351.9
2026-05-31,Millet (1kg),Mopti,339.5
2026-06-01,Millet (1kg),Mopti,337.6
2026-06-02,Millet (1kg),Mopti,333.7
2026-06-03,Millet (1kg),Mopti,337.3
2026-06-04,Millet (1kg),Mopti,377.0
2026-06-05,Millet (1kg),Mopti,360.4
2026-06-06,Millet (1kg),Mopti,334.7
2026-06-07,Millet (1kg),Mopti,335.9
2026-06-08,Millet (1kg),Mopti,355.4
2026-06-09,Millet (1kg),Mopti,357.0
2026-06-10,Millet (1kg),Mopti,357.9
2026-06-11,Millet (1kg),Mopti,350.6
2026-06-12,Millet (1kg),Mopti,352.9
2026-06-13,Millet (1kg),Mopti,358.4
2026-06-14,Millet (1kg),Mopti,356.9
2026-06-15,Millet (1kg),Mopti,334.1
2026-06-16,Millet (1kg),Mopti,355.4
2026-06-17,Millet (1kg),Mopti,349.9
2026-06-18,Millet (1kg),Mopti,361.4
2026-06-19,Millet (1kg),Mopti,391.1
2026-06-20,Millet (1kg),Mopti,365.1
2026-06-21,Millet (1kg),Mopti,359.0
2026-06-22,Millet (1kg),Mopti,372.6
2026-06-23,Millet (1kg),Mopti,368.9
2026-06-24,Millet (1kg),Mopti,369.1
2026-06-25,Millet (1kg),Mopti,371.9
2026-06-26,Millet (1kg),Mopti,387.6
2026-06-27,Millet (1kg),Mopti,355.8
2026-06-28,Millet (1kg),Mopti,373.1
2026-06-29,Millet (1kg),Mopti,359.5
2026-06-30,Millet (1kg),Mopti,375.5
2026-07-01,Millet (1kg),Mopti,361.2
2026-07-02,Millet (1kg),Mopti,367.2
2026-07-03,Millet (1kg),Mopti,369.2
2026-07-04,Millet (1kg),Mopti,383.0
2026-07-05,Millet (1kg),Mopti,383.2
2026-07-06,Millet (1kg),Mopti,361.8
2026-07-07,Millet (1kg),Mopti,375.9
2026-07-08,Millet (1kg),Mopti,368.8
2026-07-09,Millet (1kg),Mopti,363.9
2026-07-10,Millet (1kg),Mopti,375.3
2026-07-11,Millet (1kg),Mopti,375.0
2026-07-12,Millet (1kg),Mopti,403.8
2026-07-13,Millet (1kg),Mopti,384.0
2026-07-14,Millet (1kg),Mopti,366.1
2026-07-15,Millet (1kg),Mopti,375.1
2026-07-16,Millet (1kg),Mopti,392.1
2026-07-17,Millet (1kg),Mopti,403.7
2026-07-18,Millet (1kg),Mopti,366.6
2026-07-19,Millet (1kg),Mopti,364.2
2026-07-20,Millet (1kg),Mopti,403.3
2026-07-21,Millet (1kg),Mopti,388.7
2026-07-22,Millet (1kg),Mopti,376.4
2026-07-23,Millet (1kg),Mopti,391.3
2026-07-24,Millet (1kg),Mopti,359.4
2026-07-25,Millet (1kg),Mopti,387.0
2026-07-26,Millet (1kg),Mopti,390.8
2026-07-27,Millet (1kg),Mopti,397.5
2026-07-28,Millet (1kg),Mopti,378.1
2026-07-29,Millet (1kg),Mopti,389.9
2025-07-29,Millet (1kg),Kayes,447.4
2025-07-30,Millet (1kg),Kayes,462.3
2025-07-31,Millet (1kg),Kayes,448.9
2025-08-01,Millet (1kg),Kayes,455.3
2025-08-02,Millet (1kg),Kayes,448.7
2025-08-03,Millet (1kg),Kayes,469.1
2025-08-04,Millet (1kg),Kayes,472.1
2025-08-05,Millet (1kg),Kayes,459.3
2025-08-06,Millet (1kg),Kayes,463.1
2025-08-07,Millet (1kg),Kayes,445.5
2025-08-08,Millet (1kg),Kayes,459.8
2025-08-09,Millet (1kg),Kayes,463.2
2025-08-10,Millet (1kg),Kayes,495.9
2025-08-11,Millet (1kg),Kayes,451.1
2025-08-12,Millet (1kg),Kayes,482.6
2025-08-13,Millet (1kg),Kayes,477.3
2025-08-14,Millet (1kg),Kayes,468.9
2025-08-15,Millet (1kg),Kayes,487.1
2025-08-16,Millet (1kg),Kayes,470.5
2025-08-17,Millet (1kg),Kayes,471.0
2025-08-18,Millet (1kg),Kayes,465.9
2025-08-19,Millet (1kg),Kayes,481.5
2025-08-20,Millet (1kg),Kayes,480.2
2025-08-21,Millet (1kg),Kayes,459.5
2025-08-22,Millet (1kg),Kayes,451.3
2025-08-23,Millet (1kg),Kayes,464.9
2025-08-24,Millet (1kg),Kayes,457.8
2025-08-25,Millet (1kg),Kayes,466.8
2025-08-26,Millet (1kg),Kayes,482.6
2025-08-27,Millet (1kg),Kayes,462.1
2025-08-28,Millet (1kg),Kayes,467.2
2025-08-29,Millet (1kg),Kayes,468.4
2025-08-30,Millet (1kg),Kayes,478.0
2025-08-31,Millet (1kg),Kayes,440.5
2025-09-01,Millet (1kg),Kayes,460.3
2025-09-02,Millet (1kg),Kayes,470.1
2025-09-03,Millet (1kg),Kayes,482.0
2025-09-04,Millet (1kg),Kayes,461.4
2025-09-05,Millet (1kg),Kayes,444.6
2025-09-06,Millet (1kg),Kayes,474.6
2025-09-07,Millet (1kg),Kayes,459.3
2025-09-08,Millet (1kg),Kayes,452.4
2025-09-09,Millet (1kg),Kayes,459.1
2025-09-10,Millet (1kg),Kayes,464.2
2025-09-11,Millet (1kg),Kayes,458.8
2025-09-12,Millet (1kg),Kayes,439.2
2025-09-13,Millet (1kg),Kayes,476.5
2025-09-14,Millet (1kg),Kayes,480.8
2025-09-15,Millet (1kg),Kayes,472.9
2025-09-16,Millet (1kg),Kayes,451.0
2025-09-17,Millet (1kg),Kayes,461.9
2025-09-18,Millet (1kg),Kayes,463.9
2025-09-19,Millet (1kg),Kayes,470.9
2025-09-20,Millet (1kg),Kayes,471.3
2025-09-21,Millet (1kg),Kayes,453.9
2025-09-22,Millet (1kg),Kayes,463.4
2025-09-23,Millet (1kg),Kayes,467.5
2025-09-24,Millet (1kg),Kayes,479.1
2025-09-25,Millet (1kg),Kayes,469.5
2025-09-26,Millet (1kg),Kayes,470.0
2025-09-27,Millet (1kg),Kayes,461.0
2025-09-28,Millet (1kg),Kayes,476.5
2025-09-29,Millet (1kg),Kayes,463.8
2025-09-30,Millet (1kg),Kayes,447.9
2025-10-01,Millet (1kg),Kayes,474.7
2025-10-02,Millet (1kg),Kayes,465.6
2025-10-03,Millet (1kg),Kayes,451.2
2025-10-04,Millet (1kg),Kayes,450.1
2025-10-05,Millet (1kg),Kayes,458.8
2025-10-06,Millet (1kg),Kayes,460.2
2025-10-07,Millet (1kg),Kayes,456.3
2025-10-08,Millet (1kg),Kayes,457.0
2025-10-09,Millet (1kg),Kayes,473.0
2025-10-10,Millet (1kg),Kayes,464.7
2025-10-11,Millet (1kg),Kayes,453.3
2025-10-12,Millet (1kg),Kayes,461.7
2025-10-13,Millet (1kg),Kayes,437.0
2025-10-14,Millet (1kg),Kayes,453.5
2025-10-15,Millet (1kg),Kayes,469.8
2025-10-16,Millet (1kg),Kayes,444.5
2025-10-17,Millet (1kg),Kayes,436.0
2025-10-18,Millet (1kg),Kayes,437.6
2025-10-19,Millet (1kg),Kayes,431.4
2025-10-20,Millet (1kg),Kayes,434.3
2025-10-21,Millet (1kg),Kayes,438.4
2025-10-22,Millet (1kg),Kayes,425.0
2025-10-23,Millet (1kg),Kayes,441.3
2025-10-24,Millet (1kg),Kayes,451.1
2025-10-25,Millet (1kg),Kayes,428.3
2025-10-26,Millet (1kg),Kayes,456.8
2025-10-27,Millet (1kg),Kayes,443.6
2025-10-28,Millet (1kg),Kayes,449.0
2025-10-29,Millet (1kg),Kayes,427.6
2025-10-30,Millet (1kg),Kayes,444.9
2025-10-31,Millet (1kg),Kayes,420.4
2025-11-01,Millet (1kg),Kayes,443.4
2025-11-02,Millet (1kg),Kayes,433.7
2025-11-03,Millet (1kg),Kayes,437.3
2025-11-04,Millet (1kg),Kayes,415.4
2025-11-05,Millet (1kg),Kayes,417.8
2025-11-06,Millet (1kg),Kayes,434.8
2025-11-07,Millet (1kg),Kayes,415.1
2025-11-08,Millet (1kg),Kayes,431.1
2025-11-09,Millet (1kg),Kayes,407.9
2025-11-10,Millet (1kg),Kayes,433.7
2025-11-11,Millet (1kg),Kayes,407.4
2025-11-12,Millet (1kg),Kayes,428.0
2025-11-13,Millet (1kg),Kayes,427.8
2025-11-14,Millet (1kg),Kayes,410.7
2025-11-15,Millet (1kg),Kayes,425.1
2025-11-16,Millet (1kg),Kayes,420.1
2025-11-17,Millet (1kg),Kayes,409.4
2025-11-18,Millet (1kg),Kayes,402.6
2025-11-19,Millet (1kg),Kayes,390.0
2025-11-20,Millet (1kg),Kayes,416.8
2025-11-21,Millet (1kg),Kayes,392.6
2025-11-22,Millet (1kg),Kayes,411.6
2025-11-23,Millet (1kg),Kayes,406.1
2025-11-24,Millet (1kg),Kayes,416.4
2025-11-25,Millet (1kg),Kayes,403.4
2025-11-26,Millet (1kg),Kayes,402.0
2025-11-27,Millet (1kg),Kayes,413.7
2025-11-28,Millet (1kg),Kayes,407.8
2025-11-29,Millet (1kg),Kayes,406.5
2025-11-30,Millet (1kg),Kayes,407.2
2025-12-01,Millet (1kg),Kayes,381.9
2025-12-02,Millet (1kg),Kayes,408.5
2025-12-03,Millet (1kg),Kayes,405.6
2025-12-04,Millet (1kg),Kayes,384.8
2025-12-05,Millet (1kg),Kayes,393.0
2025-12-06,Millet (1kg),Kayes,394.4
2025-12-07,Millet (1kg),Kayes,392.2
2025-12-08,Millet (1kg),Kayes,396.7
2025-12-09,Millet (1kg),Kayes,408.9
2025-12-10,Millet (1kg),Kayes,403.6
2025-12-11,Millet (1kg),Kayes,373.6
2025-12-12,Millet (1kg),Kayes,395.9
2025-12-13,Millet (1kg),Kayes,403.3
2025-12-14,Millet (1kg),Kayes,390.9
2025-12-15,Millet (1kg),Kayes,398.3
2025-12-16,Millet (1kg),Kayes,408.4
2025-12-17,Millet (1kg),Kayes,395.4
2025-12-18,Millet (1kg),Kayes,385.0
2025-12-19,Millet (1kg),Kayes,393.5
2025-12-20,Millet (1kg),Kayes,381.6
2025-12-21,Millet (1kg),Kayes,379.1
2025-12-22,Millet (1kg),Kayes,373.6
2025-12-23,Millet (1kg),Kayes,395.7
2025-12-24,Millet (1kg),Kayes,365.9
2025-12-25,Millet (1kg),Kayes,393.3
2025-12-26,Millet (1kg),Kayes,379.8
2025-12-27,Millet (1kg),Kayes,355.9
2025-12-28,Millet (1kg),Kayes,376.3
2025-12-29,Millet (1kg),Kayes,345.5
2025-12-30,Millet (1kg),Kayes,377.5
2025-12-31,Millet (1kg),Kayes,379.7
2026-01-01,Millet (1kg),Kayes,360.9
2026-01-02,Millet (1kg),Kayes,368.6
2026-01-03,Millet (1kg),Kayes,389.8
2026-01-04,Millet (1kg),Kayes,359.2
2026-01-05,Millet (1kg),Kayes,351.6
2026-01-06,Millet (1kg),Kayes,381.4
2026-01-07,Millet (1kg),Kayes,386.4
2026-01-08,Millet (1kg),Kayes,361.8
2026-01-09,Millet (1kg),Kayes,373.2
2026-01-10,Millet (1kg),Kayes,376.3
2026-01-11,Millet (1kg),Kayes,350.3
2026-01-12,Millet (1kg),Kayes,352.6
2026-01-13,Millet (1kg),Kayes,372.6
2026-01-14,Millet (1kg),Kayes,377.3
2026-01-15,Millet (1kg),Kayes,362.9
2026-01-16,Millet (1kg),Kayes,344.7
2026-01-17,Millet (1kg),Kayes,378.7
2026-01-18,Millet (1kg),Kayes,347.5
2026-01-19,Millet (1kg),Kayes,349.2
2026-01-20,Millet (1kg),Kayes,356.7
2026-01-21,Millet (1kg),Kayes,370.6
2026-01-22,Millet (1kg),Kayes,361.5
2026-01-23,Millet (1kg),Kayes,355.5
2026-01-24,Millet (1kg),Kayes,355.5
2026-01-25,Millet (1kg),Kayes,349.8
2026-01-26,Millet (1kg),Kayes,355.4
2026-01-27,Millet (1kg),Kayes,317.5
2026-01-28,Millet (1kg),Kayes,343.9
2026-01-29,Millet (1kg),Kayes,349.9
2026-01-30,Millet (1kg),Kayes,332.5
2026-01-31,Millet (1kg),Kayes,350.6
2026-02-01,Millet (1kg),Kayes,342.9
2026-02-02,Millet (1kg),Kayes,366.2
2026-02-03,Millet (1kg),Kayes,363.5
2026-02-04,Millet (1kg),Kayes,338.4
2026-02-05,Millet (1kg),Kayes,341.7
2026-02-06,Millet (1kg),Kayes,342.3
2026-02-07,Millet (1kg),Kayes,337.3
2026-02-08,Millet (1kg),Kayes,344.7
2026-02-09,Millet (1kg),Kayes,332.8
2026-02-10,Millet (1kg),Kayes,328.0
2026-02-11,Millet (1kg),Kayes,348.9
2026-02-12,Millet (1kg),Kayes,348.7
2026-02-13,Millet (1kg),Kayes,331.0
2026-02-14,Millet (1kg),Kayes,351.3
2026-02-15,Millet (1kg),Kayes,332.6
2026-02-16,Millet (1kg),Kayes,343.1
2026-02-17,Millet (1kg),Kayes,349.7
2026-02-18,Millet (1kg),Kayes,339.2
2026-02-19,Millet (1kg),Kayes,344.9
2026-02-20,Millet (1kg),Kayes,333.0
2026-02-21,Millet (1kg),Kayes,336.7
2026-02-22,Millet (1kg),Kayes,336.5
2026-02-23,Millet (1kg),Kayes,329.9
2026-02-24,Millet (1kg),Kayes,336.7
2026-02-25,Millet (1kg),Kayes,320.0
2026-02-26,Millet (1kg),Kayes,332.8
2026-02-27,Millet (1kg),Kayes,335.2
2026-02-28,Millet (1kg),Kayes,335.6
2026-03-01,Millet (1kg),Kayes,335.8
2026-03-02,Millet (1kg),Kayes,338.0
2026-03-03,Millet (1kg),Kayes,344.6
2026-03-04,Millet (1kg),Kayes,349.4
2026-03-05,Millet (1kg),Kayes,331.1
2026-03-06,Millet (1kg),Kayes,324.5
2026-03-07,Millet (1kg),Kayes,326.6
2026-03-08,Millet (1kg),Kayes,333.4
2026-03-09,Millet (1kg),Kayes,335.2
2026-03-10,Millet (1kg),Kayes,330.4
2026-03-11,Millet (1kg),Kayes,324.2
2026-03-12,Millet (1kg),Kayes,334.6
2026-03-13,Millet (1kg),Kayes,342.6
2026-03-14,Millet (1kg),Kayes,347.8
2026-03-15,Millet (1kg),Kayes,334.2
2026-03-16,Millet (1kg),Kayes,336.2
2026-03-17,Millet (1kg),Kayes,330.3
2026-03-18,Millet (1kg),Kayes,341.5
2026-03-19,Millet (1kg),Kayes,331.9
2026-03-20,Millet (1kg),Kayes,349.5
2026-03-21,Millet (1kg),Kayes,321.4
2026-03-22,Millet (1kg),Kayes,339.0
2026-03-23,Millet (1kg),Kayes,347.4
2026-03-24,Millet (1kg),Kayes,346.5
2026-03-25,Millet (1kg),Kayes,377.3
2026-03-26,Millet (1kg),Kayes,349.4
2026-03-27,Millet (1kg),Kayes,333.5
2026-03-28,Millet (1kg),Kayes,345.0
2026-03-29,Millet (1kg),Kayes,325.2
2026-03-30,Millet (1kg),Kayes,346.3
2026-03-31,Millet (1kg),Kayes,337.7
2026-04-01,Millet (1kg),Kayes,359.4
2026-04-02,Millet (1kg),Kayes,342.3
2026-04-03,Millet (1kg),Kayes,348.2
2026-04-04,Millet (1kg),Kayes,342.5
2026-04-05,Millet (1kg),Kayes,371.9
2026-04-06,Millet (1kg),Kayes,347.6
2026-04-07,Millet (1kg),Kayes,374.3
2026-04-08,Millet (1kg),Kayes,362.7
2026-04-09,Millet (1kg),Kayes,359.4
2026-04-10,Millet (1kg),Kayes,358.7
2026-04-11,Millet (1kg),Kayes,359.8
2026-04-12,Millet (1kg),Kayes,332.4
2026-04-13,Millet (1kg),Kayes,353.1
2026-04-14,Millet (1kg),Kayes,367.5
2026-04-15,Millet (1kg),Kayes,357.5
2026-04-16,Millet (1kg),Kayes,341.9
2026-04-17,Millet (1kg),Kayes,359.1
2026-04-18,Millet (1kg),Kayes,381.1
2026-04-19,Millet (1kg),Kayes,376.4
2026-04-20,Millet (1kg),Kayes,361.5
2026-04-21,Millet (1kg),Kayes,374.6
2026-04-22,Millet (1kg),Kayes,359.5
2026-04-23,Millet (1kg),Kayes,344.2
2026-04-24,Millet (1kg),Kayes,354.5
2026-04-25,Millet (1kg),Kayes,385.5
2026-04-26,Millet (1kg),Kayes,364.2
2026-04-27,Millet (1kg),Kayes,365.5
2026-04-28,Millet (1kg),Kayes,365.8
2026-04-29,Millet (1kg),Kayes,393.4
2026-04-30,Millet (1kg),Kayes,391.0
2026-05-01,Millet (1kg),Kayes,399.2
2026-05-02,Millet (1kg),Kayes,371.4
2026-05-03,Millet (1kg),Kayes,377.9
2026-05-04,Millet (1kg),Kayes,356.9
2026-05-05,Millet (1kg),Kayes,394.2
2026-05-06,Millet (1kg),Kayes,363.2
2026-05-07,Millet (1kg),Kayes,380.9
2026-05-08,Millet (1kg),Kayes,366.1
2026-05-09,Millet (1kg),Kayes,373.3
2026-05-10,Millet (1kg),Kayes,371.3
2026-05-11,Millet (1kg),Kayes,375.1
2026-05-12,Millet (1kg),Kayes,377.0
2026-05-13,Millet (1kg),Kayes,378.0
2026-05-14,Millet (1kg),Kayes,395.7
2026-05-15,Millet (1kg),Kayes,373.4
2026-05-16,Millet (1kg),Kayes,390.5
2026-05-17,Millet (1kg),Kayes,403.6
2026-05-18,Millet (1kg),Kayes,383.8
2026-05-19,Millet (1kg),Kayes,382.4
2026-05-20,Millet (1kg),Kayes,389.4
2026-05-21,Millet (1kg),Kayes,407.5
2026-05-22,Millet (1kg),Kayes,396.7
2026-05-23,Millet (1kg),Kayes,389.0
2026-05-24,Millet (1kg),Kayes,402.4
2026-05-25,Millet (1kg),Kayes,384.3
2026-05-26,Millet (1kg),Kayes,407.0
2026-05-27,Millet (1kg),Kayes,404.8
2026-05-28,Millet (1kg),Kayes,397.3
2026-05-29,Millet (1kg),Kayes,391.9
2026-05-30,Millet (1kg),Kayes,392.5
2026-05-31,Millet (1kg),Kayes,410.8
2026-06-01,Millet (1kg),Kayes,420.3
2026-06-02,Millet (1kg),Kayes,398.8
2026-06-03,Millet (1kg),Kayes,413.2
2026-06-04,Millet (1kg),Kayes,383.5
2026-06-05,Millet (1kg),Kayes,402.8
2026-06-06,Millet (1kg),Kayes,410.6
2026-06-07,Millet (1kg),Kayes,401.1
2026-06-08,Millet (1kg),Kayes,401.8
2026-06-09,Millet (1kg),Kayes,406.2
2026-06-10,Millet (1kg),Kayes,418.9
2026-06-11,Millet (1kg),Kayes,414.2
2026-06-12,Millet (1kg),Kayes,390.4
2026-06-13,Millet (1kg),Kayes,392.9
2026-06-14,Millet (1kg),Kayes,412.3
2026-06-15,Millet (1kg),Kayes,426.3
2026-06-16,Millet (1kg),Kayes,388.6
2026-06-17,Millet (1kg),Kayes,416.8
2026-06-18,Millet (1kg),Kayes,417.6
2026-06-19,Millet (1kg),Kayes,441.8
2026-06-20,Millet (1kg),Kayes,421.4
2026-06-21,Millet (1kg),Kayes,431.7
2026-06-22,Millet (1kg),Kayes,429.8
2026-06-23,Millet (1kg),Kayes,403.3
2026-06-24,Millet (1kg),Kayes,439.4
2026-06-25,Millet (1kg),Kayes,433.7
2026-06-26,Millet (1kg),Kayes,438.3
2026-06-27,Millet (1kg),Kayes,480.6
2026-06-28,Millet (1kg),Kayes,408.9
2026-06-29,Millet (1kg),Kayes,455.9
2026-06-30,Millet (1kg),Kayes,432.5
2026-07-01,Millet (1kg),Kayes,440.4
2026-07-02,Millet (1kg),Kayes,437.4
2026-07-03,Millet (1kg),Kayes,433.7
2026-07-04,Millet (1kg),Kayes,432.9
2026-07-05,Millet (1kg),Kayes,444.7
2026-07-06,Millet (1kg),Kayes,423.2
2026-07-07,Millet (1kg),Kayes,451.5
2026-07-08,Millet (1kg),Kayes,438.3
2026-07-09,Millet (1kg),Kayes,430.5
2026-07-10,Millet (1kg),Kayes,439.6
2026-07-11,Millet (1kg),Kayes,461.1
2026-07-12,Millet (1kg),Kayes,440.2
2026-07-13,Millet (1kg),Kayes,451.9
2026-07-14,Millet (1kg),Kayes,439.5
2026-07-15,Millet (1kg),Kayes,458.3
2026-07-16,Millet (1kg),Kayes,458.2
2026-07-17,Millet (1kg),Kayes,473.0
2026-07-18,Millet (1kg),Kayes,449.3
2026-07-19,Millet (1kg),Kayes,460.2
2026-07-20,Millet (1kg),Kayes,454.0
2026-07-21,Millet (1kg),Kayes,469.2
2026-07-22,Millet (1kg),Kayes,445.5
2026-07-23,Millet (1kg),Kayes,463.9
2026-07-24,Millet (1kg),Kayes,453.2
2026-07-25,Millet (1kg),Kayes,455.4
2026-07-26,Millet (1kg),Kayes,457.9
2026-07-27,Millet (1kg),Kayes,460.5
2026-07-28,Millet (1kg),Kayes,456.6
2026-07-29,Millet (1kg),Kayes,461.2
2025-07-29,Maïs Jaune (1kg),Bamako,382.0
2025-07-30,Maïs Jaune (1kg),Bamako,376.7
2025-07-31,Maïs Jaune (1kg),Bamako,376.0
2025-08-01,Maïs Jaune (1kg),Bamako,363.6
2025-08-02,Maïs Jaune (1kg),Bamako,359.8
2025-08-03,Maïs Jaune (1kg),Bamako,378.0
2025-08-04,Maïs Jaune (1kg),Bamako,377.7
2025-08-05,Maïs Jaune (1kg),Bamako,383.8
2025-08-06,Maïs Jaune (1kg),Bamako,364.1
2025-08-07,Maïs Jaune (1kg),Bamako,368.0
2025-08-08,Maïs Jaune (1kg),Bamako,354.7
2025-08-09,Maïs Jaune (1kg),Bamako,367.1
2025-08-10,Maïs Jaune (1kg),Bamako,380.8
2025-08-11,Maïs Jaune (1kg),Bamako,366.9
2025-08-12,Maïs Jaune (1kg),Bamako,377.9
2025-08-13,Maïs Jaune (1kg),Bamako,370.1
2025-08-14,Maïs Jaune (1kg),Bamako,375.4
2025-08-15,Maïs Jaune (1kg),Bamako,361.3
2025-08-16,Maïs Jaune (1kg),Bamako,373.5
2025-08-17,Maïs Jaune (1kg),Bamako,343.9
2025-08-18,Maïs Jaune (1kg),Bamako,371.2
2025-08-19,Maïs Jaune (1kg),Bamako,357.4
2025-08-20,Maïs Jaune (1kg),Bamako,385.0
2025-08-21,Maïs Jaune (1kg),Bamako,381.0
2025-08-22,Maïs Jaune (1kg),Bamako,378.1
2025-08-23,Maïs Jaune (1kg),Bamako,388.4
2025-08-24,Maïs Jaune (1kg),Bamako,364.6
2025-08-25,Maïs Jaune (1kg),Bamako,390.7
2025-08-26,Maïs Jaune (1kg),Bamako,382.9
2025-08-27,Maïs Jaune (1kg),Bamako,371.7
2025-08-28,Maïs Jaune (1kg),Bamako,385.0
2025-08-29,Maïs Jaune (1kg),Bamako,363.3
2025-08-30,Maïs Jaune (1kg),Bamako,366.0
2025-08-31,Maïs Jaune (1kg),Bamako,368.1
2025-09-01,Maïs Jaune (1kg),Bamako,368.8
2025-09-02,Maïs Jaune (1kg),Bamako,363.7
2025-09-03,Maïs Jaune (1kg),Bamako,385.6
2025-09-04,Maïs Jaune (1kg),Bamako,371.2
2025-09-05,Maïs Jaune (1kg),Bamako,377.0
2025-09-06,Maïs Jaune (1kg),Bamako,368.0
2025-09-07,Maïs Jaune (1kg),Bamako,355.8
2025-09-08,Maïs Jaune (1kg),Bamako,375.9
2025-09-09,Maïs Jaune (1kg),Bamako,354.6
2025-09-10,Maïs Jaune (1kg),Bamako,372.3
2025-09-11,Maïs Jaune (1kg),Bamako,359.5
2025-09-12,Maïs Jaune (1kg),Bamako,391.8
2025-09-13,Maïs Jaune (1kg),Bamako,381.1
2025-09-14,Maïs Jaune (1kg),Bamako,373.1
2025-09-15,Maïs Jaune (1kg),Bamako,384.1
2025-09-16,Maïs Jaune (1kg),Bamako,363.4
2025-09-17,Maïs Jaune (1kg),Bamako,376.6
2025-09-18,Maïs Jaune (1kg),Bamako,373.0
2025-09-19,Maïs Jaune (1kg),Bamako,373.3
2025-09-20,Maïs Jaune (1kg),Bamako,382.7
2025-09-21,Maïs Jaune (1kg),Bamako,377.2
2025-09-22,Maïs Jaune (1kg),Bamako,372.5
2025-09-23,Maïs Jaune (1kg),Bamako,353.4
2025-09-24,Maïs Jaune (1kg),Bamako,359.7
2025-09-25,Maïs Jaune (1kg),Bamako,367.4
2025-09-26,Maïs Jaune (1kg),Bamako,369.1
2025-09-27,Maïs Jaune (1kg),Bamako,356.9
2025-09-28,Maïs Jaune (1kg),Bamako,390.7
2025-09-29,Maïs Jaune (1kg),Bamako,381.6
2025-09-30,Maïs Jaune (1kg),Bamako,372.3
2025-10-01,Maïs Jaune (1kg),Bamako,366.7
2025-10-02,Maïs Jaune (1kg),Bamako,363.5
2025-10-03,Maïs Jaune (1kg),Bamako,355.8
2025-10-04,Maïs Jaune (1kg),Bamako,365.3
2025-10-05,Maïs Jaune (1kg),Bamako,366.5
2025-10-06,Maïs Jaune (1kg),Bamako,351.5
2025-10-07,Maïs Jaune (1kg),Bamako,366.2
2025-10-08,Maïs Jaune (1kg),Bamako,360.9
2025-10-09,Maïs Jaune (1kg),Bamako,343.4
2025-10-10,Maïs Jaune (1kg),Bamako,352.9
2025-10-11,Maïs Jaune (1kg),Bamako,356.6
2025-10-12,Maïs Jaune (1kg),Bamako,378.3
2025-10-13,Maïs Jaune (1kg),Bamako,364.8
2025-10-14,Maïs Jaune (1kg),Bamako,345.9
2025-10-15,Maïs Jaune (1kg),Bamako,362.9
2025-10-16,Maïs Jaune (1kg),Bamako,342.6
2025-10-17,Maïs Jaune (1kg),Bamako,367.3
2025-10-18,Maïs Jaune (1kg),Bamako,351.6
2025-10-19,Maïs Jaune (1kg),Bamako,354.6
2025-10-20,Maïs Jaune (1kg),Bamako,367.7
2025-10-21,Maïs Jaune (1kg),Bamako,341.7
2025-10-22,Maïs Jaune (1kg),Bamako,339.9
2025-10-23,Maïs Jaune (1kg),Bamako,347.1
2025-10-24,Maïs Jaune (1kg),Bamako,362.0
2025-10-25,Maïs Jaune (1kg),Bamako,336.6
2025-10-26,Maïs Jaune (1kg),Bamako,323.1
2025-10-27,Maïs Jaune (1kg),Bamako,345.4
2025-10-28,Maïs Jaune (1kg),Bamako,354.4
2025-10-29,Maïs Jaune (1kg),Bamako,359.9
2025-10-30,Maïs Jaune (1kg),Bamako,343.0
2025-10-31,Maïs Jaune (1kg),Bamako,342.7
2025-11-01,Maïs Jaune (1kg),Bamako,357.1
2025-11-02,Maïs Jaune (1kg),Bamako,327.0
2025-11-03,Maïs Jaune (1kg),Bamako,340.6
2025-11-04,Maïs Jaune (1kg),Bamako,345.4
2025-11-05,Maïs Jaune (1kg),Bamako,347.0
2025-11-06,Maïs Jaune (1kg),Bamako,337.0
2025-11-07,Maïs Jaune (1kg),Bamako,341.4
2025-11-08,Maïs Jaune (1kg),Bamako,316.2
2025-11-09,Maïs Jaune (1kg),Bamako,333.0
2025-11-10,Maïs Jaune (1kg),Bamako,342.9
2025-11-11,Maïs Jaune (1kg),Bamako,328.2
2025-11-12,Maïs Jaune (1kg),Bamako,337.4
2025-11-13,Maïs Jaune (1kg),Bamako,340.3
2025-11-14,Maïs Jaune (1kg),Bamako,331.8
2025-11-15,Maïs Jaune (1kg),Bamako,335.9
2025-11-16,Maïs Jaune (1kg),Bamako,324.1
2025-11-17,Maïs Jaune (1kg),Bamako,330.5
2025-11-18,Maïs Jaune (1kg),Bamako,337.6
2025-11-19,Maïs Jaune (1kg),Bamako,332.3
2025-11-20,Maïs Jaune (1kg),Bamako,324.2
2025-11-21,Maïs Jaune (1kg),Bamako,331.2
2025-11-22,Maïs Jaune (1kg),Bamako,335.1
2025-11-23,Maïs Jaune (1kg),Bamako,307.4
2025-11-24,Maïs Jaune (1kg),Bamako,337.6
2025-11-25,Maïs Jaune (1kg),Bamako,322.3
2025-11-26,Maïs Jaune (1kg),Bamako,328.7
2025-11-27,Maïs Jaune (1kg),Bamako,335.3
2025-11-28,Maïs Jaune (1kg),Bamako,309.6
2025-11-29,Maïs Jaune (1kg),Bamako,315.1
2025-11-30,Maïs Jaune (1kg),Bamako,318.3
2025-12-01,Maïs Jaune (1kg),Bamako,312.6
2025-12-02,Maïs Jaune (1kg),Bamako,336.1
2025-12-03,Maïs Jaune (1kg),Bamako,310.1
2025-12-04,Maïs Jaune (1kg),Bamako,312.2
2025-12-05,Maïs Jaune (1kg),Bamako,318.6
2025-12-06,Maïs Jaune (1kg),Bamako,304.1
2025-12-07,Maïs Jaune (1kg),Bamako,311.1
2025-12-08,Maïs Jaune (1kg),Bamako,317.1
2025-12-09,Maïs Jaune (1kg),Bamako,309.9
2025-12-10,Maïs Jaune (1kg),Bamako,311.4
2025-12-11,Maïs Jaune (1kg),Bamako,306.3
2025-12-12,Maïs Jaune (1kg),Bamako,295.9
2025-12-13,Maïs Jaune (1kg),Bamako,312.8
2025-12-14,Maïs Jaune (1kg),Bamako,325.8
2025-12-15,Maïs Jaune (1kg),Bamako,308.1
2025-12-16,Maïs Jaune (1kg),Bamako,309.3
2025-12-17,Maïs Jaune (1kg),Bamako,312.9
2025-12-18,Maïs Jaune (1kg),Bamako,293.1
2025-12-19,Maïs Jaune (1kg),Bamako,321.0
2025-12-20,Maïs Jaune (1kg),Bamako,305.7
2025-12-21,Maïs Jaune (1kg),Bamako,318.7
2025-12-22,Maïs Jaune (1kg),Bamako,295.0
2025-12-23,Maïs Jaune (1kg),Bamako,318.9
2025-12-24,Maïs Jaune (1kg),Bamako,308.0
2025-12-25,Maïs Jaune (1kg),Bamako,305.0
2025-12-26,Maïs Jaune (1kg),Bamako,301.1
2025-12-27,Maïs Jaune (1kg),Bamako,295.7
2025-12-28,Maïs Jaune (1kg),Bamako,308.9
2025-12-29,Maïs Jaune (1kg),Bamako,297.9
2025-12-30,Maïs Jaune (1kg),Bamako,276.8
2025-12-31,Maïs Jaune (1kg),Bamako,284.2
2026-01-01,Maïs Jaune (1kg),Bamako,292.5
2026-01-02,Maïs Jaune (1kg),Bamako,296.5
2026-01-03,Maïs Jaune (1kg),Bamako,292.3
2026-01-04,Maïs Jaune (1kg),Bamako,303.9
2026-01-05,Maïs Jaune (1kg),Bamako,272.5
2026-01-06,Maïs Jaune (1kg),Bamako,292.0
2026-01-07,Maïs Jaune (1kg),Bamako,272.4
2026-01-08,Maïs Jaune (1kg),Bamako,296.6
2026-01-09,Maïs Jaune (1kg),Bamako,287.7
2026-01-10,Maïs Jaune (1kg),Bamako,292.0
2026-01-11,Maïs Jaune (1kg),Bamako,278.9
2026-01-12,Maïs Jaune (1kg),Bamako,299.0
2026-01-13,Maïs Jaune (1kg),Bamako,296.1
2026-01-14,Maïs Jaune (1kg),Bamako,291.0
2026-01-15,Maïs Jaune (1kg),Bamako,283.5
2026-01-16,Maïs Jaune (1kg),Bamako,289.8
2026-01-17,Maïs Jaune (1kg),Bamako,276.7
2026-01-18,Maïs Jaune (1kg),Bamako,291.3
2026-01-19,Maïs Jaune (1kg),Bamako,298.4
2026-01-20,Maïs Jaune (1kg),Bamako,292.2
2026-01-21,Maïs Jaune (1kg),Bamako,274.3
2026-01-22,Maïs Jaune (1kg),Bamako,284.3
2026-01-23,Maïs Jaune (1kg),Bamako,267.8
2026-01-24,Maïs Jaune (1kg),Bamako,285.3
2026-01-25,Maïs Jaune (1kg),Bamako,283.6
2026-01-26,Maïs Jaune (1kg),Bamako,260.7
2026-01-27,Maïs Jaune (1kg),Bamako,267.1
2026-01-28,Maïs Jaune (1kg),Bamako,275.1
2026-01-29,Maïs Jaune (1kg),Bamako,274.5
2026-01-30,Maïs Jaune (1kg),Bamako,265.3
2026-01-31,Maïs Jaune (1kg),Bamako,280.4
2026-02-01,Maïs Jaune (1kg),Bamako,278.6
2026-02-02,Maïs Jaune (1kg),Bamako,273.9
2026-02-03,Maïs Jaune (1kg),Bamako,268.1
2026-02-04,Maïs Jaune (1kg),Bamako,285.2
2026-02-05,Maïs Jaune (1kg),Bamako,290.7
2026-02-06,Maïs Jaune (1kg),Bamako,269.7
2026-02-07,Maïs Jaune (1kg),Bamako,268.2
2026-02-08,Maïs Jaune (1kg),Bamako,278.5
2026-02-09,Maïs Jaune (1kg),Bamako,270.0
2026-02-10,Maïs Jaune (1kg),Bamako,271.9
2026-02-11,Maïs Jaune (1kg),Bamako,280.1
2026-02-12,Maïs Jaune (1kg),Bamako,254.2
2026-02-13,Maïs Jaune (1kg),Bamako,285.2
2026-02-14,Maïs Jaune (1kg),Bamako,273.0
2026-02-15,Maïs Jaune (1kg),Bamako,268.1
2026-02-16,Maïs Jaune (1kg),Bamako,271.0
2026-02-17,Maïs Jaune (1kg),Bamako,271.3
2026-02-18,Maïs Jaune (1kg),Bamako,254.8
2026-02-19,Maïs Jaune (1kg),Bamako,285.9
2026-02-20,Maïs Jaune (1kg),Bamako,271.7
2026-02-21,Maïs Jaune (1kg),Bamako,275.4
2026-02-22,Maïs Jaune (1kg),Bamako,280.3
2026-02-23,Maïs Jaune (1kg),Bamako,261.1
2026-02-24,Maïs Jaune (1kg),Bamako,275.5
2026-02-25,Maïs Jaune (1kg),Bamako,268.3
2026-02-26,Maïs Jaune (1kg),Bamako,279.0
2026-02-27,Maïs Jaune (1kg),Bamako,250.2
2026-02-28,Maïs Jaune (1kg),Bamako,269.9
2026-03-01,Maïs Jaune (1kg),Bamako,265.0
2026-03-02,Maïs Jaune (1kg),Bamako,275.0
2026-03-03,Maïs Jaune (1kg),Bamako,275.4
2026-03-04,Maïs Jaune (1kg),Bamako,264.1
2026-03-05,Maïs Jaune (1kg),Bamako,264.1
2026-03-06,Maïs Jaune (1kg),Bamako,270.0
2026-03-07,Maïs Jaune (1kg),Bamako,262.5
2026-03-08,Maïs Jaune (1kg),Bamako,279.5
2026-03-09,Maïs Jaune (1kg),Bamako,267.9
2026-03-10,Maïs Jaune (1kg),Bamako,243.5
2026-03-11,Maïs Jaune (1kg),Bamako,268.2
2026-03-12,Maïs Jaune (1kg),Bamako,261.9
2026-03-13,Maïs Jaune (1kg),Bamako,256.4
2026-03-14,Maïs Jaune (1kg),Bamako,260.4
2026-03-15,Maïs Jaune (1kg),Bamako,273.6
2026-03-16,Maïs Jaune (1kg),Bamako,285.7
2026-03-17,Maïs Jaune (1kg),Bamako,276.1
2026-03-18,Maïs Jaune (1kg),Bamako,267.5
2026-03-19,Maïs Jaune (1kg),Bamako,278.0
2026-03-20,Maïs Jaune (1kg),Bamako,269.5
2026-03-21,Maïs Jaune (1kg),Bamako,267.5
2026-03-22,Maïs Jaune (1kg),Bamako,263.4
2026-03-23,Maïs Jaune (1kg),Bamako,257.9
2026-03-24,Maïs Jaune (1kg),Bamako,271.5
2026-03-25,Maïs Jaune (1kg),Bamako,277.1
2026-03-26,Maïs Jaune (1kg),Bamako,275.1
2026-03-27,Maïs Jaune (1kg),Bamako,272.4
2026-03-28,Maïs Jaune (1kg),Bamako,267.6
2026-03-29,Maïs Jaune (1kg),Bamako,283.1
2026-03-30,Maïs Jaune (1kg),Bamako,264.9
2026-03-31,Maïs Jaune (1kg),Bamako,285.6
2026-04-01,Maïs Jaune (1kg),Bamako,268.9
2026-04-02,Maïs Jaune (1kg),Bamako,271.8
2026-04-03,Maïs Jaune (1kg),Bamako,265.3
2026-04-04,Maïs Jaune (1kg),Bamako,275.2
2026-04-05,Maïs Jaune (1kg),Bamako,290.0
2026-04-06,Maïs Jaune (1kg),Bamako,286.0
2026-04-07,Maïs Jaune (1kg),Bamako,291.1
2026-04-08,Maïs Jaune (1kg),Bamako,287.2
2026-04-09,Maïs Jaune (1kg),Bamako,272.0
2026-04-10,Maïs Jaune (1kg),Bamako,280.1
2026-04-11,Maïs Jaune (1kg),Bamako,276.3
2026-04-12,Maïs Jaune (1kg),Bamako,297.3
2026-04-13,Maïs Jaune (1kg),Bamako,273.5
2026-04-14,Maïs Jaune (1kg),Bamako,294.3
2026-04-15,Maïs Jaune (1kg),Bamako,295.0
2026-04-16,Maïs Jaune (1kg),Bamako,304.7
2026-04-17,Maïs Jaune (1kg),Bamako,283.6
2026-04-18,Maïs Jaune (1kg),Bamako,295.2
2026-04-19,Maïs Jaune (1kg),Bamako,311.0
2026-04-20,Maïs Jaune (1kg),Bamako,283.6
2026-04-21,Maïs Jaune (1kg),Bamako,275.5
2026-04-22,Maïs Jaune (1kg),Bamako,272.8
2026-04-23,Maïs Jaune (1kg),Bamako,298.6
2026-04-24,Maïs Jaune (1kg),Bamako,274.2
2026-04-25,Maïs Jaune (1kg),Bamako,289.6
2026-04-26,Maïs Jaune (1kg),Bamako,298.1
2026-04-27,Maïs Jaune (1kg),Bamako,296.4
2026-04-28,Maïs Jaune (1kg),Bamako,299.5
2026-04-29,Maïs Jaune (1kg),Bamako,298.3
2026-04-30,Maïs Jaune (1kg),Bamako,309.3
2026-05-01,Maïs Jaune (1kg),Bamako,288.5
2026-05-02,Maïs Jaune (1kg),Bamako,291.9
2026-05-03,Maïs Jaune (1kg),Bamako,291.8
2026-05-04,Maïs Jaune (1kg),Bamako,308.1
2026-05-05,Maïs Jaune (1kg),Bamako,309.6
2026-05-06,Maïs Jaune (1kg),Bamako,306.1
2026-05-07,Maïs Jaune (1kg),Bamako,314.0
2026-05-08,Maïs Jaune (1kg),Bamako,291.9
2026-05-09,Maïs Jaune (1kg),Bamako,320.3
2026-05-10,Maïs Jaune (1kg),Bamako,319.7
2026-05-11,Maïs Jaune (1kg),Bamako,312.9
2026-05-12,Maïs Jaune (1kg),Bamako,323.9
2026-05-13,Maïs Jaune (1kg),Bamako,291.5
2026-05-14,Maïs Jaune (1kg),Bamako,303.3
2026-05-15,Maïs Jaune (1kg),Bamako,302.1
2026-05-16,Maïs Jaune (1kg),Bamako,317.1
2026-05-17,Maïs Jaune (1kg),Bamako,300.8
2026-05-18,Maïs Jaune (1kg),Bamako,319.1
2026-05-19,Maïs Jaune (1kg),Bamako,325.9
2026-05-20,Maïs Jaune (1kg),Bamako,320.3
2026-05-21,Maïs Jaune (1kg),Bamako,317.2
2026-05-22,Maïs Jaune (1kg),Bamako,305.8
2026-05-23,Maïs Jaune (1kg),Bamako,308.0
2026-05-24,Maïs Jaune (1kg),Bamako,329.2
2026-05-25,Maïs Jaune (1kg),Bamako,325.5
2026-05-26,Maïs Jaune (1kg),Bamako,318.5
2026-05-27,Maïs Jaune (1kg),Bamako,315.7
2026-05-28,Maïs Jaune (1kg),Bamako,301.0
2026-05-29,Maïs Jaune (1kg),Bamako,311.2
2026-05-30,Maïs Jaune (1kg),Bamako,340.9
2026-05-31,Maïs Jaune (1kg),Bamako,310.9
2026-06-01,Maïs Jaune (1kg),Bamako,326.0
2026-06-02,Maïs Jaune (1kg),Bamako,334.8
2026-06-03,Maïs Jaune (1kg),Bamako,313.8
2026-06-04,Maïs Jaune (1kg),Bamako,328.6
2026-06-05,Maïs Jaune (1kg),Bamako,336.8
2026-06-06,Maïs Jaune (1kg),Bamako,328.7
2026-06-07,Maïs Jaune (1kg),Bamako,357.2
2026-06-08,Maïs Jaune (1kg),Bamako,314.2
2026-06-09,Maïs Jaune (1kg),Bamako,341.5
2026-06-10,Maïs Jaune (1kg),Bamako,330.4
2026-06-11,Maïs Jaune (1kg),Bamako,340.4
2026-06-12,Maïs Jaune (1kg),Bamako,338.1
2026-06-13,Maïs Jaune (1kg),Bamako,327.6
2026-06-14,Maïs Jaune (1kg),Bamako,337.8
2026-06-15,Maïs Jaune (1kg),Bamako,318.5
2026-06-16,Maïs Jaune (1kg),Bamako,343.1
2026-06-17,Maïs Jaune (1kg),Bamako,341.0
2026-06-18,Maïs Jaune (1kg),Bamako,345.1
2026-06-19,Maïs Jaune (1kg),Bamako,350.0
2026-06-20,Maïs Jaune (1kg),Bamako,344.2
2026-06-21,Maïs Jaune (1kg),Bamako,342.9
2026-06-22,Maïs Jaune (1kg),Bamako,333.8
2026-06-23,Maïs Jaune (1kg),Bamako,336.2
2026-06-24,Maïs Jaune (1kg),Bamako,355.4
2026-06-25,Maïs Jaune (1kg),Bamako,358.6
2026-06-26,Maïs Jaune (1kg),Bamako,343.2
2026-06-27,Maïs Jaune (1kg),Bamako,346.8
2026-06-28,Maïs Jaune (1kg),Bamako,338.3
2026-06-29,Maïs Jaune (1kg),Bamako,359.2
2026-06-30,Maïs Jaune (1kg),Bamako,355.1
2026-07-01,Maïs Jaune (1kg),Bamako,368.2
2026-07-02,Maïs Jaune (1kg),Bamako,341.7
2026-07-03,Maïs Jaune (1kg),Bamako,347.2
2026-07-04,Maïs Jaune (1kg),Bamako,353.9
2026-07-05,Maïs Jaune (1kg),Bamako,358.6
2026-07-06,Maïs Jaune (1kg),Bamako,351.0
2026-07-07,Maïs Jaune (1kg),Bamako,345.3
2026-07-08,Maïs Jaune (1kg),Bamako,363.0
2026-07-09,Maïs Jaune (1kg),Bamako,362.2
2026-07-10,Maïs Jaune (1kg),Bamako,347.0
2026-07-11,Maïs Jaune (1kg),Bamako,369.6
2026-07-12,Maïs Jaune (1kg),Bamako,368.5
2026-07-13,Maïs Jaune (1kg),Bamako,359.1
2026-07-14,Maïs Jaune (1kg),Bamako,359.3
2026-07-15,Maïs Jaune (1kg),Bamako,364.5
2026-07-16,Maïs Jaune (1kg),Bamako,351.4
2026-07-17,Maïs Jaune (1kg),Bamako,360.6
2026-07-18,Maïs Jaune (1kg),Bamako,340.1
2026-07-19,Maïs Jaune (1kg),Bamako,370.0
2026-07-20,Maïs Jaune (1kg),Bamako,347.0
2026-07-21,Maïs Jaune (1kg),Bamako,377.2
2026-07-22,Maïs Jaune (1kg),Bamako,360.0
2026-07-23,Maïs Jaune (1kg),Bamako,361.7
2026-07-24,Maïs Jaune (1kg),Bamako,358.2
2026-07-25,Maïs Jaune (1kg),Bamako,362.0
2026-07-26,Maïs Jaune (1kg),Bamako,379.0
2026-07-27,Maïs Jaune (1kg),Bamako,341.7
2026-07-28,Maïs Jaune (1kg),Bamako,378.6
2026-07-29,Maïs Jaune (1kg),Bamako,370.0
2025-07-29,Maïs Jaune (1kg),Sikasso,290.2
2025-07-30,Maïs Jaune (1kg),Sikasso,291.6
2025-07-31,Maïs Jaune (1kg),Sikasso,313.7
2025-08-01,Maïs Jaune (1kg),Sikasso,293.3
2025-08-02,Maïs Jaune (1kg),Sikasso,292.0
2025-08-03,Maïs Jaune (1kg),Sikasso,310.4
2025-08-04,Maïs Jaune (1kg),Sikasso,304.4
2025-08-05,Maïs Jaune (1kg),Sikasso,294.6
2025-08-06,Maïs Jaune (1kg),Sikasso,304.0
2025-08-07,Maïs Jaune (1kg),Sikasso,294.5
2025-08-08,Maïs Jaune (1kg),Sikasso,311.6
2025-08-09,Maïs Jaune (1kg),Sikasso,311.5
2025-08-10,Maïs Jaune (1kg),Sikasso,307.6
2025-08-11,Maïs Jaune (1kg),Sikasso,306.5
2025-08-12,Maïs Jaune (1kg),Sikasso,317.7
2025-08-13,Maïs Jaune (1kg),Sikasso,304.0
2025-08-14,Maïs Jaune (1kg),Sikasso,294.9
2025-08-15,Maïs Jaune (1kg),Sikasso,308.0
2025-08-16,Maïs Jaune (1kg),Sikasso,321.1
2025-08-17,Maïs Jaune (1kg),Sikasso,296.7
2025-08-18,Maïs Jaune (1kg),Sikasso,302.0
2025-08-19,Maïs Jaune (1kg),Sikasso,308.3
2025-08-20,Maïs Jaune (1kg),Sikasso,304.7
2025-08-21,Maïs Jaune (1kg),Sikasso,297.5
2025-08-22,Maïs Jaune (1kg),Sikasso,314.2
2025-08-23,Maïs Jaune (1kg),Sikasso,323.8
2025-08-24,Maïs Jaune (1kg),Sikasso,307.0
2025-08-25,Maïs Jaune (1kg),Sikasso,298.4
2025-08-26,Maïs Jaune (1kg),Sikasso,293.3
2025-08-27,Maïs Jaune (1kg),Sikasso,307.7
2025-08-28,Maïs Jaune (1kg),Sikasso,314.4
2025-08-29,Maïs Jaune (1kg),Sikasso,309.4
2025-08-30,Maïs Jaune (1kg),Sikasso,305.6
2025-08-31,Maïs Jaune (1kg),Sikasso,301.0
2025-09-01,Maïs Jaune (1kg),Sikasso,297.0
2025-09-02,Maïs Jaune (1kg),Sikasso,312.2
2025-09-03,Maïs Jaune (1kg),Sikasso,312.7
2025-09-04,Maïs Jaune (1kg),Sikasso,293.2
2025-09-05,Maïs Jaune (1kg),Sikasso,317.9
2025-09-06,Maïs Jaune (1kg),Sikasso,309.8
2025-09-07,Maïs Jaune (1kg),Sikasso,316.2
2025-09-08,Maïs Jaune (1kg),Sikasso,294.5
2025-09-09,Maïs Jaune (1kg),Sikasso,294.1
2025-09-10,Maïs Jaune (1kg),Sikasso,303.6
2025-09-11,Maïs Jaune (1kg),Sikasso,308.6
2025-09-12,Maïs Jaune (1kg),Sikasso,318.7
2025-09-13,Maïs Jaune (1kg),Sikasso,309.9
2025-09-14,Maïs Jaune (1kg),Sikasso,302.2
2025-09-15,Maïs Jaune (1kg),Sikasso,295.8
2025-09-16,Maïs Jaune (1kg),Sikasso,313.4
2025-09-17,Maïs Jaune (1kg),Sikasso,295.9
2025-09-18,Maïs Jaune (1kg),Sikasso,316.1
2025-09-19,Maïs Jaune (1kg),Sikasso,300.8
2025-09-20,Maïs Jaune (1kg),Sikasso,315.3
2025-09-21,Maïs Jaune (1kg),Sikasso,307.8
2025-09-22,Maïs Jaune (1kg),Sikasso,301.1
2025-09-23,Maïs Jaune (1kg),Sikasso,297.8
2025-09-24,Maïs Jaune (1kg),Sikasso,298.9
2025-09-25,Maïs Jaune (1kg),Sikasso,304.7
2025-09-26,Maïs Jaune (1kg),Sikasso,301.6
2025-09-27,Maïs Jaune (1kg),Sikasso,295.9
2025-09-28,Maïs Jaune (1kg),Sikasso,298.9
2025-09-29,Maïs Jaune (1kg),Sikasso,300.5
2025-09-30,Maïs Jaune (1kg),Sikasso,282.7
2025-10-01,Maïs Jaune (1kg),Sikasso,302.8
2025-10-02,Maïs Jaune (1kg),Sikasso,291.0
2025-10-03,Maïs Jaune (1kg),Sikasso,289.2
2025-10-04,Maïs Jaune (1kg),Sikasso,284.6
2025-10-05,Maïs Jaune (1kg),Sikasso,283.3
2025-10-06,Maïs Jaune (1kg),Sikasso,286.4
2025-10-07,Maïs Jaune (1kg),Sikasso,291.0
2025-10-08,Maïs Jaune (1kg),Sikasso,311.6
2025-10-09,Maïs Jaune (1kg),Sikasso,291.5
2025-10-10,Maïs Jaune (1kg),Sikasso,296.6
2025-10-11,Maïs Jaune (1kg),Sikasso,297.9
2025-10-12,Maïs Jaune (1kg),Sikasso,295.3
2025-10-13,Maïs Jaune (1kg),Sikasso,293.1
2025-10-14,Maïs Jaune (1kg),Sikasso,283.8
2025-10-15,Maïs Jaune (1kg),Sikasso,304.2
2025-10-16,Maïs Jaune (1kg),Sikasso,306.5
2025-10-17,Maïs Jaune (1kg),Sikasso,278.4
2025-10-18,Maïs Jaune (1kg),Sikasso,283.0
2025-10-19,Maïs Jaune (1kg),Sikasso,288.4
2025-10-20,Maïs Jaune (1kg),Sikasso,282.4
2025-10-21,Maïs Jaune (1kg),Sikasso,293.4
2025-10-22,Maïs Jaune (1kg),Sikasso,283.1
2025-10-23,Maïs Jaune (1kg),Sikasso,305.4
2025-10-24,Maïs Jaune (1kg),Sikasso,297.1
2025-10-25,Maïs Jaune (1kg),Sikasso,288.8
2025-10-26,Maïs Jaune (1kg),Sikasso,294.6
2025-10-27,Maïs Jaune (1kg),Sikasso,294.6
2025-10-28,Maïs Jaune (1kg),Sikasso,280.8
2025-10-29,Maïs Jaune (1kg),Sikasso,278.2
2025-10-30,Maïs Jaune (1kg),Sikasso,284.6
2025-10-31,Maïs Jaune (1kg),Sikasso,290.2
2025-11-01,Maïs Jaune (1kg),Sikasso,283.8
2025-11-02,Maïs Jaune (1kg),Sikasso,269.6
2025-11-03,Maïs Jaune (1kg),Sikasso,275.1
2025-11-04,Maïs Jaune (1kg),Sikasso,280.2
2025-11-05,Maïs Jaune (1kg),Sikasso,279.5
2025-11-06,Maïs Jaune (1kg),Sikasso,295.0
2025-11-07,Maïs Jaune (1kg),Sikasso,267.8
2025-11-08,Maïs Jaune (1kg),Sikasso,282.1
2025-11-09,Maïs Jaune (1kg),Sikasso,289.2
2025-11-10,Maïs Jaune (1kg),Sikasso,294.7
2025-11-11,Maïs Jaune (1kg),Sikasso,272.8
2025-11-12,Maïs Jaune (1kg),Sikasso,279.2
2025-11-13,Maïs Jaune (1kg),Sikasso,279.1
2025-11-14,Maïs Jaune (1kg),Sikasso,275.5
2025-11-15,Maïs Jaune (1kg),Sikasso,272.4
2025-11-16,Maïs Jaune (1kg),Sikasso,275.9
2025-11-17,Maïs Jaune (1kg),Sikasso,251.8
2025-11-18,Maïs Jaune (1kg),Sikasso,276.5
2025-11-19,Maïs Jaune (1kg),Sikasso,271.4
2025-11-20,Maïs Jaune (1kg),Sikasso,267.9
2025-11-21,Maïs Jaune (1kg),Sikasso,285.1
2025-11-22,Maïs Jaune (1kg),Sikasso,262.9
2025-11-23,Maïs Jaune (1kg),Sikasso,264.3
2025-11-24,Maïs Jaune (1kg),Sikasso,282.5
2025-11-25,Maïs Jaune (1kg),Sikasso,259.5
2025-11-26,Maïs Jaune (1kg),Sikasso,261.0
2025-11-27,Maïs Jaune (1kg),Sikasso,263.4
2025-11-28,Maïs Jaune (1kg),Sikasso,270.5
2025-11-29,Maïs Jaune (1kg),Sikasso,264.8
2025-11-30,Maïs Jaune (1kg),Sikasso,252.2
2025-12-01,Maïs Jaune (1kg),Sikasso,257.5
2025-12-02,Maïs Jaune (1kg),Sikasso,256.2
2025-12-03,Maïs Jaune (1kg),Sikasso,259.6
2025-12-04,Maïs Jaune (1kg),Sikasso,262.9
2025-12-05,Maïs Jaune (1kg),Sikasso,262.1
2025-12-06,Maïs Jaune (1kg),Sikasso,244.0
2025-12-07,Maïs Jaune (1kg),Sikasso,265.8
2025-12-08,Maïs Jaune (1kg),Sikasso,258.6
2025-12-09,Maïs Jaune (1kg),Sikasso,266.9
2025-12-10,Maïs Jaune (1kg),Sikasso,258.7
2025-12-11,Maïs Jaune (1kg),Sikasso,263.2
2025-12-12,Maïs Jaune (1kg),Sikasso,257.5
2025-12-13,Maïs Jaune (1kg),Sikasso,263.7
2025-12-14,Maïs Jaune (1kg),Sikasso,256.5
2025-12-15,Maïs Jaune (1kg),Sikasso,250.9
2025-12-16,Maïs Jaune (1kg),Sikasso,269.0
2025-12-17,Maïs Jaune (1kg),Sikasso,257.3
2025-12-18,Maïs Jaune (1kg),Sikasso,254.1
2025-12-19,Maïs Jaune (1kg),Sikasso,238.8
2025-12-20,Maïs Jaune (1kg),Sikasso,238.1
2025-12-21,Maïs Jaune (1kg),Sikasso,249.9
2025-12-22,Maïs Jaune (1kg),Sikasso,248.1
2025-12-23,Maïs Jaune (1kg),Sikasso,241.4
2025-12-24,Maïs Jaune (1kg),Sikasso,246.7
2025-12-25,Maïs Jaune (1kg),Sikasso,257.5
2025-12-26,Maïs Jaune (1kg),Sikasso,249.8
2025-12-27,Maïs Jaune (1kg),Sikasso,234.6
2025-12-28,Maïs Jaune (1kg),Sikasso,242.1
2025-12-29,Maïs Jaune (1kg),Sikasso,236.0
2025-12-30,Maïs Jaune (1kg),Sikasso,238.7
2025-12-31,Maïs Jaune (1kg),Sikasso,237.9
2026-01-01,Maïs Jaune (1kg),Sikasso,236.7
2026-01-02,Maïs Jaune (1kg),Sikasso,230.0
2026-01-03,Maïs Jaune (1kg),Sikasso,238.3
2026-01-04,Maïs Jaune (1kg),Sikasso,234.3
2026-01-05,Maïs Jaune (1kg),Sikasso,215.0
2026-01-06,Maïs Jaune (1kg),Sikasso,253.8
2026-01-07,Maïs Jaune (1kg),Sikasso,245.6
2026-01-08,Maïs Jaune (1kg),Sikasso,233.5
2026-01-09,Maïs Jaune (1kg),Sikasso,236.0
2026-01-10,Maïs Jaune (1kg),Sikasso,226.1
2026-01-11,Maïs Jaune (1kg),Sikasso,248.2
2026-01-12,Maïs Jaune (1kg),Sikasso,249.3
2026-01-13,Maïs Jaune (1kg),Sikasso,235.0
2026-01-14,Maïs Jaune (1kg),Sikasso,241.3
2026-01-15,Maïs Jaune (1kg),Sikasso,234.1
2026-01-16,Maïs Jaune (1kg),Sikasso,221.7
2026-01-17,Maïs Jaune (1kg),Sikasso,228.5
2026-01-18,Maïs Jaune (1kg),Sikasso,232.3
2026-01-19,Maïs Jaune (1kg),Sikasso,227.2
2026-01-20,Maïs Jaune (1kg),Sikasso,228.6
2026-01-21,Maïs Jaune (1kg),Sikasso,229.2
2026-01-22,Maïs Jaune (1kg),Sikasso,228.9
2026-01-23,Maïs Jaune (1kg),Sikasso,229.5
2026-01-24,Maïs Jaune (1kg),Sikasso,220.3
2026-01-25,Maïs Jaune (1kg),Sikasso,222.6
2026-01-26,Maïs Jaune (1kg),Sikasso,217.7
2026-01-27,Maïs Jaune (1kg),Sikasso,235.2
2026-01-28,Maïs Jaune (1kg),Sikasso,210.5
2026-01-29,Maïs Jaune (1kg),Sikasso,235.9
2026-01-30,Maïs Jaune (1kg),Sikasso,237.4
2026-01-31,Maïs Jaune (1kg),Sikasso,223.7
2026-02-01,Maïs Jaune (1kg),Sikasso,205.2
2026-02-02,Maïs Jaune (1kg),Sikasso,222.6
2026-02-03,Maïs Jaune (1kg),Sikasso,224.6
2026-02-04,Maïs Jaune (1kg),Sikasso,216.8
2026-02-05,Maïs Jaune (1kg),Sikasso,220.5
2026-02-06,Maïs Jaune (1kg),Sikasso,236.4
2026-02-07,Maïs Jaune (1kg),Sikasso,229.3
2026-02-08,Maïs Jaune (1kg),Sikasso,216.4
2026-02-09,Maïs Jaune (1kg),Sikasso,210.9
2026-02-10,Maïs Jaune (1kg),Sikasso,220.7
2026-02-11,Maïs Jaune (1kg),Sikasso,221.4
2026-02-12,Maïs Jaune (1kg),Sikasso,226.8
2026-02-13,Maïs Jaune (1kg),Sikasso,218.5
2026-02-14,Maïs Jaune (1kg),Sikasso,226.6
2026-02-15,Maïs Jaune (1kg),Sikasso,237.6
2026-02-16,Maïs Jaune (1kg),Sikasso,228.6
2026-02-17,Maïs Jaune (1kg),Sikasso,221.7
2026-02-18,Maïs Jaune (1kg),Sikasso,220.5
2026-02-19,Maïs Jaune (1kg),Sikasso,219.0
2026-02-20,Maïs Jaune (1kg),Sikasso,231.0
2026-02-21,Maïs Jaune (1kg),Sikasso,216.7
2026-02-22,Maïs Jaune (1kg),Sikasso,221.9
2026-02-23,Maïs Jaune (1kg),Sikasso,221.9
2026-02-24,Maïs Jaune (1kg),Sikasso,217.5
2026-02-25,Maïs Jaune (1kg),Sikasso,210.5
2026-02-26,Maïs Jaune (1kg),Sikasso,223.9
2026-02-27,Maïs Jaune (1kg),Sikasso,220.9
2026-02-28,Maïs Jaune (1kg),Sikasso,225.3
2026-03-01,Maïs Jaune (1kg),Sikasso,217.1
2026-03-02,Maïs Jaune (1kg),Sikasso,231.0
2026-03-03,Maïs Jaune (1kg),Sikasso,214.5
2026-03-04,Maïs Jaune (1kg),Sikasso,235.0
2026-03-05,Maïs Jaune (1kg),Sikasso,207.7
2026-03-06,Maïs Jaune (1kg),Sikasso,225.0
2026-03-07,Maïs Jaune (1kg),Sikasso,225.4
2026-03-08,Maïs Jaune (1kg),Sikasso,215.5
2026-03-09,Maïs Jaune (1kg),Sikasso,225.2
2026-03-10,Maïs Jaune (1kg),Sikasso,232.1
2026-03-11,Maïs Jaune (1kg),Sikasso,204.6
2026-03-12,Maïs Jaune (1kg),Sikasso,226.2
2026-03-13,Maïs Jaune (1kg),Sikasso,202.7
2026-03-14,Maïs Jaune (1kg),Sikasso,215.0
2026-03-15,Maïs Jaune (1kg),Sikasso,235.7
2026-03-16,Maïs Jaune (1kg),Sikasso,218.4
2026-03-17,Maïs Jaune (1kg),Sikasso,213.9
2026-03-18,Maïs Jaune (1kg),Sikasso,221.8
2026-03-19,Maïs Jaune (1kg),Sikasso,240.0
2026-03-20,Maïs Jaune (1kg),Sikasso,209.4
2026-03-21,Maïs Jaune (1kg),Sikasso,215.8
2026-03-22,Maïs Jaune (1kg),Sikasso,236.2
2026-03-23,Maïs Jaune (1kg),Sikasso,239.4
2026-03-24,Maïs Jaune (1kg),Sikasso,224.1
2026-03-25,Maïs Jaune (1kg),Sikasso,215.5
2026-03-26,Maïs Jaune (1kg),Sikasso,242.1
2026-03-27,Maïs Jaune (1kg),Sikasso,238.5
2026-03-28,Maïs Jaune (1kg),Sikasso,231.6
2026-03-29,Maïs Jaune (1kg),Sikasso,220.2
2026-03-30,Maïs Jaune (1kg),Sikasso,226.5
2026-03-31,Maïs Jaune (1kg),Sikasso,226.0
2026-04-01,Maïs Jaune (1kg),Sikasso,230.3
2026-04-02,Maïs Jaune (1kg),Sikasso,239.5
2026-04-03,Maïs Jaune (1kg),Sikasso,235.4
2026-04-04,Maïs Jaune (1kg),Sikasso,220.3
2026-04-05,Maïs Jaune (1kg),Sikasso,240.2
2026-04-06,Maïs Jaune (1kg),Sikasso,232.2
2026-04-07,Maïs Jaune (1kg),Sikasso,235.6
2026-04-08,Maïs Jaune (1kg),Sikasso,242.2
2026-04-09,Maïs Jaune (1kg),Sikasso,222.3
2026-04-10,Maïs Jaune (1kg),Sikasso,231.2
2026-04-11,Maïs Jaune (1kg),Sikasso,227.8
2026-04-12,Maïs Jaune (1kg),Sikasso,220.1
2026-04-13,Maïs Jaune (1kg),Sikasso,235.7
2026-04-14,Maïs Jaune (1kg),Sikasso,253.4
2026-04-15,Maïs Jaune (1kg),Sikasso,219.5
2026-04-16,Maïs Jaune (1kg),Sikasso,234.3
2026-04-17,Maïs Jaune (1kg),Sikasso,240.1
2026-04-18,Maïs Jaune (1kg),Sikasso,236.6
2026-04-19,Maïs Jaune (1kg),Sikasso,235.3
2026-04-20,Maïs Jaune (1kg),Sikasso,226.4
2026-04-21,Maïs Jaune (1kg),Sikasso,239.1
2026-04-22,Maïs Jaune (1kg),Sikasso,231.9
2026-04-23,Maïs Jaune (1kg),Sikasso,221.1
2026-04-24,Maïs Jaune (1kg),Sikasso,248.5
2026-04-25,Maïs Jaune (1kg),Sikasso,247.2
2026-04-26,Maïs Jaune (1kg),Sikasso,240.6
2026-04-27,Maïs Jaune (1kg),Sikasso,242.6
2026-04-28,Maïs Jaune (1kg),Sikasso,249.9
2026-04-29,Maïs Jaune (1kg),Sikasso,243.8
2026-04-30,Maïs Jaune (1kg),Sikasso,249.8
2026-05-01,Maïs Jaune (1kg),Sikasso,241.0
2026-05-02,Maïs Jaune (1kg),Sikasso,254.3
2026-05-03,Maïs Jaune (1kg),Sikasso,247.1
2026-05-04,Maïs Jaune (1kg),Sikasso,246.8
2026-05-05,Maïs Jaune (1kg),Sikasso,235.9
2026-05-06,Maïs Jaune (1kg),Sikasso,248.8
2026-05-07,Maïs Jaune (1kg),Sikasso,240.7
2026-05-08,Maïs Jaune (1kg),Sikasso,242.9
2026-05-09,Maïs Jaune (1kg),Sikasso,242.1
2026-05-10,Maïs Jaune (1kg),Sikasso,240.8
2026-05-11,Maïs Jaune (1kg),Sikasso,266.8
2026-05-12,Maïs Jaune (1kg),Sikasso,261.2
2026-05-13,Maïs Jaune (1kg),Sikasso,266.5
2026-05-14,Maïs Jaune (1kg),Sikasso,242.4
2026-05-15,Maïs Jaune (1kg),Sikasso,253.3
2026-05-16,Maïs Jaune (1kg),Sikasso,243.2
2026-05-17,Maïs Jaune (1kg),Sikasso,248.6
2026-05-18,Maïs Jaune (1kg),Sikasso,247.6
2026-05-19,Maïs Jaune (1kg),Sikasso,265.4
2026-05-20,Maïs Jaune (1kg),Sikasso,253.1
2026-05-21,Maïs Jaune (1kg),Sikasso,265.4
2026-05-22,Maïs Jaune (1kg),Sikasso,262.5
2026-05-23,Maïs Jaune (1kg),Sikasso,276.6
2026-05-24,Maïs Jaune (1kg),Sikasso,247.5
2026-05-25,Maïs Jaune (1kg),Sikasso,269.8
2026-05-26,Maïs Jaune (1kg),Sikasso,269.7
2026-05-27,Maïs Jaune (1kg),Sikasso,253.6
2026-05-28,Maïs Jaune (1kg),Sikasso,270.0
2026-05-29,Maïs Jaune (1kg),Sikasso,265.4
2026-05-30,Maïs Jaune (1kg),Sikasso,261.7
2026-05-31,Maïs Jaune (1kg),Sikasso,257.7
2026-06-01,Maïs Jaune (1kg),Sikasso,259.3
2026-06-02,Maïs Jaune (1kg),Sikasso,281.9
2026-06-03,Maïs Jaune (1kg),Sikasso,266.4
2026-06-04,Maïs Jaune (1kg),Sikasso,273.3
2026-06-05,Maïs Jaune (1kg),Sikasso,261.6
2026-06-06,Maïs Jaune (1kg),Sikasso,262.4
2026-06-07,Maïs Jaune (1kg),Sikasso,277.8
2026-06-08,Maïs Jaune (1kg),Sikasso,259.3
2026-06-09,Maïs Jaune (1kg),Sikasso,267.4
2026-06-10,Maïs Jaune (1kg),Sikasso,271.7
2026-06-11,Maïs Jaune (1kg),Sikasso,273.0
2026-06-12,Maïs Jaune (1kg),Sikasso,271.4
2026-06-13,Maïs Jaune (1kg),Sikasso,276.7
2026-06-14,Maïs Jaune (1kg),Sikasso,279.7
2026-06-15,Maïs Jaune (1kg),Sikasso,280.8
2026-06-16,Maïs Jaune (1kg),Sikasso,267.9
2026-06-17,Maïs Jaune (1kg),Sikasso,274.1
2026-06-18,Maïs Jaune (1kg),Sikasso,286.5
2026-06-19,Maïs Jaune (1kg),Sikasso,284.8
2026-06-20,Maïs Jaune (1kg),Sikasso,267.6
2026-06-21,Maïs Jaune (1kg),Sikasso,281.9
2026-06-22,Maïs Jaune (1kg),Sikasso,264.1
2026-06-23,Maïs Jaune (1kg),Sikasso,280.8
2026-06-24,Maïs Jaune (1kg),Sikasso,296.1
2026-06-25,Maïs Jaune (1kg),Sikasso,274.3
2026-06-26,Maïs Jaune (1kg),Sikasso,275.8
2026-06-27,Maïs Jaune (1kg),Sikasso,289.1
2026-06-28,Maïs Jaune (1kg),Sikasso,271.5
2026-06-29,Maïs Jaune (1kg),Sikasso,279.3
2026-06-30,Maïs Jaune (1kg),Sikasso,289.7
2026-07-01,Maïs Jaune (1kg),Sikasso,280.6
2026-07-02,Maïs Jaune (1kg),Sikasso,284.3
2026-07-03,Maïs Jaune (1kg),Sikasso,292.7
2026-07-04,Maïs Jaune (1kg),Sikasso,290.7
2026-07-05,Maïs Jaune (1kg),Sikasso,290.1
2026-07-06,Maïs Jaune (1kg),Sikasso,285.9
2026-07-07,Maïs Jaune (1kg),Sikasso,292.1
2026-07-08,Maïs Jaune (1kg),Sikasso,288.7
2026-07-09,Maïs Jaune (1kg),Sikasso,293.9
2026-07-10,Maïs Jaune (1kg),Sikasso,286.9
2026-07-11,Maïs Jaune (1kg),Sikasso,290.0
2026-07-12,Maïs Jaune (1kg),Sikasso,284.1
2026-07-13,Maïs Jaune (1kg),Sikasso,292.2
2026-07-14,Maïs Jaune (1kg),Sikasso,286.6
2026-07-15,Maïs Jaune (1kg),Sikasso,284.7
2026-07-16,Maïs Jaune (1kg),Sikasso,296.1
2026-07-17,Maïs Jaune (1kg),Sikasso,296.2
2026-07-18,Maïs Jaune (1kg),Sikasso,301.2
2026-07-19,Maïs Jaune (1kg),Sikasso,292.1
2026-07-20,Maïs Jaune (1kg),Sikasso,299.2
2026-07-21,Maïs Jaune (1kg),Sikasso,300.8
2026-07-22,Maïs Jaune (1kg),Sikasso,300.4
2026-07-23,Maïs Jaune (1kg),Sikasso,290.8
2026-07-24,Maïs Jaune (1kg),Sikasso,298.9
2026-07-25,Maïs Jaune (1kg),Sikasso,301.0
2026-07-26,Maïs Jaune (1kg),Sikasso,298.6
2026-07-27,Maïs Jaune (1kg),Sikasso,282.4
2026-07-28,Maïs Jaune (1kg),Sikasso,300.6
2026-07-29,Maïs Jaune (1kg),Sikasso,317.2
2025-07-29,Maïs Jaune (1kg),Mopti,349.2
2025-07-30,Maïs Jaune (1kg),Mopti,346.3
2025-07-31,Maïs Jaune (1kg),Mopti,356.9
2025-08-01,Maïs Jaune (1kg),Mopti,356.8
2025-08-02,Maïs Jaune (1kg),Mopti,365.3
2025-08-03,Maïs Jaune (1kg),Mopti,342.9
2025-08-04,Maïs Jaune (1kg),Mopti,361.8
2025-08-05,Maïs Jaune (1kg),Mopti,360.8
2025-08-06,Maïs Jaune (1kg),Mopti,354.4
2025-08-07,Maïs Jaune (1kg),Mopti,359.2
2025-08-08,Maïs Jaune (1kg),Mopti,365.9
2025-08-09,Maïs Jaune (1kg),Mopti,364.7
2025-08-10,Maïs Jaune (1kg),Mopti,346.3
2025-08-11,Maïs Jaune (1kg),Mopti,364.8
2025-08-12,Maïs Jaune (1kg),Mopti,356.8
2025-08-13,Maïs Jaune (1kg),Mopti,358.3
2025-08-14,Maïs Jaune (1kg),Mopti,358.6
2025-08-15,Maïs Jaune (1kg),Mopti,356.7
2025-08-16,Maïs Jaune (1kg),Mopti,369.4
2025-08-17,Maïs Jaune (1kg),Mopti,357.7
2025-08-18,Maïs Jaune (1kg),Mopti,348.3
2025-08-19,Maïs Jaune (1kg),Mopti,355.2
2025-08-20,Maïs Jaune (1kg),Mopti,360.6
2025-08-21,Maïs Jaune (1kg),Mopti,370.5
2025-08-22,Maïs Jaune (1kg),Mopti,364.8
2025-08-23,Maïs Jaune (1kg),Mopti,351.4
2025-08-24,Maïs Jaune (1kg),Mopti,382.5
2025-08-25,Maïs Jaune (1kg),Mopti,361.9
2025-08-26,Maïs Jaune (1kg),Mopti,371.4
2025-08-27,Maïs Jaune (1kg),Mopti,358.2
2025-08-28,Maïs Jaune (1kg),Mopti,364.5
2025-08-29,Maïs Jaune (1kg),Mopti,367.4
2025-08-30,Maïs Jaune (1kg),Mopti,370.9
2025-08-31,Maïs Jaune (1kg),Mopti,369.4
2025-09-01,Maïs Jaune (1kg),Mopti,367.7
2025-09-02,Maïs Jaune (1kg),Mopti,356.6
2025-09-03,Maïs Jaune (1kg),Mopti,354.1
2025-09-04,Maïs Jaune (1kg),Mopti,362.5
2025-09-05,Maïs Jaune (1kg),Mopti,367.9
2025-09-06,Maïs Jaune (1kg),Mopti,357.1
2025-09-07,Maïs Jaune (1kg),Mopti,368.9
2025-09-08,Maïs Jaune (1kg),Mopti,372.4
2025-09-09,Maïs Jaune (1kg),Mopti,350.2
2025-09-10,Maïs Jaune (1kg),Mopti,350.8
2025-09-11,Maïs Jaune (1kg),Mopti,357.1
2025-09-12,Maïs Jaune (1kg),Mopti,361.1
2025-09-13,Maïs Jaune (1kg),Mopti,353.1
2025-09-14,Maïs Jaune (1kg),Mopti,370.4
2025-09-15,Maïs Jaune (1kg),Mopti,361.5
2025-09-16,Maïs Jaune (1kg),Mopti,357.7
2025-09-17,Maïs Jaune (1kg),Mopti,343.7
2025-09-18,Maïs Jaune (1kg),Mopti,344.5
2025-09-19,Maïs Jaune (1kg),Mopti,359.1
2025-09-20,Maïs Jaune (1kg),Mopti,336.3
2025-09-21,Maïs Jaune (1kg),Mopti,365.3
2025-09-22,Maïs Jaune (1kg),Mopti,354.0
2025-09-23,Maïs Jaune (1kg),Mopti,385.3
2025-09-24,Maïs Jaune (1kg),Mopti,376.3
2025-09-25,Maïs Jaune (1kg),Mopti,352.7
2025-09-26,Maïs Jaune (1kg),Mopti,353.1
2025-09-27,Maïs Jaune (1kg),Mopti,362.9
2025-09-28,Maïs Jaune (1kg),Mopti,369.1
2025-09-29,Maïs Jaune (1kg),Mopti,337.6
2025-09-30,Maïs Jaune (1kg),Mopti,335.8
2025-10-01,Maïs Jaune (1kg),Mopti,346.1
2025-10-02,Maïs Jaune (1kg),Mopti,356.9
2025-10-03,Maïs Jaune (1kg),Mopti,355.6
2025-10-04,Maïs Jaune (1kg),Mopti,360.4
2025-10-05,Maïs Jaune (1kg),Mopti,338.8
2025-10-06,Maïs Jaune (1kg),Mopti,328.0
2025-10-07,Maïs Jaune (1kg),Mopti,356.9
2025-10-08,Maïs Jaune (1kg),Mopti,340.7
2025-10-09,Maïs Jaune (1kg),Mopti,329.1
2025-10-10,Maïs Jaune (1kg),Mopti,348.7
2025-10-11,Maïs Jaune (1kg),Mopti,354.1
2025-10-12,Maïs Jaune (1kg),Mopti,345.1
2025-10-13,Maïs Jaune (1kg),Mopti,341.3
2025-10-14,Maïs Jaune (1kg),Mopti,343.5
2025-10-15,Maïs Jaune (1kg),Mopti,340.9
2025-10-16,Maïs Jaune (1kg),Mopti,331.2
2025-10-17,Maïs Jaune (1kg),Mopti,336.5
2025-10-18,Maïs Jaune (1kg),Mopti,347.3
2025-10-19,Maïs Jaune (1kg),Mopti,344.8
2025-10-20,Maïs Jaune (1kg),Mopti,342.7
2025-10-21,Maïs Jaune (1kg),Mopti,331.3
2025-10-22,Maïs Jaune (1kg),Mopti,338.2
2025-10-23,Maïs Jaune (1kg),Mopti,318.9
2025-10-24,Maïs Jaune (1kg),Mopti,340.1
2025-10-25,Maïs Jaune (1kg),Mopti,351.0
2025-10-26,Maïs Jaune (1kg),Mopti,323.3
2025-10-27,Maïs Jaune (1kg),Mopti,330.9
2025-10-28,Maïs Jaune (1kg),Mopti,338.7
2025-10-29,Maïs Jaune (1kg),Mopti,346.5
2025-10-30,Maïs Jaune (1kg),Mopti,330.0
2025-10-31,Maïs Jaune (1kg),Mopti,326.9
2025-11-01,Maïs Jaune (1kg),Mopti,314.3
2025-11-02,Maïs Jaune (1kg),Mopti,332.8
2025-11-03,Maïs Jaune (1kg),Mopti,350.1
2025-11-04,Maïs Jaune (1kg),Mopti,332.9
2025-11-05,Maïs Jaune (1kg),Mopti,329.3
2025-11-06,Maïs Jaune (1kg),Mopti,331.7
2025-11-07,Maïs Jaune (1kg),Mopti,327.8
2025-11-08,Maïs Jaune (1kg),Mopti,319.6
2025-11-09,Maïs Jaune (1kg),Mopti,334.0
2025-11-10,Maïs Jaune (1kg),Mopti,327.6
2025-11-11,Maïs Jaune (1kg),Mopti,324.9
2025-11-12,Maïs Jaune (1kg),Mopti,314.8
2025-11-13,Maïs Jaune (1kg),Mopti,335.2
2025-11-14,Maïs Jaune (1kg),Mopti,328.4
2025-11-15,Maïs Jaune (1kg),Mopti,316.3
2025-11-16,Maïs Jaune (1kg),Mopti,329.9
2025-11-17,Maïs Jaune (1kg),Mopti,315.1
2025-11-18,Maïs Jaune (1kg),Mopti,311.6
2025-11-19,Maïs Jaune (1kg),Mopti,311.0
2025-11-20,Maïs Jaune (1kg),Mopti,300.8
2025-11-21,Maïs Jaune (1kg),Mopti,320.8
2025-11-22,Maïs Jaune (1kg),Mopti,298.5
2025-11-23,Maïs Jaune (1kg),Mopti,303.3
2025-11-24,Maïs Jaune (1kg),Mopti,294.5
2025-11-25,Maïs Jaune (1kg),Mopti,312.2
2025-11-26,Maïs Jaune (1kg),Mopti,310.7
2025-11-27,Maïs Jaune (1kg),Mopti,308.2
2025-11-28,Maïs Jaune (1kg),Mopti,300.7
2025-11-29,Maïs Jaune (1kg),Mopti,298.7
2025-11-30,Maïs Jaune (1kg),Mopti,313.0
2025-12-01,Maïs Jaune (1kg),Mopti,302.7
2025-12-02,Maïs Jaune (1kg),Mopti,310.0
2025-12-03,Maïs Jaune (1kg),Mopti,297.9
2025-12-04,Maïs Jaune (1kg),Mopti,307.0
2025-12-05,Maïs Jaune (1kg),Mopti,316.6
2025-12-06,Maïs Jaune (1kg),Mopti,309.1
2025-12-07,Maïs Jaune (1kg),Mopti,298.9
2025-12-08,Maïs Jaune (1kg),Mopti,304.3
2025-12-09,Maïs Jaune (1kg),Mopti,298.8
2025-12-10,Maïs Jaune (1kg),Mopti,300.3
2025-12-11,Maïs Jaune (1kg),Mopti,296.4
2025-12-12,Maïs Jaune (1kg),Mopti,297.0
2025-12-13,Maïs Jaune (1kg),Mopti,299.7
2025-12-14,Maïs Jaune (1kg),Mopti,287.7
2025-12-15,Maïs Jaune (1kg),Mopti,286.7
2025-12-16,Maïs Jaune (1kg),Mopti,282.4
2025-12-17,Maïs Jaune (1kg),Mopti,279.6
2025-12-18,Maïs Jaune (1kg),Mopti,282.3
2025-12-19,Maïs Jaune (1kg),Mopti,294.3
2025-12-20,Maïs Jaune (1kg),Mopti,283.8
2025-12-21,Maïs Jaune (1kg),Mopti,296.0
2025-12-22,Maïs Jaune (1kg),Mopti,290.8
2025-12-23,Maïs Jaune (1kg),Mopti,271.4
2025-12-24,Maïs Jaune (1kg),Mopti,295.0
2025-12-25,Maïs Jaune (1kg),Mopti,295.7
2025-12-26,Maïs Jaune (1kg),Mopti,278.1
2025-12-27,Maïs Jaune (1kg),Mopti,290.5
2025-12-28,Maïs Jaune (1kg),Mopti,277.9
2025-12-29,Maïs Jaune (1kg),Mopti,286.0
2025-12-30,Maïs Jaune (1kg),Mopti,272.6
2025-12-31,Maïs Jaune (1kg),Mopti,267.0
2026-01-01,Maïs Jaune (1kg),Mopti,279.4
2026-01-02,Maïs Jaune (1kg),Mopti,281.1
2026-01-03,Maïs Jaune (1kg),Mopti,277.8
2026-01-04,Maïs Jaune (1kg),Mopti,269.8
2026-01-05,Maïs Jaune (1kg),Mopti,276.4
2026-01-06,Maïs Jaune (1kg),Mopti,282.0
2026-01-07,Maïs Jaune (1kg),Mopti,278.4
2026-01-08,Maïs Jaune (1kg),Mopti,279.9
2026-01-09,Maïs Jaune (1kg),Mopti,271.3
2026-01-10,Maïs Jaune (1kg),Mopti,287.8
2026-01-11,Maïs Jaune (1kg),Mopti,265.3
2026-01-12,Maïs Jaune (1kg),Mopti,280.1
2026-01-13,Maïs Jaune (1kg),Mopti,286.0
2026-01-14,Maïs Jaune (1kg),Mopti,278.9
2026-01-15,Maïs Jaune (1kg),Mopti,271.9
2026-01-16,Maïs Jaune (1kg),Mopti,268.3
2026-01-17,Maïs Jaune (1kg),Mopti,282.3
2026-01-18,Maïs Jaune (1kg),Mopti,258.9
2026-01-19,Maïs Jaune (1kg),Mopti,262.5
2026-01-20,Maïs Jaune (1kg),Mopti,267.3
2026-01-21,Maïs Jaune (1kg),Mopti,282.0
2026-01-22,Maïs Jaune (1kg),Mopti,273.5
2026-01-23,Maïs Jaune (1kg),Mopti,260.5
2026-01-24,Maïs Jaune (1kg),Mopti,266.1
2026-01-25,Maïs Jaune (1kg),Mopti,262.8
2026-01-26,Maïs Jaune (1kg),Mopti,261.5
2026-01-27,Maïs Jaune (1kg),Mopti,276.7
2026-01-28,Maïs Jaune (1kg),Mopti,254.4
2026-01-29,Maïs Jaune (1kg),Mopti,281.7
2026-01-30,Maïs Jaune (1kg),Mopti,274.1
2026-01-31,Maïs Jaune (1kg),Mopti,276.1
2026-02-01,Maïs Jaune (1kg),Mopti,261.3
2026-02-02,Maïs Jaune (1kg),Mopti,263.8
2026-02-03,Maïs Jaune (1kg),Mopti,251.5
2026-02-04,Maïs Jaune (1kg),Mopti,259.6
2026-02-05,Maïs Jaune (1kg),Mopti,268.7
2026-02-06,Maïs Jaune (1kg),Mopti,275.9
2026-02-07,Maïs Jaune (1kg),Mopti,253.2
2026-02-08,Maïs Jaune (1kg),Mopti,259.8
2026-02-09,Maïs Jaune (1kg),Mopti,261.6
2026-02-10,Maïs Jaune (1kg),Mopti,249.7
2026-02-11,Maïs Jaune (1kg),Mopti,267.9
2026-02-12,Maïs Jaune (1kg),Mopti,255.5
2026-02-13,Maïs Jaune (1kg),Mopti,260.2
2026-02-14,Maïs Jaune (1kg),Mopti,257.6
2026-02-15,Maïs Jaune (1kg),Mopti,254.2
2026-02-16,Maïs Jaune (1kg),Mopti,261.3
2026-02-17,Maïs Jaune (1kg),Mopti,259.2
2026-02-18,Maïs Jaune (1kg),Mopti,257.6
2026-02-19,Maïs Jaune (1kg),Mopti,254.2
2026-02-20,Maïs Jaune (1kg),Mopti,263.8
2026-02-21,Maïs Jaune (1kg),Mopti,276.1
2026-02-22,Maïs Jaune (1kg),Mopti,261.9
2026-02-23,Maïs Jaune (1kg),Mopti,269.8
2026-02-24,Maïs Jaune (1kg),Mopti,247.6
2026-02-25,Maïs Jaune (1kg),Mopti,261.9
2026-02-26,Maïs Jaune (1kg),Mopti,250.2
2026-02-27,Maïs Jaune (1kg),Mopti,246.7
2026-02-28,Maïs Jaune (1kg),Mopti,253.5
2026-03-01,Maïs Jaune (1kg),Mopti,271.5
2026-03-02,Maïs Jaune (1kg),Mopti,269.3
2026-03-03,Maïs Jaune (1kg),Mopti,262.7
2026-03-04,Maïs Jaune (1kg),Mopti,246.3
2026-03-05,Maïs Jaune (1kg),Mopti,258.8
2026-03-06,Maïs Jaune (1kg),Mopti,263.5
2026-03-07,Maïs Jaune (1kg),Mopti,262.4
2026-03-08,Maïs Jaune (1kg),Mopti,243.8
2026-03-09,Maïs Jaune (1kg),Mopti,252.7
2026-03-10,Maïs Jaune (1kg),Mopti,260.6
2026-03-11,Maïs Jaune (1kg),Mopti,266.3
2026-03-12,Maïs Jaune (1kg),Mopti,241.1
2026-03-13,Maïs Jaune (1kg),Mopti,260.2
2026-03-14,Maïs Jaune (1kg),Mopti,263.2
2026-03-15,Maïs Jaune (1kg),Mopti,270.0
2026-03-16,Maïs Jaune (1kg),Mopti,268.8
2026-03-17,Maïs Jaune (1kg),Mopti,268.0
2026-03-18,Maïs Jaune (1kg),Mopti,255.4
2026-03-19,Maïs Jaune (1kg),Mopti,245.4
2026-03-20,Maïs Jaune (1kg),Mopti,259.7
2026-03-21,Maïs Jaune (1kg),Mopti,273.0
2026-03-22,Maïs Jaune (1kg),Mopti,277.0
2026-03-23,Maïs Jaune (1kg),Mopti,270.9
2026-03-24,Maïs Jaune (1kg),Mopti,268.7
2026-03-25,Maïs Jaune (1kg),Mopti,268.5
2026-03-26,Maïs Jaune (1kg),Mopti,260.2
2026-03-27,Maïs Jaune (1kg),Mopti,264.5
2026-03-28,Maïs Jaune (1kg),Mopti,281.7
2026-03-29,Maïs Jaune (1kg),Mopti,257.8
2026-03-30,Maïs Jaune (1kg),Mopti,282.0
2026-03-31,Maïs Jaune (1kg),Mopti,264.4
2026-04-01,Maïs Jaune (1kg),Mopti,280.2
2026-04-02,Maïs Jaune (1kg),Mopti,255.2
2026-04-03,Maïs Jaune (1kg),Mopti,274.2
2026-04-04,Maïs Jaune (1kg),Mopti,262.4
2026-04-05,Maïs Jaune (1kg),Mopti,256.6
2026-04-06,Maïs Jaune (1kg),Mopti,272.3
2026-04-07,Maïs Jaune (1kg),Mopti,280.2
2026-04-08,Maïs Jaune (1kg),Mopti,263.4
2026-04-09,Maïs Jaune (1kg),Mopti,257.9
2026-04-10,Maïs Jaune (1kg),Mopti,271.5
2026-04-11,Maïs Jaune (1kg),Mopti,272.1
2026-04-12,Maïs Jaune (1kg),Mopti,278.6
2026-04-13,Maïs Jaune (1kg),Mopti,282.9
2026-04-14,Maïs Jaune (1kg),Mopti,274.1
2026-04-15,Maïs Jaune (1kg),Mopti,292.6
2026-04-16,Maïs Jaune (1kg),Mopti,278.0
2026-04-17,Maïs Jaune (1kg),Mopti,273.3
2026-04-18,Maïs Jaune (1kg),Mopti,262.2
2026-04-19,Maïs Jaune (1kg),Mopti,275.4
2026-04-20,Maïs Jaune (1kg),Mopti,275.4
2026-04-21,Maïs Jaune (1kg),Mopti,288.1
2026-04-22,Maïs Jaune (1kg),Mopti,284.1
2026-04-23,Maïs Jaune (1kg),Mopti,269.5
2026-04-24,Maïs Jaune (1kg),Mopti,282.8
2026-04-25,Maïs Jaune (1kg),Mopti,288.1
2026-04-26,Maïs Jaune (1kg),Mopti,296.8
2026-04-27,Maïs Jaune (1kg),Mopti,291.6
2026-04-28,Maïs Jaune (1kg),Mopti,291.1
2026-04-29,Maïs Jaune (1kg),Mopti,285.3
2026-04-30,Maïs Jaune (1kg),Mopti,289.1
2026-05-01,Maïs Jaune (1kg),Mopti,297.9
2026-05-02,Maïs Jaune (1kg),Mopti,274.6
2026-05-03,Maïs Jaune (1kg),Mopti,284.5
2026-05-04,Maïs Jaune (1kg),Mopti,281.3
2026-05-05,Maïs Jaune (1kg),Mopti,292.8
2026-05-06,Maïs Jaune (1kg),Mopti,301.5
2026-05-07,Maïs Jaune (1kg),Mopti,285.3
2026-05-08,Maïs Jaune (1kg),Mopti,269.4
2026-05-09,Maïs Jaune (1kg),Mopti,288.6
2026-05-10,Maïs Jaune (1kg),Mopti,301.8
2026-05-11,Maïs Jaune (1kg),Mopti,299.1
2026-05-12,Maïs Jaune (1kg),Mopti,298.9
2026-05-13,Maïs Jaune (1kg),Mopti,293.1
2026-05-14,Maïs Jaune (1kg),Mopti,284.6
2026-05-15,Maïs Jaune (1kg),Mopti,302.1
2026-05-16,Maïs Jaune (1kg),Mopti,290.4
2026-05-17,Maïs Jaune (1kg),Mopti,319.3
2026-05-18,Maïs Jaune (1kg),Mopti,305.1
2026-05-19,Maïs Jaune (1kg),Mopti,295.3
2026-05-20,Maïs Jaune (1kg),Mopti,295.8
2026-05-21,Maïs Jaune (1kg),Mopti,301.5
2026-05-22,Maïs Jaune (1kg),Mopti,301.0
2026-05-23,Maïs Jaune (1kg),Mopti,314.4
2026-05-24,Maïs Jaune (1kg),Mopti,306.6
2026-05-25,Maïs Jaune (1kg),Mopti,298.9
2026-05-26,Maïs Jaune (1kg),Mopti,324.2
2026-05-27,Maïs Jaune (1kg),Mopti,307.9
2026-05-28,Maïs Jaune (1kg),Mopti,315.4
2026-05-29,Maïs Jaune (1kg),Mopti,303.5
2026-05-30,Maïs Jaune (1kg),Mopti,313.4
2026-05-31,Maïs Jaune (1kg),Mopti,313.7
2026-06-01,Maïs Jaune (1kg),Mopti,294.1
2026-06-02,Maïs Jaune (1kg),Mopti,331.3
2026-06-03,Maïs Jaune (1kg),Mopti,325.4
2026-06-04,Maïs Jaune (1kg),Mopti,310.6
2026-06-05,Maïs Jaune (1kg),Mopti,304.9
2026-06-06,Maïs Jaune (1kg),Mopti,319.2
2026-06-07,Maïs Jaune (1kg),Mopti,317.6
2026-06-08,Maïs Jaune (1kg),Mopti,321.0
2026-06-09,Maïs Jaune (1kg),Mopti,320.3
2026-06-10,Maïs Jaune (1kg),Mopti,324.0
2026-06-11,Maïs Jaune (1kg),Mopti,333.6
2026-06-12,Maïs Jaune (1kg),Mopti,326.3
2026-06-13,Maïs Jaune (1kg),Mopti,312.1
2026-06-14,Maïs Jaune (1kg),Mopti,335.3
2026-06-15,Maïs Jaune (1kg),Mopti,338.7
2026-06-16,Maïs Jaune (1kg),Mopti,353.6
2026-06-17,Maïs Jaune (1kg),Mopti,314.7
2026-06-18,Maïs Jaune (1kg),Mopti,328.2
2026-06-19,Maïs Jaune (1kg),Mopti,307.4
2026-06-20,Maïs Jaune (1kg),Mopti,332.7
2026-06-21,Maïs Jaune (1kg),Mopti,323.2
2026-06-22,Maïs Jaune (1kg),Mopti,347.0
2026-06-23,Maïs Jaune (1kg),Mopti,322.7
2026-06-24,Maïs Jaune (1kg),Mopti,315.0
2026-06-25,Maïs Jaune (1kg),Mopti,327.1
2026-06-26,Maïs Jaune (1kg),Mopti,313.9
2026-06-27,Maïs Jaune (1kg),Mopti,340.0
2026-06-28,Maïs Jaune (1kg),Mopti,314.5
2026-06-29,Maïs Jaune (1kg),Mopti,334.8
2026-06-30,Maïs Jaune (1kg),Mopti,315.9
2026-07-01,Maïs Jaune (1kg),Mopti,333.0
2026-07-02,Maïs Jaune (1kg),Mopti,352.0
2026-07-03,Maïs Jaune (1kg),Mopti,340.8
2026-07-04,Maïs Jaune (1kg),Mopti,330.1
2026-07-05,Maïs Jaune (1kg),Mopti,338.5
2026-07-06,Maïs Jaune (1kg),Mopti,339.7
2026-07-07,Maïs Jaune (1kg),Mopti,344.6
2026-07-08,Maïs Jaune (1kg),Mopti,328.1
2026-07-09,Maïs Jaune (1kg),Mopti,347.0
2026-07-10,Maïs Jaune (1kg),Mopti,317.0
2026-07-11,Maïs Jaune (1kg),Mopti,337.0
2026-07-12,Maïs Jaune (1kg),Mopti,338.9
2026-07-13,Maïs Jaune (1kg),Mopti,350.0
2026-07-14,Maïs Jaune (1kg),Mopti,344.9
2026-07-15,Maïs Jaune (1kg),Mopti,332.2
2026-07-16,Maïs Jaune (1kg),Mopti,336.7
2026-07-17,Maïs Jaune (1kg),Mopti,348.3
2026-07-18,Maïs Jaune (1kg),Mopti,346.3
2026-07-19,Maïs Jaune (1kg),Mopti,342.2
2026-07-20,Maïs Jaune (1kg),Mopti,343.7
2026-07-21,Maïs Jaune (1kg),Mopti,355.2
2026-07-22,Maïs Jaune (1kg),Mopti,344.4
2026-07-23,Maïs Jaune (1kg),Mopti,348.9
2026-07-24,Maïs Jaune (1kg),Mopti,370.4
2026-07-25,Maïs Jaune (1kg),Mopti,337.5
2026-07-26,Maïs Jaune (1kg),Mopti,334.0
2026-07-27,Maïs Jaune (1kg),Mopti,359.0
2026-07-28,Maïs Jaune (1kg),Mopti,345.8
2026-07-29,Maïs Jaune (1kg),Mopti,349.6
2025-07-29,Maïs Jaune (1kg),Kayes,379.9
2025-07-30,Maïs Jaune (1kg),Kayes,385.7
2025-07-31,Maïs Jaune (1kg),Kayes,405.1
2025-08-01,Maïs Jaune (1kg),Kayes,397.4
2025-08-02,Maïs Jaune (1kg),Kayes,398.5
2025-08-03,Maïs Jaune (1kg),Kayes,375.6
2025-08-04,Maïs Jaune (1kg),Kayes,378.7
2025-08-05,Maïs Jaune (1kg),Kayes,361.8
2025-08-06,Maïs Jaune (1kg),Kayes,383.0
2025-08-07,Maïs Jaune (1kg),Kayes,401.4
2025-08-08,Maïs Jaune (1kg),Kayes,397.2
2025-08-09,Maïs Jaune (1kg),Kayes,390.0
2025-08-10,Maïs Jaune (1kg),Kayes,392.4
2025-08-11,Maïs Jaune (1kg),Kayes,385.8
2025-08-12,Maïs Jaune (1kg),Kayes,395.3
2025-08-13,Maïs Jaune (1kg),Kayes,401.3
2025-08-14,Maïs Jaune (1kg),Kayes,377.2
2025-08-15,Maïs Jaune (1kg),Kayes,397.0
2025-08-16,Maïs Jaune (1kg),Kayes,403.7
2025-08-17,Maïs Jaune (1kg),Kayes,390.1
2025-08-18,Maïs Jaune (1kg),Kayes,401.7
2025-08-19,Maïs Jaune (1kg),Kayes,423.5
2025-08-20,Maïs Jaune (1kg),Kayes,393.8
2025-08-21,Maïs Jaune (1kg),Kayes,399.0
2025-08-22,Maïs Jaune (1kg),Kayes,387.6
2025-08-23,Maïs Jaune (1kg),Kayes,397.1
2025-08-24,Maïs Jaune (1kg),Kayes,400.0
2025-08-25,Maïs Jaune (1kg),Kayes,397.4
2025-08-26,Maïs Jaune (1kg),Kayes,385.0
2025-08-27,Maïs Jaune (1kg),Kayes,397.6
2025-08-28,Maïs Jaune (1kg),Kayes,410.5
2025-08-29,Maïs Jaune (1kg),Kayes,400.1
2025-08-30,Maïs Jaune (1kg),Kayes,405.4
2025-08-31,Maïs Jaune (1kg),Kayes,393.1
2025-09-01,Maïs Jaune (1kg),Kayes,403.2
2025-09-02,Maïs Jaune (1kg),Kayes,398.3
2025-09-03,Maïs Jaune (1kg),Kayes,385.6
2025-09-04,Maïs Jaune (1kg),Kayes,398.6
2025-09-05,Maïs Jaune (1kg),Kayes,385.0
2025-09-06,Maïs Jaune (1kg),Kayes,388.6
2025-09-07,Maïs Jaune (1kg),Kayes,396.9
2025-09-08,Maïs Jaune (1kg),Kayes,397.8
2025-09-09,Maïs Jaune (1kg),Kayes,382.5
2025-09-10,Maïs Jaune (1kg),Kayes,405.2
2025-09-11,Maïs Jaune (1kg),Kayes,400.1
2025-09-12,Maïs Jaune (1kg),Kayes,386.8
2025-09-13,Maïs Jaune (1kg),Kayes,378.1
2025-09-14,Maïs Jaune (1kg),Kayes,392.1
2025-09-15,Maïs Jaune (1kg),Kayes,388.7
2025-09-16,Maïs Jaune (1kg),Kayes,394.2
2025-09-17,Maïs Jaune (1kg),Kayes,389.0
2025-09-18,Maïs Jaune (1kg),Kayes,371.9
2025-09-19,Maïs Jaune (1kg),Kayes,388.1
2025-09-20,Maïs Jaune (1kg),Kayes,388.7
2025-09-21,Maïs Jaune (1kg),Kayes,397.9
2025-09-22,Maïs Jaune (1kg),Kayes,383.9
2025-09-23,Maïs Jaune (1kg),Kayes,407.9
2025-09-24,Maïs Jaune (1kg),Kayes,370.7
2025-09-25,Maïs Jaune (1kg),Kayes,403.3
2025-09-26,Maïs Jaune (1kg),Kayes,387.2
2025-09-27,Maïs Jaune (1kg),Kayes,397.8
2025-09-28,Maïs Jaune (1kg),Kayes,389.4
2025-09-29,Maïs Jaune (1kg),Kayes,399.8
2025-09-30,Maïs Jaune (1kg),Kayes,383.6
2025-10-01,Maïs Jaune (1kg),Kayes,375.9
2025-10-02,Maïs Jaune (1kg),Kayes,401.1
2025-10-03,Maïs Jaune (1kg),Kayes,384.9
2025-10-04,Maïs Jaune (1kg),Kayes,387.8
2025-10-05,Maïs Jaune (1kg),Kayes,397.6
2025-10-06,Maïs Jaune (1kg),Kayes,373.9
2025-10-07,Maïs Jaune (1kg),Kayes,390.0
2025-10-08,Maïs Jaune (1kg),Kayes,377.2
2025-10-09,Maïs Jaune (1kg),Kayes,381.3
2025-10-10,Maïs Jaune (1kg),Kayes,382.8
2025-10-11,Maïs Jaune (1kg),Kayes,366.1
2025-10-12,Maïs Jaune (1kg),Kayes,372.8
2025-10-13,Maïs Jaune (1kg),Kayes,394.0
2025-10-14,Maïs Jaune (1kg),Kayes,388.6
2025-10-15,Maïs Jaune (1kg),Kayes,378.2
2025-10-16,Maïs Jaune (1kg),Kayes,380.6
2025-10-17,Maïs Jaune (1kg),Kayes,374.4
2025-10-18,Maïs Jaune (1kg),Kayes,390.6
2025-10-19,Maïs Jaune (1kg),Kayes,374.0
2025-10-20,Maïs Jaune (1kg),Kayes,377.7
2025-10-21,Maïs Jaune (1kg),Kayes,386.3
2025-10-22,Maïs Jaune (1kg),Kayes,365.9
2025-10-23,Maïs Jaune (1kg),Kayes,389.0
2025-10-24,Maïs Jaune (1kg),Kayes,356.6
2025-10-25,Maïs Jaune (1kg),Kayes,388.2
2025-10-26,Maïs Jaune (1kg),Kayes,366.9
2025-10-27,Maïs Jaune (1kg),Kayes,367.5
2025-10-28,Maïs Jaune (1kg),Kayes,349.8
2025-10-29,Maïs Jaune (1kg),Kayes,363.7
2025-10-30,Maïs Jaune (1kg),Kayes,356.9
2025-10-31,Maïs Jaune (1kg),Kayes,360.5
2025-11-01,Maïs Jaune (1kg),Kayes,364.5
2025-11-02,Maïs Jaune (1kg),Kayes,374.8
2025-11-03,Maïs Jaune (1kg),Kayes,366.3
2025-11-04,Maïs Jaune (1kg),Kayes,366.5
2025-11-05,Maïs Jaune (1kg),Kayes,351.3
2025-11-06,Maïs Jaune (1kg),Kayes,352.6
2025-11-07,Maïs Jaune (1kg),Kayes,379.1
2025-11-08,Maïs Jaune (1kg),Kayes,352.3
2025-11-09,Maïs Jaune (1kg),Kayes,375.9
2025-11-10,Maïs Jaune (1kg),Kayes,355.6
2025-11-11,Maïs Jaune (1kg),Kayes,357.2
2025-11-12,Maïs Jaune (1kg),Kayes,367.2
2025-11-13,Maïs Jaune (1kg),Kayes,368.4
2025-11-14,Maïs Jaune (1kg),Kayes,353.3
2025-11-15,Maïs Jaune (1kg),Kayes,349.6
2025-11-16,Maïs Jaune (1kg),Kayes,352.1
2025-11-17,Maïs Jaune (1kg),Kayes,355.2
2025-11-18,Maïs Jaune (1kg),Kayes,359.9
2025-11-19,Maïs Jaune (1kg),Kayes,349.9
2025-11-20,Maïs Jaune (1kg),Kayes,355.3
2025-11-21,Maïs Jaune (1kg),Kayes,364.8
2025-11-22,Maïs Jaune (1kg),Kayes,351.0
2025-11-23,Maïs Jaune (1kg),Kayes,349.3
2025-11-24,Maïs Jaune (1kg),Kayes,329.7
2025-11-25,Maïs Jaune (1kg),Kayes,317.4
2025-11-26,Maïs Jaune (1kg),Kayes,347.3
2025-11-27,Maïs Jaune (1kg),Kayes,341.4
2025-11-28,Maïs Jaune (1kg),Kayes,336.2
2025-11-29,Maïs Jaune (1kg),Kayes,343.0
2025-11-30,Maïs Jaune (1kg),Kayes,339.0
2025-12-01,Maïs Jaune (1kg),Kayes,350.2
2025-12-02,Maïs Jaune (1kg),Kayes,338.6
2025-12-03,Maïs Jaune (1kg),Kayes,329.1
2025-12-04,Maïs Jaune (1kg),Kayes,346.0
2025-12-05,Maïs Jaune (1kg),Kayes,332.7
2025-12-06,Maïs Jaune (1kg),Kayes,339.4
2025-12-07,Maïs Jaune (1kg),Kayes,328.2
2025-12-08,Maïs Jaune (1kg),Kayes,325.5
2025-12-09,Maïs Jaune (1kg),Kayes,332.1
2025-12-10,Maïs Jaune (1kg),Kayes,330.4
2025-12-11,Maïs Jaune (1kg),Kayes,334.3
2025-12-12,Maïs Jaune (1kg),Kayes,325.7
2025-12-13,Maïs Jaune (1kg),Kayes,308.7
2025-12-14,Maïs Jaune (1kg),Kayes,322.2
2025-12-15,Maïs Jaune (1kg),Kayes,333.8
2025-12-16,Maïs Jaune (1kg),Kayes,321.8
2025-12-17,Maïs Jaune (1kg),Kayes,321.4
2025-12-18,Maïs Jaune (1kg),Kayes,333.1
2025-12-19,Maïs Jaune (1kg),Kayes,314.9
2025-12-20,Maïs Jaune (1kg),Kayes,305.5
2025-12-21,Maïs Jaune (1kg),Kayes,318.7
2025-12-22,Maïs Jaune (1kg),Kayes,314.6
2025-12-23,Maïs Jaune (1kg),Kayes,308.8
2025-12-24,Maïs Jaune (1kg),Kayes,316.0
2025-12-25,Maïs Jaune (1kg),Kayes,322.0
2025-12-26,Maïs Jaune (1kg),Kayes,316.0
2025-12-27,Maïs Jaune (1kg),Kayes,318.4
2025-12-28,Maïs Jaune (1kg),Kayes,333.0
2025-12-29,Maïs Jaune (1kg),Kayes,310.1
2025-12-30,Maïs Jaune (1kg),Kayes,315.7
2025-12-31,Maïs Jaune (1kg),Kayes,306.8
2026-01-01,Maïs Jaune (1kg),Kayes,302.6
2026-01-02,Maïs Jaune (1kg),Kayes,304.5
2026-01-03,Maïs Jaune (1kg),Kayes,304.8
2026-01-04,Maïs Jaune (1kg),Kayes,312.6
2026-01-05,Maïs Jaune (1kg),Kayes,332.2
2026-01-06,Maïs Jaune (1kg),Kayes,300.1
2026-01-07,Maïs Jaune (1kg),Kayes,302.4
2026-01-08,Maïs Jaune (1kg),Kayes,305.3
2026-01-09,Maïs Jaune (1kg),Kayes,309.3
2026-01-10,Maïs Jaune (1kg),Kayes,307.2
2026-01-11,Maïs Jaune (1kg),Kayes,317.0
2026-01-12,Maïs Jaune (1kg),Kayes,278.4
2026-01-13,Maïs Jaune (1kg),Kayes,278.1
2026-01-14,Maïs Jaune (1kg),Kayes,296.8
2026-01-15,Maïs Jaune (1kg),Kayes,312.4
2026-01-16,Maïs Jaune (1kg),Kayes,284.5
2026-01-17,Maïs Jaune (1kg),Kayes,269.2
2026-01-18,Maïs Jaune (1kg),Kayes,305.2
2026-01-19,Maïs Jaune (1kg),Kayes,301.2
2026-01-20,Maïs Jaune (1kg),Kayes,287.0
2026-01-21,Maïs Jaune (1kg),Kayes,287.5
2026-01-22,Maïs Jaune (1kg),Kayes,287.1
2026-01-23,Maïs Jaune (1kg),Kayes,297.6
2026-01-24,Maïs Jaune (1kg),Kayes,289.5
2026-01-25,Maïs Jaune (1kg),Kayes,300.4
2026-01-26,Maïs Jaune (1kg),Kayes,265.7
2026-01-27,Maïs Jaune (1kg),Kayes,285.6
2026-01-28,Maïs Jaune (1kg),Kayes,282.4
2026-01-29,Maïs Jaune (1kg),Kayes,290.8
2026-01-30,Maïs Jaune (1kg),Kayes,287.5
2026-01-31,Maïs Jaune (1kg),Kayes,300.7
2026-02-01,Maïs Jaune (1kg),Kayes,273.1
2026-02-02,Maïs Jaune (1kg),Kayes,292.2
2026-02-03,Maïs Jaune (1kg),Kayes,297.0
2026-02-04,Maïs Jaune (1kg),Kayes,309.9
2026-02-05,Maïs Jaune (1kg),Kayes,285.6
2026-02-06,Maïs Jaune (1kg),Kayes,293.5
2026-02-07,Maïs Jaune (1kg),Kayes,271.4
2026-02-08,Maïs Jaune (1kg),Kayes,265.1
2026-02-09,Maïs Jaune (1kg),Kayes,297.9
2026-02-10,Maïs Jaune (1kg),Kayes,288.9
2026-02-11,Maïs Jaune (1kg),Kayes,300.7
2026-02-12,Maïs Jaune (1kg),Kayes,274.4
2026-02-13,Maïs Jaune (1kg),Kayes,293.5
2026-02-14,Maïs Jaune (1kg),Kayes,307.1
2026-02-15,Maïs Jaune (1kg),Kayes,292.0
2026-02-16,Maïs Jaune (1kg),Kayes,290.4
2026-02-17,Maïs Jaune (1kg),Kayes,287.5
2026-02-18,Maïs Jaune (1kg),Kayes,271.1
2026-02-19,Maïs Jaune (1kg),Kayes,300.9
2026-02-20,Maïs Jaune (1kg),Kayes,280.7
2026-02-21,Maïs Jaune (1kg),Kayes,292.0
2026-02-22,Maïs Jaune (1kg),Kayes,270.7
2026-02-23,Maïs Jaune (1kg),Kayes,274.6
2026-02-24,Maïs Jaune (1kg),Kayes,301.2
2026-02-25,Maïs Jaune (1kg),Kayes,282.9
2026-02-26,Maïs Jaune (1kg),Kayes,301.3
2026-02-27,Maïs Jaune (1kg),Kayes,285.6
2026-02-28,Maïs Jaune (1kg),Kayes,267.6
2026-03-01,Maïs Jaune (1kg),Kayes,295.6
2026-03-02,Maïs Jaune (1kg),Kayes,280.4
2026-03-03,Maïs Jaune (1kg),Kayes,293.7
2026-03-04,Maïs Jaune (1kg),Kayes,286.8
2026-03-05,Maïs Jaune (1kg),Kayes,270.9
2026-03-06,Maïs Jaune (1kg),Kayes,288.4
2026-03-07,Maïs Jaune (1kg),Kayes,309.3
2026-03-08,Maïs Jaune (1kg),Kayes,292.0
2026-03-09,Maïs Jaune (1kg),Kayes,286.5
2026-03-10,Maïs Jaune (1kg),Kayes,298.3
2026-03-11,Maïs Jaune (1kg),Kayes,289.6
2026-03-12,Maïs Jaune (1kg),Kayes,289.8
2026-03-13,Maïs Jaune (1kg),Kayes,276.7
2026-03-14,Maïs Jaune (1kg),Kayes,290.5
2026-03-15,Maïs Jaune (1kg),Kayes,298.9
2026-03-16,Maïs Jaune (1kg),Kayes,280.0
2026-03-17,Maïs Jaune (1kg),Kayes,303.4
2026-03-18,Maïs Jaune (1kg),Kayes,288.2
2026-03-19,Maïs Jaune (1kg),Kayes,280.3
2026-03-20,Maïs Jaune (1kg),Kayes,299.9
2026-03-21,Maïs Jaune (1kg),Kayes,287.1
2026-03-22,Maïs Jaune (1kg),Kayes,298.2
2026-03-23,Maïs Jaune (1kg),Kayes,287.8
2026-03-24,Maïs Jaune (1kg),Kayes,290.5
2026-03-25,Maïs Jaune (1kg),Kayes,296.6
2026-03-26,Maïs Jaune (1kg),Kayes,294.9
2026-03-27,Maïs Jaune (1kg),Kayes,271.9
2026-03-28,Maïs Jaune (1kg),Kayes,281.3
2026-03-29,Maïs Jaune (1kg),Kayes,302.7
2026-03-30,Maïs Jaune (1kg),Kayes,292.3
2026-03-31,Maïs Jaune (1kg),Kayes,288.8
2026-04-01,Maïs Jaune (1kg),Kayes,280.7
2026-04-02,Maïs Jaune (1kg),Kayes,284.1
2026-04-03,Maïs Jaune (1kg),Kayes,275.0
2026-04-04,Maïs Jaune (1kg),Kayes,295.1
2026-04-05,Maïs Jaune (1kg),Kayes,290.6
2026-04-06,Maïs Jaune (1kg),Kayes,287.4
2026-04-07,Maïs Jaune (1kg),Kayes,297.1
2026-04-08,Maïs Jaune (1kg),Kayes,302.2
2026-04-09,Maïs Jaune (1kg),Kayes,320.4
2026-04-10,Maïs Jaune (1kg),Kayes,284.2
2026-04-11,Maïs Jaune (1kg),Kayes,312.1
2026-04-12,Maïs Jaune (1kg),Kayes,310.8
2026-04-13,Maïs Jaune (1kg),Kayes,293.5
2026-04-14,Maïs Jaune (1kg),Kayes,304.3
2026-04-15,Maïs Jaune (1kg),Kayes,298.2
2026-04-16,Maïs Jaune (1kg),Kayes,305.4
2026-04-17,Maïs Jaune (1kg),Kayes,319.6
2026-04-18,Maïs Jaune (1kg),Kayes,311.1
2026-04-19,Maïs Jaune (1kg),Kayes,310.8
2026-04-20,Maïs Jaune (1kg),Kayes,301.9
2026-04-21,Maïs Jaune (1kg),Kayes,291.9
2026-04-22,Maïs Jaune (1kg),Kayes,305.7
2026-04-23,Maïs Jaune (1kg),Kayes,320.9
2026-04-24,Maïs Jaune (1kg),Kayes,293.7
2026-04-25,Maïs Jaune (1kg),Kayes,299.3
2026-04-26,Maïs Jaune (1kg),Kayes,312.2
2026-04-27,Maïs Jaune (1kg),Kayes,301.6
2026-04-28,Maïs Jaune (1kg),Kayes,304.3
2026-04-29,Maïs Jaune (1kg),Kayes,308.9
2026-04-30,Maïs Jaune (1kg),Kayes,300.1
2026-05-01,Maïs Jaune (1kg),Kayes,304.9
2026-05-02,Maïs Jaune (1kg),Kayes,322.9
2026-05-03,Maïs Jaune (1kg),Kayes,303.2
2026-05-04,Maïs Jaune (1kg),Kayes,301.0
2026-05-05,Maïs Jaune (1kg),Kayes,311.8
2026-05-06,Maïs Jaune (1kg),Kayes,326.6
2026-05-07,Maïs Jaune (1kg),Kayes,317.9
2026-05-08,Maïs Jaune (1kg),Kayes,316.1
2026-05-09,Maïs Jaune (1kg),Kayes,322.2
2026-05-10,Maïs Jaune (1kg),Kayes,304.7
2026-05-11,Maïs Jaune (1kg),Kayes,328.5
2026-05-12,Maïs Jaune (1kg),Kayes,328.3
2026-05-13,Maïs Jaune (1kg),Kayes,321.1
2026-05-14,Maïs Jaune (1kg),Kayes,336.5
2026-05-15,Maïs Jaune (1kg),Kayes,315.5
2026-05-16,Maïs Jaune (1kg),Kayes,339.5
2026-05-17,Maïs Jaune (1kg),Kayes,330.5
2026-05-18,Maïs Jaune (1kg),Kayes,326.4
2026-05-19,Maïs Jaune (1kg),Kayes,330.5
2026-05-20,Maïs Jaune (1kg),Kayes,330.6
2026-05-21,Maïs Jaune (1kg),Kayes,345.1
2026-05-22,Maïs Jaune (1kg),Kayes,322.5
2026-05-23,Maïs Jaune (1kg),Kayes,326.6
2026-05-24,Maïs Jaune (1kg),Kayes,346.0
2026-05-25,Maïs Jaune (1kg),Kayes,330.2
2026-05-26,Maïs Jaune (1kg),Kayes,346.5
2026-05-27,Maïs Jaune (1kg),Kayes,355.6
2026-05-28,Maïs Jaune (1kg),Kayes,335.0
2026-05-29,Maïs Jaune (1kg),Kayes,347.0
2026-05-30,Maïs Jaune (1kg),Kayes,329.2
2026-05-31,Maïs Jaune (1kg),Kayes,349.7
2026-06-01,Maïs Jaune (1kg),Kayes,344.9
2026-06-02,Maïs Jaune (1kg),Kayes,348.7
2026-06-03,Maïs Jaune (1kg),Kayes,338.1
2026-06-04,Maïs Jaune (1kg),Kayes,328.7
2026-06-05,Maïs Jaune (1kg),Kayes,351.8
2026-06-06,Maïs Jaune (1kg),Kayes,326.4
2026-06-07,Maïs Jaune (1kg),Kayes,345.2
2026-06-08,Maïs Jaune (1kg),Kayes,359.0
2026-06-09,Maïs Jaune (1kg),Kayes,352.3
2026-06-10,Maïs Jaune (1kg),Kayes,371.2
2026-06-11,Maïs Jaune (1kg),Kayes,362.7
2026-06-12,Maïs Jaune (1kg),Kayes,346.4
2026-06-13,Maïs Jaune (1kg),Kayes,354.3
2026-06-14,Maïs Jaune (1kg),Kayes,354.4
2026-06-15,Maïs Jaune (1kg),Kayes,339.7
2026-06-16,Maïs Jaune (1kg),Kayes,347.1
2026-06-17,Maïs Jaune (1kg),Kayes,351.9
2026-06-18,Maïs Jaune (1kg),Kayes,337.7
2026-06-19,Maïs Jaune (1kg),Kayes,359.9
2026-06-20,Maïs Jaune (1kg),Kayes,357.7
2026-06-21,Maïs Jaune (1kg),Kayes,344.1
2026-06-22,Maïs Jaune (1kg),Kayes,366.2
2026-06-23,Maïs Jaune (1kg),Kayes,370.2
2026-06-24,Maïs Jaune (1kg),Kayes,366.1
2026-06-25,Maïs Jaune (1kg),Kayes,361.3
2026-06-26,Maïs Jaune (1kg),Kayes,371.5
2026-06-27,Maïs Jaune (1kg),Kayes,373.2
2026-06-28,Maïs Jaune (1kg),Kayes,370.3
2026-06-29,Maïs Jaune (1kg),Kayes,359.5
2026-06-30,Maïs Jaune (1kg),Kayes,371.6
2026-07-01,Maïs Jaune (1kg),Kayes,381.8
2026-07-02,Maïs Jaune (1kg),Kayes,364.3
2026-07-03,Maïs Jaune (1kg),Kayes,392.6
2026-07-04,Maïs Jaune (1kg),Kayes,366.5
2026-07-05,Maïs Jaune (1kg),Kayes,373.0
2026-07-06,Maïs Jaune (1kg),Kayes,366.6
2026-07-07,Maïs Jaune (1kg),Kayes,376.5
2026-07-08,Maïs Jaune (1kg),Kayes,357.1
2026-07-09,Maïs Jaune (1kg),Kayes,370.1
2026-07-10,Maïs Jaune (1kg),Kayes,365.2
2026-07-11,Maïs Jaune (1kg),Kayes,378.5
2026-07-12,Maïs Jaune (1kg),Kayes,388.0
2026-07-13,Maïs Jaune (1kg),Kayes,385.1
2026-07-14,Maïs Jaune (1kg),Kayes,354.9
2026-07-15,Maïs Jaune (1kg),Kayes,400.7
2026-07-16,Maïs Jaune (1kg),Kayes,383.5
2026-07-17,Maïs Jaune (1kg),Kayes,373.2
2026-07-18,Maïs Jaune (1kg),Kayes,383.4
2026-07-19,Maïs Jaune (1kg),Kayes,384.2
2026-07-20,Maïs Jaune (1kg),Kayes,376.2
2026-07-21,Maïs Jaune (1kg),Kayes,385.6
2026-07-22,Maïs Jaune (1kg),Kayes,377.9
2026-07-23,Maïs Jaune (1kg),Kayes,380.6
2026-07-24,Maïs Jaune (1kg),Kayes,378.3
2026-07-25,Maïs Jaune (1kg),Kayes,371.2
2026-07-26,Maïs Jaune (1kg),Kayes,387.8
2026-07-27,Maïs Jaune (1kg),Kayes,392.9
2026-07-28,Maïs Jaune (1kg),Kayes,392.6
2026-07-29,Maïs Jaune (1kg),Kayes,396.2
2025-07-29,Oignon Violet (1kg),Bamako,711.2
2025-07-30,Oignon Violet (1kg),Bamako,696.1
2025-07-31,Oignon Violet (1kg),Bamako,722.5
2025-08-01,Oignon Violet (1kg),Bamako,682.4
2025-08-02,Oignon Violet (1kg),Bamako,691.7
2025-08-03,Oignon Violet (1kg),Bamako,691.3
2025-08-04,Oignon Violet (1kg),Bamako,730.1
2025-08-05,Oignon Violet (1kg),Bamako,728.2
2025-08-06,Oignon Violet (1kg),Bamako,720.4
2025-08-07,Oignon Violet (1kg),Bamako,732.0
2025-08-08,Oignon Violet (1kg),Bamako,696.3
2025-08-09,Oignon Violet (1kg),Bamako,719.7
2025-08-10,Oignon Violet (1kg),Bamako,711.5
2025-08-11,Oignon Violet (1kg),Bamako,730.1
2025-08-12,Oignon Violet (1kg),Bamako,712.7
2025-08-13,Oignon Violet (1kg),Bamako,708.2
2025-08-14,Oignon Violet (1kg),Bamako,725.9
2025-08-15,Oignon Violet (1kg),Bamako,732.5
2025-08-16,Oignon Violet (1kg),Bamako,704.2
2025-08-17,Oignon Violet (1kg),Bamako,715.9
2025-08-18,Oignon Violet (1kg),Bamako,697.7
2025-08-19,Oignon Violet (1kg),Bamako,671.2
2025-08-20,Oignon Violet (1kg),Bamako,721.7
2025-08-21,Oignon Violet (1kg),Bamako,729.5
2025-08-22,Oignon Violet (1kg),Bamako,723.3
2025-08-23,Oignon Violet (1kg),Bamako,682.4
2025-08-24,Oignon Violet (1kg),Bamako,712.3
2025-08-25,Oignon Violet (1kg),Bamako,677.7
2025-08-26,Oignon Violet (1kg),Bamako,744.5
2025-08-27,Oignon Violet (1kg),Bamako,698.9
2025-08-28,Oignon Violet (1kg),Bamako,742.5
2025-08-29,Oignon Violet (1kg),Bamako,736.8
2025-08-30,Oignon Violet (1kg),Bamako,702.4
2025-08-31,Oignon Violet (1kg),Bamako,698.1
2025-09-01,Oignon Violet (1kg),Bamako,725.6
2025-09-02,Oignon Violet (1kg),Bamako,703.3
2025-09-03,Oignon Violet (1kg),Bamako,720.8
2025-09-04,Oignon Violet (1kg),Bamako,709.7
2025-09-05,Oignon Violet (1kg),Bamako,685.4
2025-09-06,Oignon Violet (1kg),Bamako,676.8
2025-09-07,Oignon Violet (1kg),Bamako,722.3
2025-09-08,Oignon Violet (1kg),Bamako,707.4
2025-09-09,Oignon Violet (1kg),Bamako,707.2
2025-09-10,Oignon Violet (1kg),Bamako,730.1
2025-09-11,Oignon Violet (1kg),Bamako,738.6
2025-09-12,Oignon Violet (1kg),Bamako,711.4
2025-09-13,Oignon Violet (1kg),Bamako,709.7
2025-09-14,Oignon Violet (1kg),Bamako,724.9
2025-09-15,Oignon Violet (1kg),Bamako,689.9
2025-09-16,Oignon Violet (1kg),Bamako,718.8
2025-09-17,Oignon Violet (1kg),Bamako,724.3
2025-09-18,Oignon Violet (1kg),Bamako,726.2
2025-09-19,Oignon Violet (1kg),Bamako,676.9
2025-09-20,Oignon Violet (1kg),Bamako,698.2
2025-09-21,Oignon Violet (1kg),Bamako,695.4
2025-09-22,Oignon Violet (1kg),Bamako,712.9
2025-09-23,Oignon Violet (1kg),Bamako,719.3
2025-09-24,Oignon Violet (1kg),Bamako,737.5
2025-09-25,Oignon Violet (1kg),Bamako,699.7
2025-09-26,Oignon Violet (1kg),Bamako,698.8
2025-09-27,Oignon Violet (1kg),Bamako,728.7
2025-09-28,Oignon Violet (1kg),Bamako,712.0
2025-09-29,Oignon Violet (1kg),Bamako,729.2
2025-09-30,Oignon Violet (1kg),Bamako,710.1
2025-10-01,Oignon Violet (1kg),Bamako,682.3
2025-10-02,Oignon Violet (1kg),Bamako,678.1
2025-10-03,Oignon Violet (1kg),Bamako,673.1
2025-10-04,Oignon Violet (1kg),Bamako,713.3
2025-10-05,Oignon Violet (1kg),Bamako,722.1
2025-10-06,Oignon Violet (1kg),Bamako,733.4
2025-10-07,Oignon Violet (1kg),Bamako,713.6
2025-10-08,Oignon Violet (1kg),Bamako,718.5
2025-10-09,Oignon Violet (1kg),Bamako,685.0
2025-10-10,Oignon Violet (1kg),Bamako,673.2
2025-10-11,Oignon Violet (1kg),Bamako,709.3
2025-10-12,Oignon Violet (1kg),Bamako,700.1
2025-10-13,Oignon Violet (1kg),Bamako,693.2
2025-10-14,Oignon Violet (1kg),Bamako,697.2
2025-10-15,Oignon Violet (1kg),Bamako,694.8
2025-10-16,Oignon Violet (1kg),Bamako,711.4
2025-10-17,Oignon Violet (1kg),Bamako,710.4
2025-10-18,Oignon Violet (1kg),Bamako,695.1
2025-10-19,Oignon Violet (1kg),Bamako,699.4
2025-10-20,Oignon Violet (1kg),Bamako,691.9
2025-10-21,Oignon Violet (1kg),Bamako,672.5
2025-10-22,Oignon Violet (1kg),Bamako,693.8
2025-10-23,Oignon Violet (1kg),Bamako,652.4
2025-10-24,Oignon Violet (1kg),Bamako,696.5
2025-10-25,Oignon Violet (1kg),Bamako,653.3
2025-10-26,Oignon Violet (1kg),Bamako,679.4
2025-10-27,Oignon Violet (1kg),Bamako,656.9
2025-10-28,Oignon Violet (1kg),Bamako,681.5
2025-10-29,Oignon Violet (1kg),Bamako,669.1
2025-10-30,Oignon Violet (1kg),Bamako,638.6
2025-10-31,Oignon Violet (1kg),Bamako,674.6
2025-11-01,Oignon Violet (1kg),Bamako,654.5
2025-11-02,Oignon Violet (1kg),Bamako,680.1
2025-11-03,Oignon Violet (1kg),Bamako,662.2
2025-11-04,Oignon Violet (1kg),Bamako,668.0
2025-11-05,Oignon Violet (1kg),Bamako,641.2
2025-11-06,Oignon Violet (1kg),Bamako,646.5
2025-11-07,Oignon Violet (1kg),Bamako,647.4
2025-11-08,Oignon Violet (1kg),Bamako,670.2
2025-11-09,Oignon Violet (1kg),Bamako,683.9
2025-11-10,Oignon Violet (1kg),Bamako,636.1
2025-11-11,Oignon Violet (1kg),Bamako,669.5
2025-11-12,Oignon Violet (1kg),Bamako,607.4
2025-11-13,Oignon Violet (1kg),Bamako,623.9
2025-11-14,Oignon Violet (1kg),Bamako,626.7
2025-11-15,Oignon Violet (1kg),Bamako,617.7
2025-11-16,Oignon Violet (1kg),Bamako,611.7
2025-11-17,Oignon Violet (1kg),Bamako,647.2
2025-11-18,Oignon Violet (1kg),Bamako,633.9
2025-11-19,Oignon Violet (1kg),Bamako,643.2
2025-11-20,Oignon Violet (1kg),Bamako,647.3
2025-11-21,Oignon Violet (1kg),Bamako,637.7
2025-11-22,Oignon Violet (1kg),Bamako,643.3
2025-11-23,Oignon Violet (1kg),Bamako,628.1
2025-11-24,Oignon Violet (1kg),Bamako,605.6
2025-11-25,Oignon Violet (1kg),Bamako,645.6
2025-11-26,Oignon Violet (1kg),Bamako,613.3
2025-11-27,Oignon Violet (1kg),Bamako,605.2
2025-11-28,Oignon Violet (1kg),Bamako,617.5
2025-11-29,Oignon Violet (1kg),Bamako,602.2
2025-11-30,Oignon Violet (1kg),Bamako,609.7
2025-12-01,Oignon Violet (1kg),Bamako,622.1
2025-12-02,Oignon Violet (1kg),Bamako,620.5
2025-12-03,Oignon Violet (1kg),Bamako,595.6
2025-12-04,Oignon Violet (1kg),Bamako,601.6
2025-12-05,Oignon Violet (1kg),Bamako,628.9
2025-12-06,Oignon Violet (1kg),Bamako,616.5
2025-12-07,Oignon Violet (1kg),Bamako,644.1
2025-12-08,Oignon Violet (1kg),Bamako,625.8
2025-12-09,Oignon Violet (1kg),Bamako,623.5
2025-12-10,Oignon Violet (1kg),Bamako,574.7
2025-12-11,Oignon Violet (1kg),Bamako,613.0
2025-12-12,Oignon Violet (1kg),Bamako,596.2
2025-12-13,Oignon Violet (1kg),Bamako,585.2
2025-12-14,Oignon Violet (1kg),Bamako,597.0
2025-12-15,Oignon Violet (1kg),Bamako,609.8
2025-12-16,Oignon Violet (1kg),Bamako,599.9
2025-12-17,Oignon Violet (1kg),Bamako,572.6
2025-12-18,Oignon Violet (1kg),Bamako,601.1
2025-12-19,Oignon Violet (1kg),Bamako,573.9
2025-12-20,Oignon Violet (1kg),Bamako,588.1
2025-12-21,Oignon Violet (1kg),Bamako,576.9
2025-12-22,Oignon Violet (1kg),Bamako,576.9
2025-12-23,Oignon Violet (1kg),Bamako,593.6
2025-12-24,Oignon Violet (1kg),Bamako,558.5
2025-12-25,Oignon Violet (1kg),Bamako,612.5
2025-12-26,Oignon Violet (1kg),Bamako,540.9
2025-12-27,Oignon Violet (1kg),Bamako,562.1
2025-12-28,Oignon Violet (1kg),Bamako,578.6
2025-12-29,Oignon Violet (1kg),Bamako,581.1
2025-12-30,Oignon Violet (1kg),Bamako,566.9
2025-12-31,Oignon Violet (1kg),Bamako,566.3
2026-01-01,Oignon Violet (1kg),Bamako,573.5
2026-01-02,Oignon Violet (1kg),Bamako,560.2
2026-01-03,Oignon Violet (1kg),Bamako,589.0
2026-01-04,Oignon Violet (1kg),Bamako,577.3
2026-01-05,Oignon Violet (1kg),Bamako,576.6
2026-01-06,Oignon Violet (1kg),Bamako,541.0
2026-01-07,Oignon Violet (1kg),Bamako,556.2
2026-01-08,Oignon Violet (1kg),Bamako,550.7
2026-01-09,Oignon Violet (1kg),Bamako,536.3
2026-01-10,Oignon Violet (1kg),Bamako,560.4
2026-01-11,Oignon Violet (1kg),Bamako,542.5
2026-01-12,Oignon Violet (1kg),Bamako,563.4
2026-01-13,Oignon Violet (1kg),Bamako,530.1
2026-01-14,Oignon Violet (1kg),Bamako,580.8
2026-01-15,Oignon Violet (1kg),Bamako,531.0
2026-01-16,Oignon Violet (1kg),Bamako,550.5
2026-01-17,Oignon Violet (1kg),Bamako,560.1
2026-01-18,Oignon Violet (1kg),Bamako,533.6
2026-01-19,Oignon Violet (1kg),Bamako,559.0
2026-01-20,Oignon Violet (1kg),Bamako,519.2
2026-01-21,Oignon Violet (1kg),Bamako,568.0
2026-01-22,Oignon Violet (1kg),Bamako,540.3
2026-01-23,Oignon Violet (1kg),Bamako,527.9
2026-01-24,Oignon Violet (1kg),Bamako,532.5
2026-01-25,Oignon Violet (1kg),Bamako,552.1
2026-01-26,Oignon Violet (1kg),Bamako,525.3
2026-01-27,Oignon Violet (1kg),Bamako,521.3
2026-01-28,Oignon Violet (1kg),Bamako,530.3
2026-01-29,Oignon Violet (1kg),Bamako,511.6
2026-01-30,Oignon Violet (1kg),Bamako,566.6
2026-01-31,Oignon Violet (1kg),Bamako,521.4
2026-02-01,Oignon Violet (1kg),Bamako,546.6
2026-02-02,Oignon Violet (1kg),Bamako,534.3
2026-02-03,Oignon Violet (1kg),Bamako,511.4
2026-02-04,Oignon Violet (1kg),Bamako,528.9
2026-02-05,Oignon Violet (1kg),Bamako,542.9
2026-02-06,Oignon Violet (1kg),Bamako,524.2
2026-02-07,Oignon Violet (1kg),Bamako,549.3
2026-02-08,Oignon Violet (1kg),Bamako,545.5
2026-02-09,Oignon Violet (1kg),Bamako,543.0
2026-02-10,Oignon Violet (1kg),Bamako,516.8
2026-02-11,Oignon Violet (1kg),Bamako,504.8
2026-02-12,Oignon Violet (1kg),Bamako,513.0
2026-02-13,Oignon Violet (1kg),Bamako,527.6
2026-02-14,Oignon Violet (1kg),Bamako,533.7
2026-02-15,Oignon Violet (1kg),Bamako,482.8
2026-02-16,Oignon Violet (1kg),Bamako,522.7
2026-02-17,Oignon Violet (1kg),Bamako,525.4
2026-02-18,Oignon Violet (1kg),Bamako,517.0
2026-02-19,Oignon Violet (1kg),Bamako,545.9
2026-02-20,Oignon Violet (1kg),Bamako,529.5
2026-02-21,Oignon Violet (1kg),Bamako,545.8
2026-02-22,Oignon Violet (1kg),Bamako,517.3
2026-02-23,Oignon Violet (1kg),Bamako,538.6
2026-02-24,Oignon Violet (1kg),Bamako,551.4
2026-02-25,Oignon Violet (1kg),Bamako,545.3
2026-02-26,Oignon Violet (1kg),Bamako,500.5
2026-02-27,Oignon Violet (1kg),Bamako,516.1
2026-02-28,Oignon Violet (1kg),Bamako,514.4
2026-03-01,Oignon Violet (1kg),Bamako,529.9
2026-03-02,Oignon Violet (1kg),Bamako,533.6
2026-03-03,Oignon Violet (1kg),Bamako,505.4
2026-03-04,Oignon Violet (1kg),Bamako,522.3
2026-03-05,Oignon Violet (1kg),Bamako,483.6
2026-03-06,Oignon Violet (1kg),Bamako,548.2
2026-03-07,Oignon Violet (1kg),Bamako,512.0
2026-03-08,Oignon Violet (1kg),Bamako,522.8
2026-03-09,Oignon Violet (1kg),Bamako,516.3
2026-03-10,Oignon Violet (1kg),Bamako,543.7
2026-03-11,Oignon Violet (1kg),Bamako,469.9
2026-03-12,Oignon Violet (1kg),Bamako,522.7
2026-03-13,Oignon Violet (1kg),Bamako,521.4
2026-03-14,Oignon Violet (1kg),Bamako,515.3
2026-03-15,Oignon Violet (1kg),Bamako,556.3
2026-03-16,Oignon Violet (1kg),Bamako,508.2
2026-03-17,Oignon Violet (1kg),Bamako,539.5
2026-03-18,Oignon Violet (1kg),Bamako,532.3
2026-03-19,Oignon Violet (1kg),Bamako,549.7
2026-03-20,Oignon Violet (1kg),Bamako,514.4
2026-03-21,Oignon Violet (1kg),Bamako,513.7
2026-03-22,Oignon Violet (1kg),Bamako,548.4
2026-03-23,Oignon Violet (1kg),Bamako,536.6
2026-03-24,Oignon Violet (1kg),Bamako,500.6
2026-03-25,Oignon Violet (1kg),Bamako,520.0
2026-03-26,Oignon Violet (1kg),Bamako,537.9
2026-03-27,Oignon Violet (1kg),Bamako,547.1
2026-03-28,Oignon Violet (1kg),Bamako,519.7
2026-03-29,Oignon Violet (1kg),Bamako,478.9
2026-03-30,Oignon Violet (1kg),Bamako,543.7
2026-03-31,Oignon Violet (1kg),Bamako,512.1
2026-04-01,Oignon Violet (1kg),Bamako,498.2
2026-04-02,Oignon Violet (1kg),Bamako,483.9
2026-04-03,Oignon Violet (1kg),Bamako,552.7
2026-04-04,Oignon Violet (1kg),Bamako,540.9
2026-04-05,Oignon Violet (1kg),Bamako,535.3
2026-04-06,Oignon Violet (1kg),Bamako,566.3
2026-04-07,Oignon Violet (1kg),Bamako,553.4
2026-04-08,Oignon Violet (1kg),Bamako,572.7
2026-04-09,Oignon Violet (1kg),Bamako,517.8
2026-04-10,Oignon Violet (1kg),Bamako,544.1
2026-04-11,Oignon Violet (1kg),Bamako,515.8
2026-04-12,Oignon Violet (1kg),Bamako,542.8
2026-04-13,Oignon Violet (1kg),Bamako,543.6
2026-04-14,Oignon Violet (1kg),Bamako,561.1
2026-04-15,Oignon Violet (1kg),Bamako,551.5
2026-04-16,Oignon Violet (1kg),Bamako,563.4
2026-04-17,Oignon Violet (1kg),Bamako,566.2
2026-04-18,Oignon Violet (1kg),Bamako,594.4
2026-04-19,Oignon Violet (1kg),Bamako,549.8
2026-04-20,Oignon Violet (1kg),Bamako,539.5
2026-04-21,Oignon Violet (1kg),Bamako,562.9
2026-04-22,Oignon Violet (1kg),Bamako,544.7
2026-04-23,Oignon Violet (1kg),Bamako,588.6
2026-04-24,Oignon Violet (1kg),Bamako,557.1
2026-04-25,Oignon Violet (1kg),Bamako,553.3
2026-04-26,Oignon Violet (1kg),Bamako,556.4
2026-04-27,Oignon Violet (1kg),Bamako,580.0
2026-04-28,Oignon Violet (1kg),Bamako,565.1
2026-04-29,Oignon Violet (1kg),Bamako,557.6
2026-04-30,Oignon Violet (1kg),Bamako,602.0
2026-05-01,Oignon Violet (1kg),Bamako,556.6
2026-05-02,Oignon Violet (1kg),Bamako,574.7
2026-05-03,Oignon Violet (1kg),Bamako,587.7
2026-05-04,Oignon Violet (1kg),Bamako,546.7
2026-05-05,Oignon Violet (1kg),Bamako,587.5
2026-05-06,Oignon Violet (1kg),Bamako,560.5
2026-05-07,Oignon Violet (1kg),Bamako,597.0
2026-05-08,Oignon Violet (1kg),Bamako,565.4
2026-05-09,Oignon Violet (1kg),Bamako,597.8
2026-05-10,Oignon Violet (1kg),Bamako,607.1
2026-05-11,Oignon Violet (1kg),Bamako,604.2
2026-05-12,Oignon Violet (1kg),Bamako,594.4
2026-05-13,Oignon Violet (1kg),Bamako,587.1
2026-05-14,Oignon Violet (1kg),Bamako,582.3
2026-05-15,Oignon Violet (1kg),Bamako,622.0
2026-05-16,Oignon Violet (1kg),Bamako,583.3
2026-05-17,Oignon Violet (1kg),Bamako,578.7
2026-05-18,Oignon Violet (1kg),Bamako,612.0
2026-05-19,Oignon Violet (1kg),Bamako,586.5
2026-05-20,Oignon Violet (1kg),Bamako,585.3
2026-05-21,Oignon Violet (1kg),Bamako,577.8
2026-05-22,Oignon Violet (1kg),Bamako,597.4
2026-05-23,Oignon Violet (1kg),Bamako,606.5
2026-05-24,Oignon Violet (1kg),Bamako,614.3
2026-05-25,Oignon Violet (1kg),Bamako,629.2
2026-05-26,Oignon Violet (1kg),Bamako,623.0
2026-05-27,Oignon Violet (1kg),Bamako,611.3
2026-05-28,Oignon Violet (1kg),Bamako,612.9
2026-05-29,Oignon Violet (1kg),Bamako,627.8
2026-05-30,Oignon Violet (1kg),Bamako,643.7
2026-05-31,Oignon Violet (1kg),Bamako,624.1
2026-06-01,Oignon Violet (1kg),Bamako,614.7
2026-06-02,Oignon Violet (1kg),Bamako,606.7
2026-06-03,Oignon Violet (1kg),Bamako,599.9
2026-06-04,Oignon Violet (1kg),Bamako,640.9
2026-06-05,Oignon Violet (1kg),Bamako,641.0
2026-06-06,Oignon Violet (1kg),Bamako,642.7
2026-06-07,Oignon Violet (1kg),Bamako,631.2
2026-06-08,Oignon Violet (1kg),Bamako,661.5
2026-06-09,Oignon Violet (1kg),Bamako,628.0
2026-06-10,Oignon Violet (1kg),Bamako,656.4
2026-06-11,Oignon Violet (1kg),Bamako,639.6
2026-06-12,Oignon Violet (1kg),Bamako,630.7
2026-06-13,Oignon Violet (1kg),Bamako,654.7
2026-06-14,Oignon Violet (1kg),Bamako,653.0
2026-06-15,Oignon Violet (1kg),Bamako,653.6
2026-06-16,Oignon Violet (1kg),Bamako,650.1
2026-06-17,Oignon Violet (1kg),Bamako,649.5
2026-06-18,Oignon Violet (1kg),Bamako,696.3
2026-06-19,Oignon Violet (1kg),Bamako,675.5
2026-06-20,Oignon Violet (1kg),Bamako,668.5
2026-06-21,Oignon Violet (1kg),Bamako,658.8
2026-06-22,Oignon Violet (1kg),Bamako,677.0
2026-06-23,Oignon Violet (1kg),Bamako,669.5
2026-06-24,Oignon Violet (1kg),Bamako,661.9
2026-06-25,Oignon Violet (1kg),Bamako,657.3
2026-06-26,Oignon Violet (1kg),Bamako,663.0
2026-06-27,Oignon Violet (1kg),Bamako,607.0
2026-06-28,Oignon Violet (1kg),Bamako,671.4
2026-06-29,Oignon Violet (1kg),Bamako,659.9
2026-06-30,Oignon Violet (1kg),Bamako,700.1
2026-07-01,Oignon Violet (1kg),Bamako,672.3
2026-07-02,Oignon Violet (1kg),Bamako,651.3
2026-07-03,Oignon Violet (1kg),Bamako,673.9
2026-07-04,Oignon Violet (1kg),Bamako,656.8
2026-07-05,Oignon Violet (1kg),Bamako,686.4
2026-07-06,Oignon Violet (1kg),Bamako,684.4
2026-07-07,Oignon Violet (1kg),Bamako,698.2
2026-07-08,Oignon Violet (1kg),Bamako,667.0
2026-07-09,Oignon Violet (1kg),Bamako,683.7
2026-07-10,Oignon Violet (1kg),Bamako,659.0
2026-07-11,Oignon Violet (1kg),Bamako,698.7
2026-07-12,Oignon Violet (1kg),Bamako,696.6
2026-07-13,Oignon Violet (1kg),Bamako,697.4
2026-07-14,Oignon Violet (1kg),Bamako,689.4
2026-07-15,Oignon Violet (1kg),Bamako,698.3
2026-07-16,Oignon Violet (1kg),Bamako,721.6
2026-07-17,Oignon Violet (1kg),Bamako,687.7
2026-07-18,Oignon Violet (1kg),Bamako,696.7
2026-07-19,Oignon Violet (1kg),Bamako,675.0
2026-07-20,Oignon Violet (1kg),Bamako,680.2
2026-07-21,Oignon Violet (1kg),Bamako,699.2
2026-07-22,Oignon Violet (1kg),Bamako,719.0
2026-07-23,Oignon Violet (1kg),Bamako,694.7
2026-07-24,Oignon Violet (1kg),Bamako,696.1
2026-07-25,Oignon Violet (1kg),Bamako,693.9
2026-07-26,Oignon Violet (1kg),Bamako,692.5
2026-07-27,Oignon Violet (1kg),Bamako,708.9
2026-07-28,Oignon Violet (1kg),Bamako,676.5
2026-07-29,Oignon Violet (1kg),Bamako,729.0
2025-07-29,Oignon Violet (1kg),Sikasso,727.5
2025-07-30,Oignon Violet (1kg),Sikasso,755.5
2025-07-31,Oignon Violet (1kg),Sikasso,717.4
2025-08-01,Oignon Violet (1kg),Sikasso,756.1
2025-08-02,Oignon Violet (1kg),Sikasso,757.0
2025-08-03,Oignon Violet (1kg),Sikasso,752.2
2025-08-04,Oignon Violet (1kg),Sikasso,726.1
2025-08-05,Oignon Violet (1kg),Sikasso,751.1
2025-08-06,Oignon Violet (1kg),Sikasso,723.8
2025-08-07,Oignon Violet (1kg),Sikasso,742.7
2025-08-08,Oignon Violet (1kg),Sikasso,768.4
2025-08-09,Oignon Violet (1kg),Sikasso,764.5
2025-08-10,Oignon Violet (1kg),Sikasso,749.8
2025-08-11,Oignon Violet (1kg),Sikasso,731.0
2025-08-12,Oignon Violet (1kg),Sikasso,763.2
2025-08-13,Oignon Violet (1kg),Sikasso,751.5
2025-08-14,Oignon Violet (1kg),Sikasso,706.3
2025-08-15,Oignon Violet (1kg),Sikasso,767.3
2025-08-16,Oignon Violet (1kg),Sikasso,752.0
2025-08-17,Oignon Violet (1kg),Sikasso,776.3
2025-08-18,Oignon Violet (1kg),Sikasso,731.8
2025-08-19,Oignon Violet (1kg),Sikasso,691.5
2025-08-20,Oignon Violet (1kg),Sikasso,759.3
2025-08-21,Oignon Violet (1kg),Sikasso,759.8
2025-08-22,Oignon Violet (1kg),Sikasso,721.3
2025-08-23,Oignon Violet (1kg),Sikasso,735.4
2025-08-24,Oignon Violet (1kg),Sikasso,808.5
2025-08-25,Oignon Violet (1kg),Sikasso,748.9
2025-08-26,Oignon Violet (1kg),Sikasso,769.3
2025-08-27,Oignon Violet (1kg),Sikasso,742.4
2025-08-28,Oignon Violet (1kg),Sikasso,714.3
2025-08-29,Oignon Violet (1kg),Sikasso,751.8
2025-08-30,Oignon Violet (1kg),Sikasso,750.0
2025-08-31,Oignon Violet (1kg),Sikasso,747.3
2025-09-01,Oignon Violet (1kg),Sikasso,752.8
2025-09-02,Oignon Violet (1kg),Sikasso,760.1
2025-09-03,Oignon Violet (1kg),Sikasso,751.9
2025-09-04,Oignon Violet (1kg),Sikasso,730.0
2025-09-05,Oignon Violet (1kg),Sikasso,764.0
2025-09-06,Oignon Violet (1kg),Sikasso,716.2
2025-09-07,Oignon Violet (1kg),Sikasso,713.9
2025-09-08,Oignon Violet (1kg),Sikasso,768.1
2025-09-09,Oignon Violet (1kg),Sikasso,763.3
2025-09-10,Oignon Violet (1kg),Sikasso,751.9
2025-09-11,Oignon Violet (1kg),Sikasso,725.4
2025-09-12,Oignon Violet (1kg),Sikasso,738.4
2025-09-13,Oignon Violet (1kg),Sikasso,746.7
2025-09-14,Oignon Violet (1kg),Sikasso,720.2
2025-09-15,Oignon Violet (1kg),Sikasso,736.4
2025-09-16,Oignon Violet (1kg),Sikasso,763.1
2025-09-17,Oignon Violet (1kg),Sikasso,777.7
2025-09-18,Oignon Violet (1kg),Sikasso,741.0
2025-09-19,Oignon Violet (1kg),Sikasso,763.4
2025-09-20,Oignon Violet (1kg),Sikasso,710.6
2025-09-21,Oignon Violet (1kg),Sikasso,760.2
2025-09-22,Oignon Violet (1kg),Sikasso,730.9
2025-09-23,Oignon Violet (1kg),Sikasso,751.9
2025-09-24,Oignon Violet (1kg),Sikasso,740.3
2025-09-25,Oignon Violet (1kg),Sikasso,770.1
2025-09-26,Oignon Violet (1kg),Sikasso,726.4
2025-09-27,Oignon Violet (1kg),Sikasso,754.9
2025-09-28,Oignon Violet (1kg),Sikasso,736.3
2025-09-29,Oignon Violet (1kg),Sikasso,737.8
2025-09-30,Oignon Violet (1kg),Sikasso,736.4
2025-10-01,Oignon Violet (1kg),Sikasso,722.5
2025-10-02,Oignon Violet (1kg),Sikasso,737.8
2025-10-03,Oignon Violet (1kg),Sikasso,735.8
2025-10-04,Oignon Violet (1kg),Sikasso,740.8
2025-10-05,Oignon Violet (1kg),Sikasso,736.7
2025-10-06,Oignon Violet (1kg),Sikasso,749.5
2025-10-07,Oignon Violet (1kg),Sikasso,750.9
2025-10-08,Oignon Violet (1kg),Sikasso,711.2
2025-10-09,Oignon Violet (1kg),Sikasso,747.5
2025-10-10,Oignon Violet (1kg),Sikasso,706.2
2025-10-11,Oignon Violet (1kg),Sikasso,739.7
2025-10-12,Oignon Violet (1kg),Sikasso,739.1
2025-10-13,Oignon Violet (1kg),Sikasso,688.4
2025-10-14,Oignon Violet (1kg),Sikasso,726.3
2025-10-15,Oignon Violet (1kg),Sikasso,714.1
2025-10-16,Oignon Violet (1kg),Sikasso,707.1
2025-10-17,Oignon Violet (1kg),Sikasso,747.0
2025-10-18,Oignon Violet (1kg),Sikasso,706.5
2025-10-19,Oignon Violet (1kg),Sikasso,702.1
2025-10-20,Oignon Violet (1kg),Sikasso,718.0
2025-10-21,Oignon Violet (1kg),Sikasso,728.5
2025-10-22,Oignon Violet (1kg),Sikasso,710.9
2025-10-23,Oignon Violet (1kg),Sikasso,735.0
2025-10-24,Oignon Violet (1kg),Sikasso,721.1
2025-10-25,Oignon Violet (1kg),Sikasso,666.7
2025-10-26,Oignon Violet (1kg),Sikasso,697.5
2025-10-27,Oignon Violet (1kg),Sikasso,695.3
2025-10-28,Oignon Violet (1kg),Sikasso,714.1
2025-10-29,Oignon Violet (1kg),Sikasso,651.9
2025-10-30,Oignon Violet (1kg),Sikasso,751.4
2025-10-31,Oignon Violet (1kg),Sikasso,710.4
2025-11-01,Oignon Violet (1kg),Sikasso,701.4
2025-11-02,Oignon Violet (1kg),Sikasso,720.0
2025-11-03,Oignon Violet (1kg),Sikasso,741.0
2025-11-04,Oignon Violet (1kg),Sikasso,710.6
2025-11-05,Oignon Violet (1kg),Sikasso,710.5
2025-11-06,Oignon Violet (1kg),Sikasso,692.9
2025-11-07,Oignon Violet (1kg),Sikasso,685.9
2025-11-08,Oignon Violet (1kg),Sikasso,677.7
2025-11-09,Oignon Violet (1kg),Sikasso,669.2
2025-11-10,Oignon Violet (1kg),Sikasso,670.2
2025-11-11,Oignon Violet (1kg),Sikasso,655.5
2025-11-12,Oignon Violet (1kg),Sikasso,678.7
2025-11-13,Oignon Violet (1kg),Sikasso,645.6
2025-11-14,Oignon Violet (1kg),Sikasso,680.5
2025-11-15,Oignon Violet (1kg),Sikasso,674.3
2025-11-16,Oignon Violet (1kg),Sikasso,676.1
2025-11-17,Oignon Violet (1kg),Sikasso,661.3
2025-11-18,Oignon Violet (1kg),Sikasso,729.8
2025-11-19,Oignon Violet (1kg),Sikasso,694.5
2025-11-20,Oignon Violet (1kg),Sikasso,641.9
2025-11-21,Oignon Violet (1kg),Sikasso,669.0
2025-11-22,Oignon Violet (1kg),Sikasso,650.8
2025-11-23,Oignon Violet (1kg),Sikasso,641.0
2025-11-24,Oignon Violet (1kg),Sikasso,632.9
2025-11-25,Oignon Violet (1kg),Sikasso,665.7
2025-11-26,Oignon Violet (1kg),Sikasso,642.2
2025-11-27,Oignon Violet (1kg),Sikasso,672.6
2025-11-28,Oignon Violet (1kg),Sikasso,671.3
2025-11-29,Oignon Violet (1kg),Sikasso,676.9
2025-11-30,Oignon Violet (1kg),Sikasso,631.7
2025-12-01,Oignon Violet (1kg),Sikasso,655.8
2025-12-02,Oignon Violet (1kg),Sikasso,657.1
2025-12-03,Oignon Violet (1kg),Sikasso,633.7
2025-12-04,Oignon Violet (1kg),Sikasso,626.1
2025-12-05,Oignon Violet (1kg),Sikasso,670.8
2025-12-06,Oignon Violet (1kg),Sikasso,642.0
2025-12-07,Oignon Violet (1kg),Sikasso,648.2
2025-12-08,Oignon Violet (1kg),Sikasso,618.0
2025-12-09,Oignon Violet (1kg),Sikasso,608.5
2025-12-10,Oignon Violet (1kg),Sikasso,619.4
2025-12-11,Oignon Violet (1kg),Sikasso,626.3
2025-12-12,Oignon Violet (1kg),Sikasso,606.2
2025-12-13,Oignon Violet (1kg),Sikasso,625.1
2025-12-14,Oignon Violet (1kg),Sikasso,590.6
2025-12-15,Oignon Violet (1kg),Sikasso,599.9
2025-12-16,Oignon Violet (1kg),Sikasso,633.2
2025-12-17,Oignon Violet (1kg),Sikasso,630.2
2025-12-18,Oignon Violet (1kg),Sikasso,609.0
2025-12-19,Oignon Violet (1kg),Sikasso,595.1
2025-12-20,Oignon Violet (1kg),Sikasso,593.3
2025-12-21,Oignon Violet (1kg),Sikasso,604.4
2025-12-22,Oignon Violet (1kg),Sikasso,622.6
2025-12-23,Oignon Violet (1kg),Sikasso,626.5
2025-12-24,Oignon Violet (1kg),Sikasso,597.0
2025-12-25,Oignon Violet (1kg),Sikasso,582.6
2025-12-26,Oignon Violet (1kg),Sikasso,608.7
2025-12-27,Oignon Violet (1kg),Sikasso,585.8
2025-12-28,Oignon Violet (1kg),Sikasso,590.2
2025-12-29,Oignon Violet (1kg),Sikasso,624.7
2025-12-30,Oignon Violet (1kg),Sikasso,613.4
2025-12-31,Oignon Violet (1kg),Sikasso,598.8
2026-01-01,Oignon Violet (1kg),Sikasso,569.4
2026-01-02,Oignon Violet (1kg),Sikasso,596.8
2026-01-03,Oignon Violet (1kg),Sikasso,612.0
2026-01-04,Oignon Violet (1kg),Sikasso,582.4
2026-01-05,Oignon Violet (1kg),Sikasso,614.7
2026-01-06,Oignon Violet (1kg),Sikasso,612.2
2026-01-07,Oignon Violet (1kg),Sikasso,618.0
2026-01-08,Oignon Violet (1kg),Sikasso,590.1
2026-01-09,Oignon Violet (1kg),Sikasso,594.2
2026-01-10,Oignon Violet (1kg),Sikasso,609.0
2026-01-11,Oignon Violet (1kg),Sikasso,588.8
2026-01-12,Oignon Violet (1kg),Sikasso,569.0
2026-01-13,Oignon Violet (1kg),Sikasso,568.7
2026-01-14,Oignon Violet (1kg),Sikasso,580.9
2026-01-15,Oignon Violet (1kg),Sikasso,549.8
2026-01-16,Oignon Violet (1kg),Sikasso,571.0
2026-01-17,Oignon Violet (1kg),Sikasso,594.0
2026-01-18,Oignon Violet (1kg),Sikasso,528.6
2026-01-19,Oignon Violet (1kg),Sikasso,600.3
2026-01-20,Oignon Violet (1kg),Sikasso,591.1
2026-01-21,Oignon Violet (1kg),Sikasso,559.1
2026-01-22,Oignon Violet (1kg),Sikasso,577.6
2026-01-23,Oignon Violet (1kg),Sikasso,566.0
2026-01-24,Oignon Violet (1kg),Sikasso,588.9
2026-01-25,Oignon Violet (1kg),Sikasso,583.1
2026-01-26,Oignon Violet (1kg),Sikasso,535.6
2026-01-27,Oignon Violet (1kg),Sikasso,573.5
2026-01-28,Oignon Violet (1kg),Sikasso,557.1
2026-01-29,Oignon Violet (1kg),Sikasso,561.8
2026-01-30,Oignon Violet (1kg),Sikasso,545.1
2026-01-31,Oignon Violet (1kg),Sikasso,592.6
2026-02-01,Oignon Violet (1kg),Sikasso,578.0
2026-02-02,Oignon Violet (1kg),Sikasso,542.5
2026-02-03,Oignon Violet (1kg),Sikasso,530.1
2026-02-04,Oignon Violet (1kg),Sikasso,547.9
2026-02-05,Oignon Violet (1kg),Sikasso,563.2
2026-02-06,Oignon Violet (1kg),Sikasso,558.7
2026-02-07,Oignon Violet (1kg),Sikasso,577.9
2026-02-08,Oignon Violet (1kg),Sikasso,568.2
2026-02-09,Oignon Violet (1kg),Sikasso,571.2
2026-02-10,Oignon Violet (1kg),Sikasso,558.0
2026-02-11,Oignon Violet (1kg),Sikasso,524.0
2026-02-12,Oignon Violet (1kg),Sikasso,546.8
2026-02-13,Oignon Violet (1kg),Sikasso,570.9
2026-02-14,Oignon Violet (1kg),Sikasso,548.7
2026-02-15,Oignon Violet (1kg),Sikasso,559.2
2026-02-16,Oignon Violet (1kg),Sikasso,542.7
2026-02-17,Oignon Violet (1kg),Sikasso,528.5
2026-02-18,Oignon Violet (1kg),Sikasso,545.9
2026-02-19,Oignon Violet (1kg),Sikasso,554.1
2026-02-20,Oignon Violet (1kg),Sikasso,535.0
2026-02-21,Oignon Violet (1kg),Sikasso,542.9
2026-02-22,Oignon Violet (1kg),Sikasso,529.0
2026-02-23,Oignon Violet (1kg),Sikasso,569.0
2026-02-24,Oignon Violet (1kg),Sikasso,541.3
2026-02-25,Oignon Violet (1kg),Sikasso,575.3
2026-02-26,Oignon Violet (1kg),Sikasso,576.7
2026-02-27,Oignon Violet (1kg),Sikasso,545.3
2026-02-28,Oignon Violet (1kg),Sikasso,527.1
2026-03-01,Oignon Violet (1kg),Sikasso,506.1
2026-03-02,Oignon Violet (1kg),Sikasso,518.2
2026-03-03,Oignon Violet (1kg),Sikasso,520.2
2026-03-04,Oignon Violet (1kg),Sikasso,574.0
2026-03-05,Oignon Violet (1kg),Sikasso,549.5
2026-03-06,Oignon Violet (1kg),Sikasso,555.1
2026-03-07,Oignon Violet (1kg),Sikasso,504.3
2026-03-08,Oignon Violet (1kg),Sikasso,524.5
2026-03-09,Oignon Violet (1kg),Sikasso,565.5
2026-03-10,Oignon Violet (1kg),Sikasso,554.1
2026-03-11,Oignon Violet (1kg),Sikasso,545.9
2026-03-12,Oignon Violet (1kg),Sikasso,560.2
2026-03-13,Oignon Violet (1kg),Sikasso,581.5
2026-03-14,Oignon Violet (1kg),Sikasso,545.6
2026-03-15,Oignon Violet (1kg),Sikasso,551.8
2026-03-16,Oignon Violet (1kg),Sikasso,554.7
2026-03-17,Oignon Violet (1kg),Sikasso,598.1
2026-03-18,Oignon Violet (1kg),Sikasso,510.9
2026-03-19,Oignon Violet (1kg),Sikasso,565.9
2026-03-20,Oignon Violet (1kg),Sikasso,550.9
2026-03-21,Oignon Violet (1kg),Sikasso,564.8
2026-03-22,Oignon Violet (1kg),Sikasso,541.5
2026-03-23,Oignon Violet (1kg),Sikasso,554.1
2026-03-24,Oignon Violet (1kg),Sikasso,569.7
2026-03-25,Oignon Violet (1kg),Sikasso,617.3
2026-03-26,Oignon Violet (1kg),Sikasso,573.1
2026-03-27,Oignon Violet (1kg),Sikasso,541.5
2026-03-28,Oignon Violet (1kg),Sikasso,550.6
2026-03-29,Oignon Violet (1kg),Sikasso,550.9
2026-03-30,Oignon Violet (1kg),Sikasso,525.6
2026-03-31,Oignon Violet (1kg),Sikasso,555.1
2026-04-01,Oignon Violet (1kg),Sikasso,576.8
2026-04-02,Oignon Violet (1kg),Sikasso,538.6
2026-04-03,Oignon Violet (1kg),Sikasso,584.9
2026-04-04,Oignon Violet (1kg),Sikasso,575.0
2026-04-05,Oignon Violet (1kg),Sikasso,552.1
2026-04-06,Oignon Violet (1kg),Sikasso,564.8
2026-04-07,Oignon Violet (1kg),Sikasso,599.8
2026-04-08,Oignon Violet (1kg),Sikasso,584.1
2026-04-09,Oignon Violet (1kg),Sikasso,571.0
2026-04-10,Oignon Violet (1kg),Sikasso,567.4
2026-04-11,Oignon Violet (1kg),Sikasso,574.7
2026-04-12,Oignon Violet (1kg),Sikasso,564.4
2026-04-13,Oignon Violet (1kg),Sikasso,534.5
2026-04-14,Oignon Violet (1kg),Sikasso,616.8
2026-04-15,Oignon Violet (1kg),Sikasso,581.2
2026-04-16,Oignon Violet (1kg),Sikasso,587.2
2026-04-17,Oignon Violet (1kg),Sikasso,579.6
2026-04-18,Oignon Violet (1kg),Sikasso,567.7
2026-04-19,Oignon Violet (1kg),Sikasso,579.8
2026-04-20,Oignon Violet (1kg),Sikasso,553.6
2026-04-21,Oignon Violet (1kg),Sikasso,630.7
2026-04-22,Oignon Violet (1kg),Sikasso,563.5
2026-04-23,Oignon Violet (1kg),Sikasso,568.9
2026-04-24,Oignon Violet (1kg),Sikasso,581.9
2026-04-25,Oignon Violet (1kg),Sikasso,617.1
2026-04-26,Oignon Violet (1kg),Sikasso,593.7
2026-04-27,Oignon Violet (1kg),Sikasso,570.8
2026-04-28,Oignon Violet (1kg),Sikasso,621.0
2026-04-29,Oignon Violet (1kg),Sikasso,612.3
2026-04-30,Oignon Violet (1kg),Sikasso,610.1
2026-05-01,Oignon Violet (1kg),Sikasso,615.1
2026-05-02,Oignon Violet (1kg),Sikasso,649.5
2026-05-03,Oignon Violet (1kg),Sikasso,647.0
2026-05-04,Oignon Violet (1kg),Sikasso,592.5
2026-05-05,Oignon Violet (1kg),Sikasso,639.3
2026-05-06,Oignon Violet (1kg),Sikasso,616.7
2026-05-07,Oignon Violet (1kg),Sikasso,620.6
2026-05-08,Oignon Violet (1kg),Sikasso,579.4
2026-05-09,Oignon Violet (1kg),Sikasso,610.8
2026-05-10,Oignon Violet (1kg),Sikasso,600.0
2026-05-11,Oignon Violet (1kg),Sikasso,633.7
2026-05-12,Oignon Violet (1kg),Sikasso,640.2
2026-05-13,Oignon Violet (1kg),Sikasso,580.4
2026-05-14,Oignon Violet (1kg),Sikasso,622.2
2026-05-15,Oignon Violet (1kg),Sikasso,646.3
2026-05-16,Oignon Violet (1kg),Sikasso,622.5
2026-05-17,Oignon Violet (1kg),Sikasso,642.1
2026-05-18,Oignon Violet (1kg),Sikasso,636.5
2026-05-19,Oignon Violet (1kg),Sikasso,638.1
2026-05-20,Oignon Violet (1kg),Sikasso,627.9
2026-05-21,Oignon Violet (1kg),Sikasso,611.2
2026-05-22,Oignon Violet (1kg),Sikasso,614.8
2026-05-23,Oignon Violet (1kg),Sikasso,652.3
2026-05-24,Oignon Violet (1kg),Sikasso,640.6
2026-05-25,Oignon Violet (1kg),Sikasso,639.3
2026-05-26,Oignon Violet (1kg),Sikasso,635.6
2026-05-27,Oignon Violet (1kg),Sikasso,639.7
2026-05-28,Oignon Violet (1kg),Sikasso,667.9
2026-05-29,Oignon Violet (1kg),Sikasso,642.7
2026-05-30,Oignon Violet (1kg),Sikasso,624.8
2026-05-31,Oignon Violet (1kg),Sikasso,667.3
2026-06-01,Oignon Violet (1kg),Sikasso,650.6
2026-06-02,Oignon Violet (1kg),Sikasso,657.0
2026-06-03,Oignon Violet (1kg),Sikasso,689.6
2026-06-04,Oignon Violet (1kg),Sikasso,659.6
2026-06-05,Oignon Violet (1kg),Sikasso,667.4
2026-06-06,Oignon Violet (1kg),Sikasso,640.5
2026-06-07,Oignon Violet (1kg),Sikasso,661.0
2026-06-08,Oignon Violet (1kg),Sikasso,679.0
2026-06-09,Oignon Violet (1kg),Sikasso,638.5
2026-06-10,Oignon Violet (1kg),Sikasso,674.5
2026-06-11,Oignon Violet (1kg),Sikasso,674.3
2026-06-12,Oignon Violet (1kg),Sikasso,674.9
2026-06-13,Oignon Violet (1kg),Sikasso,696.1
2026-06-14,Oignon Violet (1kg),Sikasso,684.1
2026-06-15,Oignon Violet (1kg),Sikasso,708.2
2026-06-16,Oignon Violet (1kg),Sikasso,661.6
2026-06-17,Oignon Violet (1kg),Sikasso,685.4
2026-06-18,Oignon Violet (1kg),Sikasso,686.1
2026-06-19,Oignon Violet (1kg),Sikasso,665.3
2026-06-20,Oignon Violet (1kg),Sikasso,706.5
2026-06-21,Oignon Violet (1kg),Sikasso,734.9
2026-06-22,Oignon Violet (1kg),Sikasso,690.8
2026-06-23,Oignon Violet (1kg),Sikasso,702.7
2026-06-24,Oignon Violet (1kg),Sikasso,696.1
2026-06-25,Oignon Violet (1kg),Sikasso,682.1
2026-06-26,Oignon Violet (1kg),Sikasso,662.1
2026-06-27,Oignon Violet (1kg),Sikasso,685.5
2026-06-28,Oignon Violet (1kg),Sikasso,673.7
2026-06-29,Oignon Violet (1kg),Sikasso,735.7
2026-06-30,Oignon Violet (1kg),Sikasso,701.7
2026-07-01,Oignon Violet (1kg),Sikasso,698.8
2026-07-02,Oignon Violet (1kg),Sikasso,724.4
2026-07-03,Oignon Violet (1kg),Sikasso,686.6
2026-07-04,Oignon Violet (1kg),Sikasso,695.1
2026-07-05,Oignon Violet (1kg),Sikasso,712.8
2026-07-06,Oignon Violet (1kg),Sikasso,733.0
2026-07-07,Oignon Violet (1kg),Sikasso,724.2
2026-07-08,Oignon Violet (1kg),Sikasso,720.6
2026-07-09,Oignon Violet (1kg),Sikasso,718.7
2026-07-10,Oignon Violet (1kg),Sikasso,726.4
2026-07-11,Oignon Violet (1kg),Sikasso,723.9
2026-07-12,Oignon Violet (1kg),Sikasso,701.1
2026-07-13,Oignon Violet (1kg),Sikasso,723.5
2026-07-14,Oignon Violet (1kg),Sikasso,702.9
2026-07-15,Oignon Violet (1kg),Sikasso,726.7
2026-07-16,Oignon Violet (1kg),Sikasso,717.0
2026-07-17,Oignon Violet (1kg),Sikasso,777.2
2026-07-18,Oignon Violet (1kg),Sikasso,728.0
2026-07-19,Oignon Violet (1kg),Sikasso,702.6
2026-07-20,Oignon Violet (1kg),Sikasso,728.5
2026-07-21,Oignon Violet (1kg),Sikasso,742.4
2026-07-22,Oignon Violet (1kg),Sikasso,766.1
2026-07-23,Oignon Violet (1kg),Sikasso,723.0
2026-07-24,Oignon Violet (1kg),Sikasso,704.6
2026-07-25,Oignon Violet (1kg),Sikasso,752.5
2026-07-26,Oignon Violet (1kg),Sikasso,710.6
2026-07-27,Oignon Violet (1kg),Sikasso,730.0
2026-07-28,Oignon Violet (1kg),Sikasso,734.5
2026-07-29,Oignon Violet (1kg),Sikasso,739.1
2025-07-29,Oignon Violet (1kg),Mopti,646.2
2025-07-30,Oignon Violet (1kg),Mopti,624.0
2025-07-31,Oignon Violet (1kg),Mopti,631.6
2025-08-01,Oignon Violet (1kg),Mopti,636.7
2025-08-02,Oignon Violet (1kg),Mopti,640.1
2025-08-03,Oignon Violet (1kg),Mopti,640.0
2025-08-04,Oignon Violet (1kg),Mopti,646.3
2025-08-05,Oignon Violet (1kg),Mopti,653.7
2025-08-06,Oignon Violet (1kg),Mopti,646.8
2025-08-07,Oignon Violet (1kg),Mopti,648.4
2025-08-08,Oignon Violet (1kg),Mopti,614.9
2025-08-09,Oignon Violet (1kg),Mopti,642.8
2025-08-10,Oignon Violet (1kg),Mopti,650.4
2025-08-11,Oignon Violet (1kg),Mopti,655.1
2025-08-12,Oignon Violet (1kg),Mopti,631.8
2025-08-13,Oignon Violet (1kg),Mopti,632.8
2025-08-14,Oignon Violet (1kg),Mopti,634.6
2025-08-15,Oignon Violet (1kg),Mopti,653.6
2025-08-16,Oignon Violet (1kg),Mopti,662.3
2025-08-17,Oignon Violet (1kg),Mopti,638.5
2025-08-18,Oignon Violet (1kg),Mopti,660.8
2025-08-19,Oignon Violet (1kg),Mopti,648.0
2025-08-20,Oignon Violet (1kg),Mopti,644.1
2025-08-21,Oignon Violet (1kg),Mopti,642.8
2025-08-22,Oignon Violet (1kg),Mopti,659.1
2025-08-23,Oignon Violet (1kg),Mopti,652.2
2025-08-24,Oignon Violet (1kg),Mopti,685.0
2025-08-25,Oignon Violet (1kg),Mopti,632.8
2025-08-26,Oignon Violet (1kg),Mopti,655.8
2025-08-27,Oignon Violet (1kg),Mopti,638.4
2025-08-28,Oignon Violet (1kg),Mopti,632.7
2025-08-29,Oignon Violet (1kg),Mopti,647.1
2025-08-30,Oignon Violet (1kg),Mopti,649.6
2025-08-31,Oignon Violet (1kg),Mopti,696.1
2025-09-01,Oignon Violet (1kg),Mopti,644.1
2025-09-02,Oignon Violet (1kg),Mopti,628.2
2025-09-03,Oignon Violet (1kg),Mopti,651.6
2025-09-04,Oignon Violet (1kg),Mopti,612.1
2025-09-05,Oignon Violet (1kg),Mopti,645.1
2025-09-06,Oignon Violet (1kg),Mopti,646.8
2025-09-07,Oignon Violet (1kg),Mopti,659.6
2025-09-08,Oignon Violet (1kg),Mopti,662.3
2025-09-09,Oignon Violet (1kg),Mopti,637.3
2025-09-10,Oignon Violet (1kg),Mopti,642.9
2025-09-11,Oignon Violet (1kg),Mopti,632.3
2025-09-12,Oignon Violet (1kg),Mopti,625.9
2025-09-13,Oignon Violet (1kg),Mopti,649.6
2025-09-14,Oignon Violet (1kg),Mopti,622.7
2025-09-15,Oignon Violet (1kg),Mopti,636.7
2025-09-16,Oignon Violet (1kg),Mopti,626.5
2025-09-17,Oignon Violet (1kg),Mopti,651.9
2025-09-18,Oignon Violet (1kg),Mopti,672.3
2025-09-19,Oignon Violet (1kg),Mopti,619.9
2025-09-20,Oignon Violet (1kg),Mopti,610.1
2025-09-21,Oignon Violet (1kg),Mopti,638.4
2025-09-22,Oignon Violet (1kg),Mopti,640.2
2025-09-23,Oignon Violet (1kg),Mopti,643.0
2025-09-24,Oignon Violet (1kg),Mopti,631.2
2025-09-25,Oignon Violet (1kg),Mopti,634.6
2025-09-26,Oignon Violet (1kg),Mopti,643.4
2025-09-27,Oignon Violet (1kg),Mopti,654.0
2025-09-28,Oignon Violet (1kg),Mopti,603.1
2025-09-29,Oignon Violet (1kg),Mopti,628.9
2025-09-30,Oignon Violet (1kg),Mopti,637.9
2025-10-01,Oignon Violet (1kg),Mopti,618.1
2025-10-02,Oignon Violet (1kg),Mopti,661.6
2025-10-03,Oignon Violet (1kg),Mopti,621.1
2025-10-04,Oignon Violet (1kg),Mopti,630.2
2025-10-05,Oignon Violet (1kg),Mopti,639.3
2025-10-06,Oignon Violet (1kg),Mopti,619.2
2025-10-07,Oignon Violet (1kg),Mopti,597.2
2025-10-08,Oignon Violet (1kg),Mopti,620.0
2025-10-09,Oignon Violet (1kg),Mopti,643.4
2025-10-10,Oignon Violet (1kg),Mopti,619.6
2025-10-11,Oignon Violet (1kg),Mopti,610.0
2025-10-12,Oignon Violet (1kg),Mopti,638.6
2025-10-13,Oignon Violet (1kg),Mopti,616.5
2025-10-14,Oignon Violet (1kg),Mopti,612.5
2025-10-15,Oignon Violet (1kg),Mopti,622.4
2025-10-16,Oignon Violet (1kg),Mopti,631.7
2025-10-17,Oignon Violet (1kg),Mopti,657.5
2025-10-18,Oignon Violet (1kg),Mopti,630.3
2025-10-19,Oignon Violet (1kg),Mopti,634.7
2025-10-20,Oignon Violet (1kg),Mopti,605.7
2025-10-21,Oignon Violet (1kg),Mopti,595.8
2025-10-22,Oignon Violet (1kg),Mopti,612.8
2025-10-23,Oignon Violet (1kg),Mopti,612.3
2025-10-24,Oignon Violet (1kg),Mopti,591.2
2025-10-25,Oignon Violet (1kg),Mopti,605.0
2025-10-26,Oignon Violet (1kg),Mopti,613.4
2025-10-27,Oignon Violet (1kg),Mopti,611.4
2025-10-28,Oignon Violet (1kg),Mopti,612.5
2025-10-29,Oignon Violet (1kg),Mopti,607.6
2025-10-30,Oignon Violet (1kg),Mopti,592.9
2025-10-31,Oignon Violet (1kg),Mopti,591.5
2025-11-01,Oignon Violet (1kg),Mopti,578.6
2025-11-02,Oignon Violet (1kg),Mopti,627.2
2025-11-03,Oignon Violet (1kg),Mopti,596.2
2025-11-04,Oignon Violet (1kg),Mopti,590.8
2025-11-05,Oignon Violet (1kg),Mopti,577.6
2025-11-06,Oignon Violet (1kg),Mopti,640.9
2025-11-07,Oignon Violet (1kg),Mopti,572.3
2025-11-08,Oignon Violet (1kg),Mopti,581.7
2025-11-09,Oignon Violet (1kg),Mopti,594.4
2025-11-10,Oignon Violet (1kg),Mopti,596.0
2025-11-11,Oignon Violet (1kg),Mopti,600.5
2025-11-12,Oignon Violet (1kg),Mopti,613.3
2025-11-13,Oignon Violet (1kg),Mopti,590.0
2025-11-14,Oignon Violet (1kg),Mopti,562.4
2025-11-15,Oignon Violet (1kg),Mopti,574.3
2025-11-16,Oignon Violet (1kg),Mopti,582.2
2025-11-17,Oignon Violet (1kg),Mopti,610.2
2025-11-18,Oignon Violet (1kg),Mopti,550.7
2025-11-19,Oignon Violet (1kg),Mopti,592.7
2025-11-20,Oignon Violet (1kg),Mopti,574.0
2025-11-21,Oignon Violet (1kg),Mopti,583.5
2025-11-22,Oignon Violet (1kg),Mopti,566.3
2025-11-23,Oignon Violet (1kg),Mopti,552.3
2025-11-24,Oignon Violet (1kg),Mopti,577.5
2025-11-25,Oignon Violet (1kg),Mopti,574.3
2025-11-26,Oignon Violet (1kg),Mopti,578.1
2025-11-27,Oignon Violet (1kg),Mopti,560.1
2025-11-28,Oignon Violet (1kg),Mopti,548.7
2025-11-29,Oignon Violet (1kg),Mopti,531.1
2025-11-30,Oignon Violet (1kg),Mopti,569.4
2025-12-01,Oignon Violet (1kg),Mopti,561.3
2025-12-02,Oignon Violet (1kg),Mopti,536.5
2025-12-03,Oignon Violet (1kg),Mopti,542.1
2025-12-04,Oignon Violet (1kg),Mopti,541.7
2025-12-05,Oignon Violet (1kg),Mopti,523.2
2025-12-06,Oignon Violet (1kg),Mopti,532.8
2025-12-07,Oignon Violet (1kg),Mopti,526.0
2025-12-08,Oignon Violet (1kg),Mopti,536.6
2025-12-09,Oignon Violet (1kg),Mopti,529.6
2025-12-10,Oignon Violet (1kg),Mopti,513.2
2025-12-11,Oignon Violet (1kg),Mopti,572.8
2025-12-12,Oignon Violet (1kg),Mopti,558.4
2025-12-13,Oignon Violet (1kg),Mopti,522.9
2025-12-14,Oignon Violet (1kg),Mopti,539.0
2025-12-15,Oignon Violet (1kg),Mopti,540.0
2025-12-16,Oignon Violet (1kg),Mopti,551.4
2025-12-17,Oignon Violet (1kg),Mopti,516.3
2025-12-18,Oignon Violet (1kg),Mopti,546.9
2025-12-19,Oignon Violet (1kg),Mopti,518.0
2025-12-20,Oignon Violet (1kg),Mopti,503.3
2025-12-21,Oignon Violet (1kg),Mopti,536.4
2025-12-22,Oignon Violet (1kg),Mopti,544.5
2025-12-23,Oignon Violet (1kg),Mopti,564.8
2025-12-24,Oignon Violet (1kg),Mopti,500.0
2025-12-25,Oignon Violet (1kg),Mopti,530.4
2025-12-26,Oignon Violet (1kg),Mopti,510.4
2025-12-27,Oignon Violet (1kg),Mopti,529.0
2025-12-28,Oignon Violet (1kg),Mopti,490.0
2025-12-29,Oignon Violet (1kg),Mopti,492.1
2025-12-30,Oignon Violet (1kg),Mopti,498.9
2025-12-31,Oignon Violet (1kg),Mopti,511.9
2026-01-01,Oignon Violet (1kg),Mopti,498.6
2026-01-02,Oignon Violet (1kg),Mopti,519.1
2026-01-03,Oignon Violet (1kg),Mopti,524.0
2026-01-04,Oignon Violet (1kg),Mopti,515.6
2026-01-05,Oignon Violet (1kg),Mopti,531.4
2026-01-06,Oignon Violet (1kg),Mopti,510.0
2026-01-07,Oignon Violet (1kg),Mopti,481.5
2026-01-08,Oignon Violet (1kg),Mopti,523.5
2026-01-09,Oignon Violet (1kg),Mopti,489.4
2026-01-10,Oignon Violet (1kg),Mopti,513.6
2026-01-11,Oignon Violet (1kg),Mopti,523.6
2026-01-12,Oignon Violet (1kg),Mopti,503.7
2026-01-13,Oignon Violet (1kg),Mopti,470.0
2026-01-14,Oignon Violet (1kg),Mopti,478.6
2026-01-15,Oignon Violet (1kg),Mopti,515.0
2026-01-16,Oignon Violet (1kg),Mopti,489.0
2026-01-17,Oignon Violet (1kg),Mopti,492.1
2026-01-18,Oignon Violet (1kg),Mopti,502.5
2026-01-19,Oignon Violet (1kg),Mopti,500.5
2026-01-20,Oignon Violet (1kg),Mopti,492.5
2026-01-21,Oignon Violet (1kg),Mopti,483.4
2026-01-22,Oignon Violet (1kg),Mopti,480.8
2026-01-23,Oignon Violet (1kg),Mopti,499.5
2026-01-24,Oignon Violet (1kg),Mopti,493.5
2026-01-25,Oignon Violet (1kg),Mopti,479.1
2026-01-26,Oignon Violet (1kg),Mopti,500.7
2026-01-27,Oignon Violet (1kg),Mopti,479.6
2026-01-28,Oignon Violet (1kg),Mopti,466.7
2026-01-29,Oignon Violet (1kg),Mopti,467.5
2026-01-30,Oignon Violet (1kg),Mopti,463.0
2026-01-31,Oignon Violet (1kg),Mopti,474.2
2026-02-01,Oignon Violet (1kg),Mopti,498.7
2026-02-02,Oignon Violet (1kg),Mopti,463.9
2026-02-03,Oignon Violet (1kg),Mopti,479.9
2026-02-04,Oignon Violet (1kg),Mopti,465.1
2026-02-05,Oignon Violet (1kg),Mopti,471.1
2026-02-06,Oignon Violet (1kg),Mopti,449.6
2026-02-07,Oignon Violet (1kg),Mopti,470.7
2026-02-08,Oignon Violet (1kg),Mopti,470.6
2026-02-09,Oignon Violet (1kg),Mopti,482.4
2026-02-10,Oignon Violet (1kg),Mopti,476.6
2026-02-11,Oignon Violet (1kg),Mopti,452.3
2026-02-12,Oignon Violet (1kg),Mopti,490.1
2026-02-13,Oignon Violet (1kg),Mopti,475.1
2026-02-14,Oignon Violet (1kg),Mopti,474.5
2026-02-15,Oignon Violet (1kg),Mopti,470.7
2026-02-16,Oignon Violet (1kg),Mopti,461.9
2026-02-17,Oignon Violet (1kg),Mopti,473.9
2026-02-18,Oignon Violet (1kg),Mopti,477.9
2026-02-19,Oignon Violet (1kg),Mopti,440.5
2026-02-20,Oignon Violet (1kg),Mopti,460.5
2026-02-21,Oignon Violet (1kg),Mopti,465.1
2026-02-22,Oignon Violet (1kg),Mopti,473.4
2026-02-23,Oignon Violet (1kg),Mopti,489.0
2026-02-24,Oignon Violet (1kg),Mopti,456.0
2026-02-25,Oignon Violet (1kg),Mopti,460.5
2026-02-26,Oignon Violet (1kg),Mopti,460.2
2026-02-27,Oignon Violet (1kg),Mopti,455.3
2026-02-28,Oignon Violet (1kg),Mopti,462.9
2026-03-01,Oignon Violet (1kg),Mopti,481.6
2026-03-02,Oignon Violet (1kg),Mopti,451.1
2026-03-03,Oignon Violet (1kg),Mopti,476.0
2026-03-04,Oignon Violet (1kg),Mopti,440.5
2026-03-05,Oignon Violet (1kg),Mopti,459.7
2026-03-06,Oignon Violet (1kg),Mopti,463.7
2026-03-07,Oignon Violet (1kg),Mopti,497.5
2026-03-08,Oignon Violet (1kg),Mopti,465.0
2026-03-09,Oignon Violet (1kg),Mopti,433.0
2026-03-10,Oignon Violet (1kg),Mopti,436.6
2026-03-11,Oignon Violet (1kg),Mopti,471.0
2026-03-12,Oignon Violet (1kg),Mopti,481.0
2026-03-13,Oignon Violet (1kg),Mopti,477.3
2026-03-14,Oignon Violet (1kg),Mopti,474.2
2026-03-15,Oignon Violet (1kg),Mopti,491.2
2026-03-16,Oignon Violet (1kg),Mopti,463.2
2026-03-17,Oignon Violet (1kg),Mopti,487.6
2026-03-18,Oignon Violet (1kg),Mopti,445.8
2026-03-19,Oignon Violet (1kg),Mopti,458.4
2026-03-20,Oignon Violet (1kg),Mopti,443.8
2026-03-21,Oignon Violet (1kg),Mopti,470.0
2026-03-22,Oignon Violet (1kg),Mopti,474.4
2026-03-23,Oignon Violet (1kg),Mopti,477.7
2026-03-24,Oignon Violet (1kg),Mopti,477.4
2026-03-25,Oignon Violet (1kg),Mopti,461.5
2026-03-26,Oignon Violet (1kg),Mopti,474.5
2026-03-27,Oignon Violet (1kg),Mopti,453.3
2026-03-28,Oignon Violet (1kg),Mopti,501.9
2026-03-29,Oignon Violet (1kg),Mopti,474.7
2026-03-30,Oignon Violet (1kg),Mopti,472.4
2026-03-31,Oignon Violet (1kg),Mopti,507.9
2026-04-01,Oignon Violet (1kg),Mopti,461.3
2026-04-02,Oignon Violet (1kg),Mopti,464.1
2026-04-03,Oignon Violet (1kg),Mopti,465.4
2026-04-04,Oignon Violet (1kg),Mopti,483.5
2026-04-05,Oignon Violet (1kg),Mopti,492.8
2026-04-06,Oignon Violet (1kg),Mopti,498.8
2026-04-07,Oignon Violet (1kg),Mopti,530.4
2026-04-08,Oignon Violet (1kg),Mopti,450.7
2026-04-09,Oignon Violet (1kg),Mopti,499.5
2026-04-10,Oignon Violet (1kg),Mopti,481.0
2026-04-11,Oignon Violet (1kg),Mopti,481.5
2026-04-12,Oignon Violet (1kg),Mopti,482.0
2026-04-13,Oignon Violet (1kg),Mopti,478.2
2026-04-14,Oignon Violet (1kg),Mopti,522.7
2026-04-15,Oignon Violet (1kg),Mopti,509.7
2026-04-16,Oignon Violet (1kg),Mopti,497.0
2026-04-17,Oignon Violet (1kg),Mopti,520.4
2026-04-18,Oignon Violet (1kg),Mopti,473.6
2026-04-19,Oignon Violet (1kg),Mopti,477.8
2026-04-20,Oignon Violet (1kg),Mopti,464.8
2026-04-21,Oignon Violet (1kg),Mopti,490.8
2026-04-22,Oignon Violet (1kg),Mopti,506.4
2026-04-23,Oignon Violet (1kg),Mopti,506.6
2026-04-24,Oignon Violet (1kg),Mopti,508.6
2026-04-25,Oignon Violet (1kg),Mopti,483.8
2026-04-26,Oignon Violet (1kg),Mopti,522.1
2026-04-27,Oignon Violet (1kg),Mopti,514.0
2026-04-28,Oignon Violet (1kg),Mopti,523.5
2026-04-29,Oignon Violet (1kg),Mopti,480.9
2026-04-30,Oignon Violet (1kg),Mopti,519.1
2026-05-01,Oignon Violet (1kg),Mopti,495.4
2026-05-02,Oignon Violet (1kg),Mopti,510.0
2026-05-03,Oignon Violet (1kg),Mopti,526.9
2026-05-04,Oignon Violet (1kg),Mopti,520.9
2026-05-05,Oignon Violet (1kg),Mopti,506.5
2026-05-06,Oignon Violet (1kg),Mopti,522.3
2026-05-07,Oignon Violet (1kg),Mopti,497.9
2026-05-08,Oignon Violet (1kg),Mopti,544.2
2026-05-09,Oignon Violet (1kg),Mopti,523.0
2026-05-10,Oignon Violet (1kg),Mopti,546.6
2026-05-11,Oignon Violet (1kg),Mopti,520.5
2026-05-12,Oignon Violet (1kg),Mopti,522.0
2026-05-13,Oignon Violet (1kg),Mopti,519.5
2026-05-14,Oignon Violet (1kg),Mopti,548.4
2026-05-15,Oignon Violet (1kg),Mopti,523.3
2026-05-16,Oignon Violet (1kg),Mopti,547.5
2026-05-17,Oignon Violet (1kg),Mopti,531.8
2026-05-18,Oignon Violet (1kg),Mopti,506.6
2026-05-19,Oignon Violet (1kg),Mopti,531.6
2026-05-20,Oignon Violet (1kg),Mopti,523.0
2026-05-21,Oignon Violet (1kg),Mopti,544.8
2026-05-22,Oignon Violet (1kg),Mopti,525.8
2026-05-23,Oignon Violet (1kg),Mopti,562.8
2026-05-24,Oignon Violet (1kg),Mopti,547.3
2026-05-25,Oignon Violet (1kg),Mopti,547.4
2026-05-26,Oignon Violet (1kg),Mopti,562.8
2026-05-27,Oignon Violet (1kg),Mopti,569.5
2026-05-28,Oignon Violet (1kg),Mopti,554.6
2026-05-29,Oignon Violet (1kg),Mopti,543.6
2026-05-30,Oignon Violet (1kg),Mopti,528.3
2026-05-31,Oignon Violet (1kg),Mopti,548.1
2026-06-01,Oignon Violet (1kg),Mopti,550.7
2026-06-02,Oignon Violet (1kg),Mopti,564.4
2026-06-03,Oignon Violet (1kg),Mopti,558.4
2026-06-04,Oignon Violet (1kg),Mopti,577.2
2026-06-05,Oignon Violet (1kg),Mopti,556.9
2026-06-06,Oignon Violet (1kg),Mopti,567.8
2026-06-07,Oignon Violet (1kg),Mopti,590.1
2026-06-08,Oignon Violet (1kg),Mopti,577.5
2026-06-09,Oignon Violet (1kg),Mopti,572.3
2026-06-10,Oignon Violet (1kg),Mopti,564.7
2026-06-11,Oignon Violet (1kg),Mopti,565.7
2026-06-12,Oignon Violet (1kg),Mopti,563.6
2026-06-13,Oignon Violet (1kg),Mopti,570.3
2026-06-14,Oignon Violet (1kg),Mopti,593.4
2026-06-15,Oignon Violet (1kg),Mopti,578.6
2026-06-16,Oignon Violet (1kg),Mopti,561.2
2026-06-17,Oignon Violet (1kg),Mopti,614.8
2026-06-18,Oignon Violet (1kg),Mopti,592.0
2026-06-19,Oignon Violet (1kg),Mopti,564.6
2026-06-20,Oignon Violet (1kg),Mopti,582.2
2026-06-21,Oignon Violet (1kg),Mopti,592.9
2026-06-22,Oignon Violet (1kg),Mopti,621.0
2026-06-23,Oignon Violet (1kg),Mopti,575.3
2026-06-24,Oignon Violet (1kg),Mopti,611.6
2026-06-25,Oignon Violet (1kg),Mopti,620.1
2026-06-26,Oignon Violet (1kg),Mopti,587.5
2026-06-27,Oignon Violet (1kg),Mopti,594.7
2026-06-28,Oignon Violet (1kg),Mopti,583.4
2026-06-29,Oignon Violet (1kg),Mopti,598.7
2026-06-30,Oignon Violet (1kg),Mopti,602.8
2026-07-01,Oignon Violet (1kg),Mopti,615.8
2026-07-02,Oignon Violet (1kg),Mopti,624.3
2026-07-03,Oignon Violet (1kg),Mopti,594.8
2026-07-04,Oignon Violet (1kg),Mopti,575.7
2026-07-05,Oignon Violet (1kg),Mopti,609.5
2026-07-06,Oignon Violet (1kg),Mopti,616.0
2026-07-07,Oignon Violet (1kg),Mopti,616.5
2026-07-08,Oignon Violet (1kg),Mopti,608.1
2026-07-09,Oignon Violet (1kg),Mopti,616.8
2026-07-10,Oignon Violet (1kg),Mopti,641.3
2026-07-11,Oignon Violet (1kg),Mopti,623.5
2026-07-12,Oignon Violet (1kg),Mopti,612.0
2026-07-13,Oignon Violet (1kg),Mopti,611.0
2026-07-14,Oignon Violet (1kg),Mopti,617.6
2026-07-15,Oignon Violet (1kg),Mopti,648.9
2026-07-16,Oignon Violet (1kg),Mopti,619.5
2026-07-17,Oignon Violet (1kg),Mopti,623.3
2026-07-18,Oignon Violet (1kg),Mopti,616.6
2026-07-19,Oignon Violet (1kg),Mopti,644.1
2026-07-20,Oignon Violet (1kg),Mopti,659.5
2026-07-21,Oignon Violet (1kg),Mopti,635.2
2026-07-22,Oignon Violet (1kg),Mopti,630.0
2026-07-23,Oignon Violet (1kg),Mopti,630.2
2026-07-24,Oignon Violet (1kg),Mopti,590.5
2026-07-25,Oignon Violet (1kg),Mopti,643.8
2026-07-26,Oignon Violet (1kg),Mopti,634.5
2026-07-27,Oignon Violet (1kg),Mopti,640.2
2026-07-28,Oignon Violet (1kg),Mopti,622.0
2026-07-29,Oignon Violet (1kg),Mopti,628.2
2025-07-29,Oignon Violet (1kg),Kayes,837.1
2025-07-30,Oignon Violet (1kg),Kayes,870.1
2025-07-31,Oignon Violet (1kg),Kayes,839.8
2025-08-01,Oignon Violet (1kg),Kayes,895.7
2025-08-02,Oignon Violet (1kg),Kayes,859.8
2025-08-03,Oignon Violet (1kg),Kayes,822.6
2025-08-04,Oignon Violet (1kg),Kayes,849.1
2025-08-05,Oignon Violet (1kg),Kayes,838.3
2025-08-06,Oignon Violet (1kg),Kayes,804.7
2025-08-07,Oignon Violet (1kg),Kayes,890.1
2025-08-08,Oignon Violet (1kg),Kayes,870.9
2025-08-09,Oignon Violet (1kg),Kayes,867.8
2025-08-10,Oignon Violet (1kg),Kayes,860.3
2025-08-11,Oignon Violet (1kg),Kayes,826.4
2025-08-12,Oignon Violet (1kg),Kayes,847.0
2025-08-13,Oignon Violet (1kg),Kayes,877.2
2025-08-14,Oignon Violet (1kg),Kayes,835.5
2025-08-15,Oignon Violet (1kg),Kayes,803.0
2025-08-16,Oignon Violet (1kg),Kayes,854.9
2025-08-17,Oignon Violet (1kg),Kayes,857.2
2025-08-18,Oignon Violet (1kg),Kayes,863.8
2025-08-19,Oignon Violet (1kg),Kayes,877.5
2025-08-20,Oignon Violet (1kg),Kayes,875.8
2025-08-21,Oignon Violet (1kg),Kayes,867.6
2025-08-22,Oignon Violet (1kg),Kayes,888.8
2025-08-23,Oignon Violet (1kg),Kayes,828.4
2025-08-24,Oignon Violet (1kg),Kayes,873.8
2025-08-25,Oignon Violet (1kg),Kayes,876.7
2025-08-26,Oignon Violet (1kg),Kayes,835.2
2025-08-27,Oignon Violet (1kg),Kayes,829.4
2025-08-28,Oignon Violet (1kg),Kayes,846.4
2025-08-29,Oignon Violet (1kg),Kayes,848.3
2025-08-30,Oignon Violet (1kg),Kayes,879.8
2025-08-31,Oignon Violet (1kg),Kayes,849.3
2025-09-01,Oignon Violet (1kg),Kayes,843.8
2025-09-02,Oignon Violet (1kg),Kayes,849.1
2025-09-03,Oignon Violet (1kg),Kayes,887.6
2025-09-04,Oignon Violet (1kg),Kayes,862.7
2025-09-05,Oignon Violet (1kg),Kayes,858.2
2025-09-06,Oignon Violet (1kg),Kayes,859.5
2025-09-07,Oignon Violet (1kg),Kayes,890.5
2025-09-08,Oignon Violet (1kg),Kayes,844.6
2025-09-09,Oignon Violet (1kg),Kayes,890.4
2025-09-10,Oignon Violet (1kg),Kayes,865.3
2025-09-11,Oignon Violet (1kg),Kayes,856.6
2025-09-12,Oignon Violet (1kg),Kayes,915.5
2025-09-13,Oignon Violet (1kg),Kayes,835.7
2025-09-14,Oignon Violet (1kg),Kayes,850.8
2025-09-15,Oignon Violet (1kg),Kayes,830.6
2025-09-16,Oignon Violet (1kg),Kayes,878.8
2025-09-17,Oignon Violet (1kg),Kayes,894.6
2025-09-18,Oignon Violet (1kg),Kayes,893.5
2025-09-19,Oignon Violet (1kg),Kayes,882.8
2025-09-20,Oignon Violet (1kg),Kayes,850.4
2025-09-21,Oignon Violet (1kg),Kayes,845.9
2025-09-22,Oignon Violet (1kg),Kayes,815.9
2025-09-23,Oignon Violet (1kg),Kayes,897.8
2025-09-24,Oignon Violet (1kg),Kayes,862.0
2025-09-25,Oignon Violet (1kg),Kayes,839.7
2025-09-26,Oignon Violet (1kg),Kayes,879.4
2025-09-27,Oignon Violet (1kg),Kayes,827.0
2025-09-28,Oignon Violet (1kg),Kayes,856.8
2025-09-29,Oignon Violet (1kg),Kayes,842.9
2025-09-30,Oignon Violet (1kg),Kayes,860.0
2025-10-01,Oignon Violet (1kg),Kayes,843.2
2025-10-02,Oignon Violet (1kg),Kayes,811.1
2025-10-03,Oignon Violet (1kg),Kayes,844.1
2025-10-04,Oignon Violet (1kg),Kayes,864.6
2025-10-05,Oignon Violet (1kg),Kayes,839.4
2025-10-06,Oignon Violet (1kg),Kayes,856.1
2025-10-07,Oignon Violet (1kg),Kayes,814.2
2025-10-08,Oignon Violet (1kg),Kayes,835.7
2025-10-09,Oignon Violet (1kg),Kayes,821.0
2025-10-10,Oignon Violet (1kg),Kayes,850.3
2025-10-11,Oignon Violet (1kg),Kayes,832.9
2025-10-12,Oignon Violet (1kg),Kayes,846.2
2025-10-13,Oignon Violet (1kg),Kayes,853.7
2025-10-14,Oignon Violet (1kg),Kayes,843.4
2025-10-15,Oignon Violet (1kg),Kayes,832.6
2025-10-16,Oignon Violet (1kg),Kayes,802.8
2025-10-17,Oignon Violet (1kg),Kayes,823.5
2025-10-18,Oignon Violet (1kg),Kayes,810.1
2025-10-19,Oignon Violet (1kg),Kayes,812.8
2025-10-20,Oignon Violet (1kg),Kayes,810.5
2025-10-21,Oignon Violet (1kg),Kayes,795.4
2025-10-22,Oignon Violet (1kg),Kayes,771.9
2025-10-23,Oignon Violet (1kg),Kayes,799.1
2025-10-24,Oignon Violet (1kg),Kayes,816.6
2025-10-25,Oignon Violet (1kg),Kayes,780.5
2025-10-26,Oignon Violet (1kg),Kayes,809.3
2025-10-27,Oignon Violet (1kg),Kayes,849.6
2025-10-28,Oignon Violet (1kg),Kayes,828.3
2025-10-29,Oignon Violet (1kg),Kayes,840.4
2025-10-30,Oignon Violet (1kg),Kayes,810.6
2025-10-31,Oignon Violet (1kg),Kayes,826.1
2025-11-01,Oignon Violet (1kg),Kayes,782.1
2025-11-02,Oignon Violet (1kg),Kayes,782.1
2025-11-03,Oignon Violet (1kg),Kayes,733.5
2025-11-04,Oignon Violet (1kg),Kayes,819.2
2025-11-05,Oignon Violet (1kg),Kayes,825.2
2025-11-06,Oignon Violet (1kg),Kayes,776.6
2025-11-07,Oignon Violet (1kg),Kayes,781.4
2025-11-08,Oignon Violet (1kg),Kayes,768.3
2025-11-09,Oignon Violet (1kg),Kayes,791.8
2025-11-10,Oignon Violet (1kg),Kayes,806.4
2025-11-11,Oignon Violet (1kg),Kayes,740.4
2025-11-12,Oignon Violet (1kg),Kayes,786.5
2025-11-13,Oignon Violet (1kg),Kayes,769.2
2025-11-14,Oignon Violet (1kg),Kayes,775.9
2025-11-15,Oignon Violet (1kg),Kayes,781.7
2025-11-16,Oignon Violet (1kg),Kayes,765.2
2025-11-17,Oignon Violet (1kg),Kayes,765.1
2025-11-18,Oignon Violet (1kg),Kayes,760.6
2025-11-19,Oignon Violet (1kg),Kayes,785.0
2025-11-20,Oignon Violet (1kg),Kayes,770.7
2025-11-21,Oignon Violet (1kg),Kayes,764.2
2025-11-22,Oignon Violet (1kg),Kayes,728.9
2025-11-23,Oignon Violet (1kg),Kayes,746.8
2025-11-24,Oignon Violet (1kg),Kayes,773.3
2025-11-25,Oignon Violet (1kg),Kayes,752.0
2025-11-26,Oignon Violet (1kg),Kayes,763.8
2025-11-27,Oignon Violet (1kg),Kayes,786.5
2025-11-28,Oignon Violet (1kg),Kayes,768.2
2025-11-29,Oignon Violet (1kg),Kayes,745.1
2025-11-30,Oignon Violet (1kg),Kayes,729.5
2025-12-01,Oignon Violet (1kg),Kayes,681.9
2025-12-02,Oignon Violet (1kg),Kayes,733.1
2025-12-03,Oignon Violet (1kg),Kayes,727.5
2025-12-04,Oignon Violet (1kg),Kayes,741.5
2025-12-05,Oignon Violet (1kg),Kayes,727.3
2025-12-06,Oignon Violet (1kg),Kayes,721.5
2025-12-07,Oignon Violet (1kg),Kayes,686.9
2025-12-08,Oignon Violet (1kg),Kayes,703.6
2025-12-09,Oignon Violet (1kg),Kayes,733.2
2025-12-10,Oignon Violet (1kg),Kayes,758.9
2025-12-11,Oignon Violet (1kg),Kayes,716.4
2025-12-12,Oignon Violet (1kg),Kayes,723.9
2025-12-13,Oignon Violet (1kg),Kayes,735.9
2025-12-14,Oignon Violet (1kg),Kayes,694.5
2025-12-15,Oignon Violet (1kg),Kayes,718.8
2025-12-16,Oignon Violet (1kg),Kayes,692.2
2025-12-17,Oignon Violet (1kg),Kayes,726.0
2025-12-18,Oignon Violet (1kg),Kayes,708.2
2025-12-19,Oignon Violet (1kg),Kayes,709.5
2025-12-20,Oignon Violet (1kg),Kayes,683.5
2025-12-21,Oignon Violet (1kg),Kayes,714.8
2025-12-22,Oignon Violet (1kg),Kayes,743.7
2025-12-23,Oignon Violet (1kg),Kayes,672.8
2025-12-24,Oignon Violet (1kg),Kayes,685.8
2025-12-25,Oignon Violet (1kg),Kayes,696.7
2025-12-26,Oignon Violet (1kg),Kayes,707.3
2025-12-27,Oignon Violet (1kg),Kayes,675.4
2025-12-28,Oignon Violet (1kg),Kayes,622.9
2025-12-29,Oignon Violet (1kg),Kayes,714.7
2025-12-30,Oignon Violet (1kg),Kayes,699.5
2025-12-31,Oignon Violet (1kg),Kayes,641.9
2026-01-01,Oignon Violet (1kg),Kayes,665.5
2026-01-02,Oignon Violet (1kg),Kayes,712.4
2026-01-03,Oignon Violet (1kg),Kayes,708.0
2026-01-04,Oignon Violet (1kg),Kayes,695.0
2026-01-05,Oignon Violet (1kg),Kayes,668.5
2026-01-06,Oignon Violet (1kg),Kayes,672.6
2026-01-07,Oignon Violet (1kg),Kayes,666.2
2026-01-08,Oignon Violet (1kg),Kayes,692.8
2026-01-09,Oignon Violet (1kg),Kayes,646.5
2026-01-10,Oignon Violet (1kg),Kayes,646.5
2026-01-11,Oignon Violet (1kg),Kayes,685.5
2026-01-12,Oignon Violet (1kg),Kayes,660.5
2026-01-13,Oignon Violet (1kg),Kayes,690.8
2026-01-14,Oignon Violet (1kg),Kayes,643.6
2026-01-15,Oignon Violet (1kg),Kayes,655.9
2026-01-16,Oignon Violet (1kg),Kayes,635.2
2026-01-17,Oignon Violet (1kg),Kayes,654.6
2026-01-18,Oignon Violet (1kg),Kayes,620.1
2026-01-19,Oignon Violet (1kg),Kayes,640.9
2026-01-20,Oignon Violet (1kg),Kayes,618.4
2026-01-21,Oignon Violet (1kg),Kayes,664.7
2026-01-22,Oignon Violet (1kg),Kayes,664.0
2026-01-23,Oignon Violet (1kg),Kayes,608.2
2026-01-24,Oignon Violet (1kg),Kayes,675.4
2026-01-25,Oignon Violet (1kg),Kayes,700.2
2026-01-26,Oignon Violet (1kg),Kayes,644.4
2026-01-27,Oignon Violet (1kg),Kayes,628.0
2026-01-28,Oignon Violet (1kg),Kayes,704.3
2026-01-29,Oignon Violet (1kg),Kayes,610.8
2026-01-30,Oignon Violet (1kg),Kayes,639.7
2026-01-31,Oignon Violet (1kg),Kayes,642.3
2026-02-01,Oignon Violet (1kg),Kayes,667.4
2026-02-02,Oignon Violet (1kg),Kayes,644.5
2026-02-03,Oignon Violet (1kg),Kayes,624.5
2026-02-04,Oignon Violet (1kg),Kayes,613.5
2026-02-05,Oignon Violet (1kg),Kayes,626.3
2026-02-06,Oignon Violet (1kg),Kayes,610.7
2026-02-07,Oignon Violet (1kg),Kayes,633.5
2026-02-08,Oignon Violet (1kg),Kayes,619.2
2026-02-09,Oignon Violet (1kg),Kayes,597.8
2026-02-10,Oignon Violet (1kg),Kayes,658.5
2026-02-11,Oignon Violet (1kg),Kayes,618.8
2026-02-12,Oignon Violet (1kg),Kayes,601.0
2026-02-13,Oignon Violet (1kg),Kayes,625.0
2026-02-14,Oignon Violet (1kg),Kayes,629.8
2026-02-15,Oignon Violet (1kg),Kayes,588.8
2026-02-16,Oignon Violet (1kg),Kayes,634.8
2026-02-17,Oignon Violet (1kg),Kayes,603.6
2026-02-18,Oignon Violet (1kg),Kayes,664.8
2026-02-19,Oignon Violet (1kg),Kayes,638.0
2026-02-20,Oignon Violet (1kg),Kayes,617.1
2026-02-21,Oignon Violet (1kg),Kayes,609.1
2026-02-22,Oignon Violet (1kg),Kayes,623.2
2026-02-23,Oignon Violet (1kg),Kayes,639.0
2026-02-24,Oignon Violet (1kg),Kayes,624.6
2026-02-25,Oignon Violet (1kg),Kayes,620.2
2026-02-26,Oignon Violet (1kg),Kayes,626.3
2026-02-27,Oignon Violet (1kg),Kayes,611.5
2026-02-28,Oignon Violet (1kg),Kayes,617.3
2026-03-01,Oignon Violet (1kg),Kayes,578.4
2026-03-02,Oignon Violet (1kg),Kayes,646.8
2026-03-03,Oignon Violet (1kg),Kayes,631.8
2026-03-04,Oignon Violet (1kg),Kayes,608.0
2026-03-05,Oignon Violet (1kg),Kayes,667.8
2026-03-06,Oignon Violet (1kg),Kayes,627.6
2026-03-07,Oignon Violet (1kg),Kayes,602.8
2026-03-08,Oignon Violet (1kg),Kayes,645.3
2026-03-09,Oignon Violet (1kg),Kayes,635.4
2026-03-10,Oignon Violet (1kg),Kayes,635.6
2026-03-11,Oignon Violet (1kg),Kayes,617.7
2026-03-12,Oignon Violet (1kg),Kayes,637.7
2026-03-13,Oignon Violet (1kg),Kayes,622.2
2026-03-14,Oignon Violet (1kg),Kayes,640.9
2026-03-15,Oignon Violet (1kg),Kayes,586.5
2026-03-16,Oignon Violet (1kg),Kayes,619.9
2026-03-17,Oignon Violet (1kg),Kayes,668.6
2026-03-18,Oignon Violet (1kg),Kayes,613.7
2026-03-19,Oignon Violet (1kg),Kayes,618.0
2026-03-20,Oignon Violet (1kg),Kayes,622.1
2026-03-21,Oignon Violet (1kg),Kayes,605.7
2026-03-22,Oignon Violet (1kg),Kayes,584.3
2026-03-23,Oignon Violet (1kg),Kayes,629.2
2026-03-24,Oignon Violet (1kg),Kayes,638.2
2026-03-25,Oignon Violet (1kg),Kayes,634.9
2026-03-26,Oignon Violet (1kg),Kayes,633.7
2026-03-27,Oignon Violet (1kg),Kayes,638.8
2026-03-28,Oignon Violet (1kg),Kayes,661.6
2026-03-29,Oignon Violet (1kg),Kayes,635.5
2026-03-30,Oignon Violet (1kg),Kayes,627.9
2026-03-31,Oignon Violet (1kg),Kayes,635.5
2026-04-01,Oignon Violet (1kg),Kayes,655.8
2026-04-02,Oignon Violet (1kg),Kayes,675.4
2026-04-03,Oignon Violet (1kg),Kayes,631.0
2026-04-04,Oignon Violet (1kg),Kayes,648.4
2026-04-05,Oignon Violet (1kg),Kayes,654.9
2026-04-06,Oignon Violet (1kg),Kayes,626.5
2026-04-07,Oignon Violet (1kg),Kayes,650.3
2026-04-08,Oignon Violet (1kg),Kayes,618.4
2026-04-09,Oignon Violet (1kg),Kayes,612.9
2026-04-10,Oignon Violet (1kg),Kayes,661.9
2026-04-11,Oignon Violet (1kg),Kayes,646.5
2026-04-12,Oignon Violet (1kg),Kayes,661.0
2026-04-13,Oignon Violet (1kg),Kayes,657.5
2026-04-14,Oignon Violet (1kg),Kayes,637.5
2026-04-15,Oignon Violet (1kg),Kayes,659.7
2026-04-16,Oignon Violet (1kg),Kayes,634.7
2026-04-17,Oignon Violet (1kg),Kayes,694.8
2026-04-18,Oignon Violet (1kg),Kayes,635.0
2026-04-19,Oignon Violet (1kg),Kayes,662.4
2026-04-20,Oignon Violet (1kg),Kayes,645.1
2026-04-21,Oignon Violet (1kg),Kayes,682.7
2026-04-22,Oignon Violet (1kg),Kayes,664.2
2026-04-23,Oignon Violet (1kg),Kayes,661.6
2026-04-24,Oignon Violet (1kg),Kayes,693.9
2026-04-25,Oignon Violet (1kg),Kayes,677.2
2026-04-26,Oignon Violet (1kg),Kayes,689.8
2026-04-27,Oignon Violet (1kg),Kayes,658.1
2026-04-28,Oignon Violet (1kg),Kayes,650.3
2026-04-29,Oignon Violet (1kg),Kayes,685.8
2026-04-30,Oignon Violet (1kg),Kayes,678.1
2026-05-01,Oignon Violet (1kg),Kayes,701.0
2026-05-02,Oignon Violet (1kg),Kayes,687.0
2026-05-03,Oignon Violet (1kg),Kayes,695.2
2026-05-04,Oignon Violet (1kg),Kayes,656.2
2026-05-05,Oignon Violet (1kg),Kayes,736.5
2026-05-06,Oignon Violet (1kg),Kayes,692.5
2026-05-07,Oignon Violet (1kg),Kayes,713.7
2026-05-08,Oignon Violet (1kg),Kayes,681.3
2026-05-09,Oignon Violet (1kg),Kayes,708.8
2026-05-10,Oignon Violet (1kg),Kayes,674.7
2026-05-11,Oignon Violet (1kg),Kayes,715.8
2026-05-12,Oignon Violet (1kg),Kayes,699.8
2026-05-13,Oignon Violet (1kg),Kayes,710.3
2026-05-14,Oignon Violet (1kg),Kayes,727.2
2026-05-15,Oignon Violet (1kg),Kayes,686.1
2026-05-16,Oignon Violet (1kg),Kayes,700.3
2026-05-17,Oignon Violet (1kg),Kayes,727.8
2026-05-18,Oignon Violet (1kg),Kayes,766.4
2026-05-19,Oignon Violet (1kg),Kayes,718.5
2026-05-20,Oignon Violet (1kg),Kayes,736.8
2026-05-21,Oignon Violet (1kg),Kayes,723.2
2026-05-22,Oignon Violet (1kg),Kayes,771.0
2026-05-23,Oignon Violet (1kg),Kayes,690.7
2026-05-24,Oignon Violet (1kg),Kayes,733.8
2026-05-25,Oignon Violet (1kg),Kayes,697.5
2026-05-26,Oignon Violet (1kg),Kayes,679.9
2026-05-27,Oignon Violet (1kg),Kayes,744.5
2026-05-28,Oignon Violet (1kg),Kayes,743.0
2026-05-29,Oignon Violet (1kg),Kayes,735.6
2026-05-30,Oignon Violet (1kg),Kayes,741.6
2026-05-31,Oignon Violet (1kg),Kayes,815.2
2026-06-01,Oignon Violet (1kg),Kayes,742.3
2026-06-02,Oignon Violet (1kg),Kayes,761.5
2026-06-03,Oignon Violet (1kg),Kayes,737.7
2026-06-04,Oignon Violet (1kg),Kayes,760.8
2026-06-05,Oignon Violet (1kg),Kayes,751.0
2026-06-06,Oignon Violet (1kg),Kayes,749.1
2026-06-07,Oignon Violet (1kg),Kayes,800.9
2026-06-08,Oignon Violet (1kg),Kayes,788.6
2026-06-09,Oignon Violet (1kg),Kayes,767.4
2026-06-10,Oignon Violet (1kg),Kayes,715.0
2026-06-11,Oignon Violet (1kg),Kayes,760.4
2026-06-12,Oignon Violet (1kg),Kayes,830.7
2026-06-13,Oignon Violet (1kg),Kayes,767.3
2026-06-14,Oignon Violet (1kg),Kayes,799.0
2026-06-15,Oignon Violet (1kg),Kayes,808.6
2026-06-16,Oignon Violet (1kg),Kayes,783.2
2026-06-17,Oignon Violet (1kg),Kayes,761.5
2026-06-18,Oignon Violet (1kg),Kayes,727.9
2026-06-19,Oignon Violet (1kg),Kayes,799.4
2026-06-20,Oignon Violet (1kg),Kayes,767.9
2026-06-21,Oignon Violet (1kg),Kayes,791.9
2026-06-22,Oignon Violet (1kg),Kayes,762.0
2026-06-23,Oignon Violet (1kg),Kayes,785.9
2026-06-24,Oignon Violet (1kg),Kayes,794.4
2026-06-25,Oignon Violet (1kg),Kayes,801.5
2026-06-26,Oignon Violet (1kg),Kayes,772.5
2026-06-27,Oignon Violet (1kg),Kayes,825.9
2026-06-28,Oignon Violet (1kg),Kayes,787.7
2026-06-29,Oignon Violet (1kg),Kayes,765.4
2026-06-30,Oignon Violet (1kg),Kayes,802.1
2026-07-01,Oignon Violet (1kg),Kayes,807.1
2026-07-02,Oignon Violet (1kg),Kayes,811.6
2026-07-03,Oignon Violet (1kg),Kayes,840.2
2026-07-04,Oignon Violet (1kg),Kayes,806.2
2026-07-05,Oignon Violet (1kg),Kayes,810.5
2026-07-06,Oignon Violet (1kg),Kayes,790.2
2026-07-07,Oignon Violet (1kg),Kayes,834.7
2026-07-08,Oignon Violet (1kg),Kayes,822.2
2026-07-09,Oignon Violet (1kg),Kayes,810.3
2026-07-10,Oignon Violet (1kg),Kayes,778.7
2026-07-11,Oignon Violet (1kg),Kayes,855.0
2026-07-12,Oignon Violet (1kg),Kayes,796.9
2026-07-13,Oignon Violet (1kg),Kayes,812.6
2026-07-14,Oignon Violet (1kg),Kayes,835.3
2026-07-15,Oignon Violet (1kg),Kayes,802.0
2026-07-16,Oignon Violet (1kg),Kayes,796.8
2026-07-17,Oignon Violet (1kg),Kayes,784.1
2026-07-18,Oignon Violet (1kg),Kayes,849.0
2026-07-19,Oignon Violet (1kg),Kayes,822.1
2026-07-20,Oignon Violet (1kg),Kayes,900.9
2026-07-21,Oignon Violet (1kg),Kayes,814.7
2026-07-22,Oignon Violet (1kg),Kayes,817.6
2026-07-23,Oignon Violet (1kg),Kayes,826.8
2026-07-24,Oignon Violet (1kg),Kayes,846.0
2026-07-25,Oignon Violet (1kg),Kayes,831.3
2026-07-26,Oignon Violet (1kg),Kayes,856.6
2026-07-27,Oignon Violet (1kg),Kayes,822.2
2026-07-28,Oignon Violet (1kg),Kayes,814.3
2026-07-29,Oignon Violet (1kg),Kayes,806.1
