timestamp,meter_id,consumption_kwh,voltage_v,current_a,power_factor,is_anomaly_truth
2026-06-14 01:20:05,GRID-BMK-101,3.385,230.96,15.79,0.928,0
2026-06-14 02:20:05,GRID-BMK-101,4.149,228.59,19.39,0.936,0
2026-06-14 03:20:05,GRID-BMK-101,3.58,227.23,18.72,0.842,0
2026-06-14 04:20:05,GRID-BMK-101,4.128,226.96,19.57,0.929,0
2026-06-14 05:20:05,GRID-BMK-101,3.532,223.58,17.53,0.901,0
2026-06-14 06:20:05,GRID-BMK-101,4.865,228.37,23.07,0.923,0
2026-06-14 07:20:05,GRID-BMK-101,4.992,232.84,23.09,0.929,0
2026-06-14 08:20:05,GRID-BMK-101,22.099,229.96,108.19,0.888,1
2026-06-14 09:20:05,GRID-BMK-101,5.721,233.28,24.77,0.99,0
2026-06-14 10:20:05,GRID-BMK-101,6.95,232.22,32.35,0.925,0
2026-06-14 11:20:05,GRID-BMK-101,6.373,225.25,29.99,0.943,0
2026-06-14 12:20:05,GRID-BMK-101,6.616,231.03,33.02,0.867,0
2026-06-14 13:20:05,GRID-BMK-101,6.945,232.66,31.53,0.947,0
2026-06-14 14:20:05,GRID-BMK-101,6.792,227.48,32.78,0.911,0
2026-06-14 15:20:05,GRID-BMK-101,5.634,233.3,26.4,0.915,0
2026-06-14 16:20:05,GRID-BMK-101,5.582,232.44,25.0,0.961,0
2026-06-14 17:20:05,GRID-BMK-101,4.835,229.77,22.17,0.949,0
2026-06-14 18:20:05,GRID-BMK-101,4.936,229.89,22.2,0.967,0
2026-06-14 19:20:05,GRID-BMK-101,3.947,229.82,19.57,0.877,0
2026-06-14 20:20:05,GRID-BMK-101,3.945,229.34,18.48,0.931,0
2026-06-14 21:20:05,GRID-BMK-101,2.838,232.23,13.38,0.914,0
2026-06-14 22:20:05,GRID-BMK-101,2.625,232.75,12.13,0.93,0
2026-06-14 23:20:05,GRID-BMK-101,3.057,230.53,14.56,0.911,0
2026-06-15 00:20:05,GRID-BMK-101,3.356,228.82,16.74,0.876,0
2026-06-15 01:20:05,GRID-BMK-101,2.358,231.04,11.24,0.908,0
2026-06-15 02:20:05,GRID-BMK-101,3.068,229.52,14.34,0.932,0
2026-06-15 03:20:05,GRID-BMK-101,2.872,234.21,13.34,0.919,0
2026-06-15 04:20:05,GRID-BMK-101,2.652,230.18,11.64,0.99,0
2026-06-15 05:20:05,GRID-BMK-101,3.298,229.22,15.94,0.903,0
2026-06-15 06:20:05,GRID-BMK-101,3.748,233.43,17.04,0.943,0
2026-06-15 07:20:05,GRID-BMK-101,4.1,234.15,18.2,0.962,0
2026-06-15 08:20:05,GRID-BMK-101,5.192,227.03,25.33,0.903,0
2026-06-15 09:20:05,GRID-BMK-101,5.659,232.62,26.44,0.92,0
2026-06-15 10:20:05,GRID-BMK-101,5.324,226.81,25.12,0.934,0
2026-06-15 11:20:05,GRID-BMK-101,5.799,229.52,27.82,0.908,0
2026-06-15 12:20:05,GRID-BMK-101,5.409,232.44,26.35,0.883,0
2026-06-15 13:20:05,GRID-BMK-101,6.022,237.62,27.84,0.91,0
2026-06-15 14:20:05,GRID-BMK-101,5.372,230.78,24.67,0.943,0
2026-06-15 15:20:05,GRID-BMK-101,5.537,227.4,25.94,0.939,0
2026-06-15 16:20:05,GRID-BMK-101,0.055,230.88,0.26,0.899,1
2026-06-15 17:20:05,GRID-BMK-101,4.655,233.98,21.12,0.942,0
2026-06-15 18:20:05,GRID-BMK-101,3.588,233.48,17.16,0.895,0
2026-06-15 19:20:05,GRID-BMK-101,3.536,232.82,16.99,0.894,0
2026-06-15 20:20:05,GRID-BMK-101,3.018,227.33,14.83,0.896,0
2026-06-15 21:20:05,GRID-BMK-101,2.865,229.28,13.07,0.956,0
2026-06-15 22:20:05,GRID-BMK-101,2.477,229.21,10.92,0.99,0
2026-06-15 23:20:05,GRID-BMK-101,1.847,232.93,8.61,0.921,0
2026-06-16 00:20:05,GRID-BMK-101,13.563,229.33,62.82,0.941,1
2026-06-16 01:20:05,GRID-BMK-101,3.019,232.33,13.66,0.951,0
2026-06-16 02:20:05,GRID-BMK-101,3.052,230.64,14.99,0.883,0
2026-06-16 03:20:05,GRID-BMK-101,3.344,235.29,15.33,0.927,0
2026-06-16 04:20:05,GRID-BMK-101,2.912,230.17,14.28,0.886,0
2026-06-16 05:20:05,GRID-BMK-101,3.416,233.2,16.44,0.891,0
2026-06-16 06:20:05,GRID-BMK-101,4.289,231.55,19.8,0.935,0
2026-06-16 07:20:05,GRID-BMK-101,4.348,232.62,19.41,0.963,0
2026-06-16 08:20:05,GRID-BMK-101,4.777,232.86,21.83,0.94,0
2026-06-16 09:20:05,GRID-BMK-101,0.054,225.5,0.26,0.925,1
2026-06-16 10:20:05,GRID-BMK-101,0.082,232.06,0.41,0.872,1
2026-06-16 11:20:05,GRID-BMK-101,5.345,229.0,24.14,0.967,0
2026-06-16 12:20:05,GRID-BMK-101,5.713,227.81,27.07,0.926,0
2026-06-16 13:20:05,GRID-BMK-101,6.33,235.53,27.97,0.961,0
2026-06-16 14:20:05,GRID-BMK-101,5.682,223.92,27.41,0.926,0
2026-06-16 15:20:05,GRID-BMK-101,5.014,224.99,24.85,0.897,0
2026-06-16 16:20:05,GRID-BMK-101,5.273,228.58,25.62,0.9,0
2026-06-16 17:20:05,GRID-BMK-101,4.624,233.8,21.24,0.931,0
2026-06-16 18:20:05,GRID-BMK-101,4.37,225.44,21.41,0.905,0
2026-06-16 19:20:05,GRID-BMK-101,3.337,235.62,15.41,0.919,0
2026-06-16 20:20:05,GRID-BMK-101,2.695,229.24,13.32,0.883,0
2026-06-16 21:20:05,GRID-BMK-101,3.065,233.97,14.3,0.916,0
2026-06-16 22:20:05,GRID-BMK-101,2.176,233.49,10.13,0.92,0
2026-06-16 23:20:05,GRID-BMK-101,2.075,230.18,9.6,0.939,0
2026-06-17 00:20:05,GRID-BMK-101,3.192,234.76,15.4,0.883,0
2026-06-17 01:20:05,GRID-BMK-101,3.361,230.21,15.64,0.933,0
2026-06-17 02:20:05,GRID-BMK-101,3.122,230.84,15.01,0.901,0
2026-06-17 03:20:05,GRID-BMK-101,3.42,228.61,16.6,0.901,0
2026-06-17 04:20:05,GRID-BMK-101,3.048,232.7,14.1,0.929,0
2026-06-17 05:20:05,GRID-BMK-101,2.966,232.63,13.61,0.937,0
2026-06-17 06:20:05,GRID-BMK-101,3.662,229.94,17.24,0.924,0
2026-06-17 07:20:05,GRID-BMK-101,4.14,233.49,18.34,0.967,0
2026-06-17 08:20:05,GRID-BMK-101,4.643,233.92,21.56,0.921,0
2026-06-17 09:20:05,GRID-BMK-101,5.076,232.56,23.93,0.912,0
2026-06-17 10:20:05,GRID-BMK-101,5.249,230.29,24.31,0.938,0
2026-06-17 11:20:05,GRID-BMK-101,5.076,228.66,23.22,0.956,0
2026-06-17 12:20:05,GRID-BMK-101,5.316,231.87,24.42,0.939,0
2026-06-17 13:20:05,GRID-BMK-101,5.403,229.97,27.41,0.857,0
2026-06-17 14:20:05,GRID-BMK-101,5.965,227.52,28.8,0.91,0
2026-06-17 15:20:05,GRID-BMK-101,5.331,234.07,25.11,0.907,0
2026-06-17 16:20:05,GRID-BMK-101,4.836,228.59,22.82,0.927,0
2026-06-17 17:20:05,GRID-BMK-101,4.687,228.57,22.78,0.9,0
2026-06-17 18:20:05,GRID-BMK-101,4.283,230.93,19.23,0.964,0
2026-06-17 19:20:05,GRID-BMK-101,3.318,229.99,16.04,0.9,0
2026-06-17 20:20:05,GRID-BMK-101,2.96,230.97,14.32,0.895,0
2026-06-17 21:20:05,GRID-BMK-101,2.75,230.27,13.62,0.877,0
2026-06-17 22:20:05,GRID-BMK-101,2.062,230.67,9.71,0.92,0
2026-06-17 23:20:05,GRID-BMK-101,2.278,230.16,10.01,0.988,0
2026-06-18 00:20:05,GRID-BMK-101,3.276,236.46,15.45,0.897,0
2026-06-18 01:20:05,GRID-BMK-101,3.121,232.93,15.29,0.876,0
2026-06-18 02:20:05,GRID-BMK-101,3.39,223.63,16.76,0.904,0
2026-06-18 03:20:05,GRID-BMK-101,2.581,231.09,11.92,0.937,0
2026-06-18 04:20:05,GRID-BMK-101,3.446,226.04,15.64,0.975,0
2026-06-18 05:20:05,GRID-BMK-101,3.132,229.15,14.72,0.929,0
2026-06-18 06:20:05,GRID-BMK-101,3.545,229.66,16.13,0.957,0
2026-06-18 07:20:05,GRID-BMK-101,4.308,229.83,20.2,0.928,0
2026-06-18 08:20:05,GRID-BMK-101,4.865,230.02,22.96,0.921,0
2026-06-18 09:20:05,GRID-BMK-101,5.053,225.2,25.53,0.879,0
2026-06-18 10:20:05,GRID-BMK-101,5.594,225.4,25.9,0.958,0
2026-06-18 11:20:05,GRID-BMK-101,5.686,236.14,26.07,0.923,0
2026-06-18 12:20:05,GRID-BMK-101,6.14,236.18,26.73,0.973,0
2026-06-18 13:20:05,GRID-BMK-101,5.307,229.19,24.0,0.965,0
2026-06-18 14:20:05,GRID-BMK-101,5.697,233.18,28.17,0.867,0
2026-06-18 15:20:05,GRID-BMK-101,5.413,229.59,25.46,0.926,0
2026-06-18 16:20:05,GRID-BMK-101,4.123,234.89,19.98,0.879,0
2026-06-18 17:20:05,GRID-BMK-101,4.336,232.39,20.47,0.912,0
2026-06-18 18:20:05,GRID-BMK-101,3.375,223.8,16.44,0.917,0
2026-06-18 19:20:05,GRID-BMK-101,3.372,229.77,16.54,0.887,0
2026-06-18 20:20:05,GRID-BMK-101,3.121,229.81,14.31,0.949,0
2026-06-18 21:20:05,GRID-BMK-101,2.468,228.57,12.06,0.896,0
2026-06-18 22:20:05,GRID-BMK-101,2.148,229.68,10.52,0.889,0
2026-06-18 23:20:05,GRID-BMK-101,2.153,223.15,10.52,0.917,0
2026-06-19 00:20:05,GRID-BMK-101,3.167,227.9,15.0,0.926,0
2026-06-19 01:20:05,GRID-BMK-101,3.41,228.14,16.65,0.898,0
2026-06-19 02:20:05,GRID-BMK-101,3.328,229.17,17.07,0.851,0
2026-06-19 03:20:05,GRID-BMK-101,2.967,223.42,14.04,0.946,0
2026-06-19 04:20:05,GRID-BMK-101,2.858,239.24,12.53,0.954,0
2026-06-19 05:20:05,GRID-BMK-101,3.612,222.63,18.11,0.896,0
2026-06-19 06:20:05,GRID-BMK-101,3.603,228.06,17.8,0.888,0
2026-06-19 07:20:05,GRID-BMK-101,4.406,232.73,19.89,0.952,0
2026-06-19 08:20:05,GRID-BMK-101,4.971,230.23,24.15,0.894,0
2026-06-19 09:20:05,GRID-BMK-101,5.015,234.75,23.52,0.908,0
2026-06-19 10:20:05,GRID-BMK-101,5.233,232.78,23.0,0.977,0
2026-06-19 11:20:05,GRID-BMK-101,5.622,230.38,26.84,0.909,0
2026-06-19 12:20:05,GRID-BMK-101,5.603,228.05,27.14,0.905,0
2026-06-19 13:20:05,GRID-BMK-101,5.365,228.36,27.8,0.845,0
2026-06-19 14:20:05,GRID-BMK-101,5.639,229.28,27.55,0.893,0
2026-06-19 15:20:05,GRID-BMK-101,5.219,230.82,25.17,0.898,0
2026-06-19 16:20:05,GRID-BMK-101,4.615,230.3,21.26,0.943,0
2026-06-19 17:20:05,GRID-BMK-101,4.62,227.71,22.47,0.903,0
2026-06-19 18:20:05,GRID-BMK-101,3.574,225.12,17.23,0.921,0
2026-06-19 19:20:05,GRID-BMK-101,2.951,232.39,14.34,0.886,0
2026-06-19 20:20:05,GRID-BMK-101,3.055,228.04,14.54,0.921,0
2026-06-19 21:20:05,GRID-BMK-101,2.421,232.28,10.94,0.953,0
2026-06-19 22:20:05,GRID-BMK-101,2.547,222.59,12.77,0.896,0
2026-06-19 23:20:05,GRID-BMK-101,2.187,230.27,10.16,0.935,0
2026-06-20 00:20:05,GRID-BMK-101,4.354,231.01,20.77,0.908,0
2026-06-20 01:20:05,GRID-BMK-101,3.671,229.04,17.12,0.936,0
2026-06-20 02:20:05,GRID-BMK-101,4.158,232.61,19.64,0.91,0
2026-06-20 03:20:05,GRID-BMK-101,3.695,233.9,17.56,0.9,0
2026-06-20 04:20:05,GRID-BMK-101,2.983,230.06,13.36,0.97,0
2026-06-20 05:20:05,GRID-BMK-101,3.699,232.47,16.81,0.947,0
2026-06-20 06:20:05,GRID-BMK-101,4.684,225.56,21.76,0.954,0
2026-06-20 07:20:05,GRID-BMK-101,5.392,233.74,24.31,0.949,0
2026-06-20 08:20:05,GRID-BMK-101,5.759,228.62,28.16,0.895,0
2026-06-20 09:20:05,GRID-BMK-101,6.72,231.21,31.96,0.91,0
2026-06-20 10:20:05,GRID-BMK-101,6.819,229.19,33.4,0.891,0
2026-06-20 11:20:05,GRID-BMK-101,6.582,228.34,30.38,0.949,0
2026-06-20 12:20:05,GRID-BMK-101,7.16,231.24,31.71,0.976,0
2026-06-20 13:20:05,GRID-BMK-101,6.355,228.46,30.07,0.925,0
2026-06-20 14:20:05,GRID-BMK-101,6.821,231.96,32.02,0.918,0
2026-06-20 15:20:05,GRID-BMK-101,6.242,237.93,28.7,0.914,0
2026-06-20 16:20:05,GRID-BMK-101,5.746,230.33,26.49,0.942,0
2026-06-20 17:20:05,GRID-BMK-101,5.287,231.33,24.64,0.928,0
2026-06-20 18:20:05,GRID-BMK-101,4.239,234.78,19.96,0.905,0
2026-06-20 19:20:05,GRID-BMK-101,4.058,232.34,17.64,0.99,0
2026-06-20 20:20:05,GRID-BMK-101,3.758,229.53,18.05,0.907,0
2026-06-20 21:20:05,GRID-BMK-101,3.429,223.04,16.84,0.913,0
2026-06-20 22:20:05,GRID-BMK-101,3.005,228.99,13.53,0.97,0
2026-06-20 23:20:05,GRID-BMK-101,2.158,229.55,10.22,0.92,0
2026-06-21 00:20:05,GRID-BMK-101,3.311,229.31,15.34,0.941,0
2026-06-21 01:20:05,GRID-BMK-101,3.419,231.55,16.48,0.896,0
2026-06-21 02:20:05,GRID-BMK-101,3.726,237.72,17.0,0.922,0
2026-06-21 03:20:05,GRID-BMK-101,3.504,232.02,16.48,0.917,0
2026-06-21 04:20:05,GRID-BMK-101,3.841,229.9,18.49,0.904,0
2026-06-21 05:20:05,GRID-BMK-101,4.285,222.02,22.51,0.858,0
2026-06-21 06:20:05,GRID-BMK-101,4.203,228.97,20.2,0.909,0
2026-06-21 07:20:05,GRID-BMK-101,5.155,231.58,23.55,0.945,0
2026-06-21 08:20:05,GRID-BMK-101,0.023,232.81,0.1,0.958,1
2026-06-21 09:20:05,GRID-BMK-101,6.212,229.61,28.94,0.935,0
2026-06-21 10:20:05,GRID-BMK-101,6.141,229.28,29.47,0.909,0
2026-06-21 11:20:05,GRID-BMK-101,6.82,230.76,30.49,0.969,0
2026-06-21 12:20:05,GRID-BMK-101,0.021,231.78,0.1,0.911,1
2026-06-21 13:20:05,GRID-BMK-101,6.135,235.29,29.54,0.883,0
2026-06-21 14:20:05,GRID-BMK-101,6.226,225.33,29.45,0.938,0
2026-06-21 15:20:05,GRID-BMK-101,6.626,223.49,34.18,0.867,0
2026-06-21 16:20:05,GRID-BMK-101,5.533,228.37,26.0,0.932,0
2026-06-21 17:20:05,GRID-BMK-101,0.054,229.91,0.26,0.91,1
2026-06-21 18:20:05,GRID-BMK-101,5.134,225.96,24.11,0.942,0
2026-06-21 19:20:05,GRID-BMK-101,3.627,230.3,18.08,0.871,0
2026-06-21 20:20:05,GRID-BMK-101,3.768,233.09,17.31,0.934,0
2026-06-21 21:20:05,GRID-BMK-101,3.705,234.71,17.74,0.89,0
2026-06-21 22:20:05,GRID-BMK-101,2.963,224.48,14.97,0.882,0
2026-06-21 23:20:05,GRID-BMK-101,2.438,230.6,12.05,0.877,0
2026-06-22 00:20:05,GRID-BMK-101,3.329,227.23,16.66,0.879,0
2026-06-22 01:20:05,GRID-BMK-101,3.327,224.74,15.07,0.982,0
2026-06-22 02:20:05,GRID-BMK-101,0.06,227.42,0.28,0.941,1
2026-06-22 03:20:05,GRID-BMK-101,3.153,228.02,15.91,0.869,0
2026-06-22 04:20:05,GRID-BMK-101,3.451,229.9,15.42,0.973,0
2026-06-22 05:20:05,GRID-BMK-101,2.687,228.8,12.56,0.935,0
2026-06-22 06:20:05,GRID-BMK-101,4.034,231.87,19.93,0.873,0
2026-06-22 07:20:05,GRID-BMK-101,3.945,229.32,18.07,0.952,0
2026-06-22 08:20:05,GRID-BMK-101,4.81,231.68,21.8,0.952,0
2026-06-22 09:20:05,GRID-BMK-101,5.011,231.9,24.72,0.874,0
2026-06-22 10:20:05,GRID-BMK-101,5.416,231.29,25.28,0.926,0
2026-06-22 11:20:05,GRID-BMK-101,5.859,230.4,27.24,0.933,0
2026-06-22 12:20:05,GRID-BMK-101,5.611,229.88,25.95,0.94,0
2026-06-22 13:20:05,GRID-BMK-101,5.474,232.66,26.8,0.878,0
2026-06-22 14:20:05,GRID-BMK-101,5.584,230.67,26.73,0.906,0
2026-06-22 15:20:05,GRID-BMK-101,5.069,230.4,23.6,0.932,0
2026-06-22 16:20:05,GRID-BMK-101,4.196,233.1,20.56,0.875,0
2026-06-22 17:20:05,GRID-BMK-101,3.936,231.76,18.04,0.941,0
2026-06-22 18:20:05,GRID-BMK-101,3.889,228.45,17.69,0.962,0
2026-06-22 19:20:05,GRID-BMK-101,3.685,230.94,18.35,0.87,0
2026-06-22 20:20:05,GRID-BMK-101,2.447,228.74,11.74,0.912,0
2026-06-22 21:20:05,GRID-BMK-101,2.3,226.85,11.76,0.862,0
2026-06-22 22:20:05,GRID-BMK-101,1.953,232.95,9.18,0.914,0
2026-06-22 23:20:05,GRID-BMK-101,2.829,228.01,12.99,0.955,0
2026-06-23 00:20:05,GRID-BMK-101,3.641,228.09,17.66,0.904,0
2026-06-23 01:20:05,GRID-BMK-101,3.321,228.13,16.08,0.905,0
2026-06-23 02:20:05,GRID-BMK-101,3.104,234.26,14.68,0.903,0
2026-06-23 03:20:05,GRID-BMK-101,3.258,228.87,15.84,0.899,0
2026-06-23 04:20:05,GRID-BMK-101,2.943,234.64,12.88,0.974,0
2026-06-23 05:20:05,GRID-BMK-101,3.046,231.75,14.04,0.936,0
2026-06-23 06:20:05,GRID-BMK-101,4.2,229.47,20.42,0.896,0
2026-06-23 07:20:05,GRID-BMK-101,4.606,227.15,22.66,0.895,0
2026-06-23 08:20:05,GRID-BMK-101,4.772,228.45,22.54,0.927,0
2026-06-23 09:20:05,GRID-BMK-101,4.103,227.39,18.87,0.956,0
2026-06-23 10:20:05,GRID-BMK-101,5.536,232.05,24.46,0.975,0
2026-06-23 11:20:05,GRID-BMK-101,5.685,230.92,25.97,0.948,0
2026-06-23 12:20:05,GRID-BMK-101,5.801,232.46,26.68,0.935,0
2026-06-23 13:20:05,GRID-BMK-101,5.916,234.6,28.0,0.901,0
2026-06-23 14:20:05,GRID-BMK-101,5.578,229.5,26.29,0.924,0
2026-06-23 15:20:05,GRID-BMK-101,4.94,231.48,22.89,0.933,0
2026-06-23 16:20:05,GRID-BMK-101,4.895,230.57,23.04,0.921,0
2026-06-23 17:20:05,GRID-BMK-101,4.566,225.95,20.95,0.965,0
2026-06-23 18:20:05,GRID-BMK-101,3.939,230.75,17.65,0.967,0
2026-06-23 19:20:05,GRID-BMK-101,3.771,225.68,18.06,0.925,0
2026-06-23 20:20:05,GRID-BMK-101,3.097,233.22,14.93,0.889,0
2026-06-23 21:20:05,GRID-BMK-101,2.059,232.9,9.76,0.906,0
2026-06-23 22:20:05,GRID-BMK-101,2.354,228.32,11.07,0.931,0
2026-06-23 23:20:05,GRID-BMK-101,2.097,223.89,9.94,0.942,0
2026-06-24 00:20:05,GRID-BMK-101,3.479,225.66,18.05,0.854,0
2026-06-24 01:20:05,GRID-BMK-101,3.349,232.96,15.07,0.954,0
2026-06-24 02:20:05,GRID-BMK-101,3.548,231.95,16.68,0.917,0
2026-06-24 03:20:05,GRID-BMK-101,2.786,234.98,12.52,0.947,0
2026-06-24 04:20:05,GRID-BMK-101,3.093,226.25,14.19,0.963,0
2026-06-24 05:20:05,GRID-BMK-101,3.306,229.91,15.49,0.928,0
2026-06-24 06:20:05,GRID-BMK-101,3.806,231.71,17.59,0.933,0
2026-06-24 07:20:05,GRID-BMK-101,4.057,230.97,18.35,0.957,0
2026-06-24 08:20:05,GRID-BMK-101,4.922,227.97,22.17,0.974,0
2026-06-24 09:20:05,GRID-BMK-101,4.925,229.96,24.55,0.872,0
2026-06-24 10:20:05,GRID-BMK-101,0.039,228.66,0.2,0.863,1
2026-06-24 11:20:05,GRID-BMK-101,6.355,228.51,29.25,0.951,0
2026-06-24 12:20:05,GRID-BMK-101,5.346,227.1,25.63,0.919,0
2026-06-24 13:20:05,GRID-BMK-101,0.052,229.93,0.24,0.936,1
2026-06-24 14:20:05,GRID-BMK-101,0.04,229.26,0.19,0.9,1
2026-06-24 15:20:05,GRID-BMK-101,5.206,226.81,24.17,0.95,0
2026-06-24 16:20:05,GRID-BMK-101,17.881,234.2,80.56,0.948,1
2026-06-24 17:20:05,GRID-BMK-101,4.884,231.07,22.68,0.932,0
2026-06-24 18:20:05,GRID-BMK-101,4.079,233.15,19.35,0.904,0
2026-06-24 19:20:05,GRID-BMK-101,3.443,232.85,16.18,0.914,0
2026-06-24 20:20:05,GRID-BMK-101,3.37,235.21,15.47,0.926,0
2026-06-24 21:20:05,GRID-BMK-101,2.292,228.41,10.69,0.939,0
2026-06-24 22:20:05,GRID-BMK-101,2.654,235.18,12.1,0.933,0
2026-06-24 23:20:05,GRID-BMK-101,0.046,231.69,0.22,0.905,1
2026-06-25 00:20:05,GRID-BMK-101,3.218,231.2,14.82,0.939,0
2026-06-25 01:20:05,GRID-BMK-101,2.595,227.3,13.08,0.873,0
2026-06-25 02:20:05,GRID-BMK-101,3.755,233.24,17.52,0.919,0
2026-06-25 03:20:05,GRID-BMK-101,2.665,228.28,12.36,0.944,0
2026-06-25 04:20:05,GRID-BMK-101,3.208,234.43,14.24,0.961,0
2026-06-25 05:20:05,GRID-BMK-101,3.275,227.94,15.45,0.93,0
2026-06-25 06:20:05,GRID-BMK-101,3.787,231.63,17.99,0.909,0
2026-06-25 07:20:05,GRID-BMK-101,3.67,230.71,17.97,0.885,0
2026-06-25 08:20:05,GRID-BMK-101,4.87,226.12,22.56,0.955,0
2026-06-25 09:20:05,GRID-BMK-101,4.681,229.18,23.83,0.857,0
2026-06-25 10:20:05,GRID-BMK-101,5.51,225.33,26.95,0.907,0
2026-06-25 11:20:05,GRID-BMK-101,5.362,231.56,24.49,0.945,0
2026-06-25 12:20:05,GRID-BMK-101,6.041,231.15,28.02,0.933,0
2026-06-25 13:20:05,GRID-BMK-101,5.522,231.14,26.25,0.91,0
2026-06-25 14:20:05,GRID-BMK-101,0.045,232.18,0.21,0.922,1
2026-06-25 15:20:05,GRID-BMK-101,5.09,231.35,24.38,0.902,0
2026-06-25 16:20:05,GRID-BMK-101,4.777,232.75,22.06,0.93,0
2026-06-25 17:20:05,GRID-BMK-101,0.07,238.81,0.33,0.894,1
2026-06-25 18:20:05,GRID-BMK-101,3.996,231.84,19.4,0.888,0
2026-06-25 19:20:05,GRID-BMK-101,3.492,228.05,16.08,0.952,0
2026-06-25 20:20:05,GRID-BMK-101,2.925,232.61,13.45,0.935,0
2026-06-25 21:20:05,GRID-BMK-101,2.592,236.01,11.58,0.949,0
2026-06-25 22:20:05,GRID-BMK-101,2.408,233.32,10.8,0.956,0
2026-06-25 23:20:05,GRID-BMK-101,1.809,234.89,8.59,0.897,0
2026-06-26 00:20:05,GRID-BMK-101,3.244,229.81,15.18,0.93,0
2026-06-26 01:20:05,GRID-BMK-101,3.257,234.31,14.84,0.937,0
2026-06-26 02:20:05,GRID-BMK-101,3.261,233.57,15.81,0.883,0
2026-06-26 03:20:05,GRID-BMK-101,3.371,231.91,15.16,0.959,0
2026-06-26 04:20:05,GRID-BMK-101,3.076,229.48,14.56,0.92,0
2026-06-26 05:20:05,GRID-BMK-101,2.771,225.07,13.78,0.893,0
2026-06-26 06:20:05,GRID-BMK-101,4.34,228.08,21.62,0.88,0
2026-06-26 07:20:05,GRID-BMK-101,4.391,227.9,20.23,0.953,0
2026-06-26 08:20:05,GRID-BMK-101,5.235,232.95,24.69,0.91,0
2026-06-26 09:20:05,GRID-BMK-101,5.011,229.94,24.62,0.885,0
2026-06-26 10:20:05,GRID-BMK-101,4.974,233.07,21.56,0.99,0
2026-06-26 11:20:05,GRID-BMK-101,5.817,231.73,27.51,0.912,0
2026-06-26 12:20:05,GRID-BMK-101,5.792,227.74,27.9,0.912,0
2026-06-26 13:20:05,GRID-BMK-101,5.352,227.05,24.84,0.949,0
2026-06-26 14:20:05,GRID-BMK-101,5.248,232.75,25.83,0.873,0
2026-06-26 15:20:05,GRID-BMK-101,4.966,225.24,24.07,0.916,0
2026-06-26 16:20:05,GRID-BMK-101,4.727,230.32,23.32,0.88,0
2026-06-26 17:20:05,GRID-BMK-101,4.389,227.19,20.08,0.962,0
2026-06-26 18:20:05,GRID-BMK-101,3.852,230.38,18.43,0.907,0
2026-06-26 19:20:05,GRID-BMK-101,3.771,231.15,17.9,0.911,0
2026-06-26 20:20:05,GRID-BMK-101,3.095,225.79,14.09,0.972,0
2026-06-26 21:20:05,GRID-BMK-101,2.519,232.25,11.51,0.942,0
2026-06-26 22:20:05,GRID-BMK-101,2.105,229.12,9.6,0.957,0
2026-06-26 23:20:05,GRID-BMK-101,2.208,227.65,9.83,0.987,0
2026-06-27 00:20:05,GRID-BMK-101,3.34,231.9,15.45,0.932,0
2026-06-27 01:20:05,GRID-BMK-101,4.226,234.87,20.59,0.874,0
2026-06-27 02:20:05,GRID-BMK-101,3.882,229.74,17.07,0.99,0
2026-06-27 03:20:05,GRID-BMK-101,3.935,227.68,19.71,0.877,0
2026-06-27 04:20:05,GRID-BMK-101,3.097,231.71,13.79,0.969,0
2026-06-27 05:20:05,GRID-BMK-101,3.389,227.87,16.48,0.902,0
2026-06-27 06:20:05,GRID-BMK-101,4.578,230.7,22.72,0.873,0
2026-06-27 07:20:05,GRID-BMK-101,5.375,236.35,25.7,0.885,0
2026-06-27 08:20:05,GRID-BMK-101,5.285,235.02,24.12,0.933,0
2026-06-27 09:20:05,GRID-BMK-101,6.212,227.96,30.61,0.89,0
2026-06-27 10:20:05,GRID-BMK-101,6.747,229.67,32.9,0.893,0
2026-06-27 11:20:05,GRID-BMK-101,7.209,226.36,35.23,0.904,0
2026-06-27 12:20:05,GRID-BMK-101,6.303,233.64,29.19,0.924,0
2026-06-27 13:20:05,GRID-BMK-101,6.466,230.68,31.0,0.904,0
2026-06-27 14:20:05,GRID-BMK-101,0.026,232.12,0.12,0.949,1
2026-06-27 15:20:05,GRID-BMK-101,5.923,229.28,28.0,0.923,0
2026-06-27 16:20:05,GRID-BMK-101,5.984,226.69,30.86,0.855,0
2026-06-27 17:20:05,GRID-BMK-101,5.51,230.09,25.82,0.928,0
2026-06-27 18:20:05,GRID-BMK-101,4.649,230.25,22.02,0.917,0
2026-06-27 19:20:05,GRID-BMK-101,4.295,231.8,20.48,0.905,0
2026-06-27 20:20:05,GRID-BMK-101,3.484,231.61,16.85,0.893,0
2026-06-27 21:20:05,GRID-BMK-101,3.14,230.51,14.92,0.913,0
2026-06-27 22:20:05,GRID-BMK-101,2.85,229.92,13.12,0.945,0
2026-06-27 23:20:05,GRID-BMK-101,2.329,231.59,11.91,0.844,0
2026-06-28 00:20:05,GRID-BMK-101,0.096,228.17,0.46,0.914,1
2026-06-28 01:20:05,GRID-BMK-101,3.968,230.16,19.91,0.866,0
2026-06-28 02:20:05,GRID-BMK-101,3.553,227.18,17.08,0.916,0
2026-06-28 03:20:05,GRID-BMK-101,3.98,226.15,19.75,0.891,0
2026-06-28 04:20:05,GRID-BMK-101,3.936,229.36,17.79,0.965,0
2026-06-28 05:20:05,GRID-BMK-101,3.583,228.77,17.23,0.909,0
2026-06-28 06:20:05,GRID-BMK-101,4.395,228.84,20.76,0.925,0
2026-06-28 07:20:05,GRID-BMK-101,4.656,232.74,21.4,0.935,0
2026-06-28 08:20:05,GRID-BMK-101,6.553,225.9,31.77,0.913,0
2026-06-28 09:20:05,GRID-BMK-101,0.048,229.05,0.22,0.946,1
2026-06-28 10:20:05,GRID-BMK-101,6.794,228.36,31.93,0.932,0
2026-06-28 11:20:05,GRID-BMK-101,6.378,229.91,32.21,0.861,0
2026-06-28 12:20:05,GRID-BMK-101,7.551,229.92,36.82,0.892,0
2026-06-28 13:20:05,GRID-BMK-101,7.156,227.41,36.98,0.851,0
2026-06-28 14:20:05,GRID-BMK-101,6.36,234.41,29.69,0.914,0
2026-06-28 15:20:05,GRID-BMK-101,6.588,226.64,33.33,0.872,0
2026-06-28 16:20:05,GRID-BMK-101,5.583,236.47,26.18,0.902,0
2026-06-28 17:20:05,GRID-BMK-101,5.308,232.4,25.36,0.901,0
2026-06-28 18:20:05,GRID-BMK-101,4.71,231.38,22.63,0.9,0
2026-06-28 19:20:05,GRID-BMK-101,4.008,230.27,18.77,0.927,0
2026-06-28 20:20:05,GRID-BMK-101,3.406,225.96,16.92,0.891,0
2026-06-28 21:20:05,GRID-BMK-101,3.367,233.47,15.91,0.906,0
2026-06-28 22:20:05,GRID-BMK-101,2.622,233.56,11.92,0.942,0
2026-06-28 23:20:05,GRID-BMK-101,2.782,233.93,13.47,0.882,0
2026-06-29 00:20:05,GRID-BMK-101,3.004,233.98,13.71,0.937,0
2026-06-29 01:20:05,GRID-BMK-101,2.98,230.12,13.44,0.964,0
2026-06-29 02:20:05,GRID-BMK-101,3.694,231.61,16.75,0.952,0
2026-06-29 03:20:05,GRID-BMK-101,3.322,229.37,16.05,0.902,0
2026-06-29 04:20:05,GRID-BMK-101,2.77,236.17,13.23,0.887,0
2026-06-29 05:20:05,GRID-BMK-101,3.009,229.01,14.19,0.926,0
2026-06-29 06:20:05,GRID-BMK-101,3.825,232.58,18.22,0.903,0
2026-06-29 07:20:05,GRID-BMK-101,4.592,227.56,21.1,0.956,0
2026-06-29 08:20:05,GRID-BMK-101,4.733,231.99,21.36,0.955,0
2026-06-29 09:20:05,GRID-BMK-101,5.245,230.09,24.86,0.917,0
2026-06-29 10:20:05,GRID-BMK-101,5.408,228.41,25.25,0.938,0
2026-06-29 11:20:05,GRID-BMK-101,5.762,232.17,25.09,0.989,0
2026-06-29 12:20:05,GRID-BMK-101,5.997,231.7,29.85,0.867,0
2026-06-29 13:20:05,GRID-BMK-101,5.712,232.7,27.23,0.901,0
2026-06-29 14:20:05,GRID-BMK-101,5.577,229.37,27.18,0.894,0
2026-06-29 15:20:05,GRID-BMK-101,5.226,225.8,24.58,0.942,0
2026-06-29 16:20:05,GRID-BMK-101,5.208,233.59,24.73,0.902,0
2026-06-29 17:20:05,GRID-BMK-101,3.905,226.68,19.01,0.906,0
2026-06-29 18:20:05,GRID-BMK-101,3.628,235.18,16.99,0.908,0
2026-06-29 19:20:05,GRID-BMK-101,12.208,234.37,53.67,0.97,1
2026-06-29 20:20:05,GRID-BMK-101,2.749,228.34,12.16,0.99,0
2026-06-29 21:20:05,GRID-BMK-101,2.64,227.94,11.87,0.976,0
2026-06-29 22:20:05,GRID-BMK-101,2.882,233.07,13.18,0.938,0
2026-06-29 23:20:05,GRID-BMK-101,2.134,233.94,9.57,0.953,0
2026-06-30 00:20:05,GRID-BMK-101,2.96,230.27,13.33,0.964,0
2026-06-30 01:20:05,GRID-BMK-101,3.025,227.34,14.87,0.895,0
2026-06-30 02:20:05,GRID-BMK-101,3.114,234.54,14.14,0.939,0
2026-06-30 03:20:05,GRID-BMK-101,3.211,231.73,14.2,0.976,0
2026-06-30 04:20:05,GRID-BMK-101,2.832,229.32,13.85,0.891,0
2026-06-30 05:20:05,GRID-BMK-101,3.514,224.19,17.76,0.882,0
2026-06-30 06:20:05,GRID-BMK-101,3.979,230.42,19.92,0.867,0
2026-06-30 07:20:05,GRID-BMK-101,4.65,229.42,22.3,0.909,0
2026-06-30 08:20:05,GRID-BMK-101,4.895,226.49,25.92,0.834,0
2026-06-30 09:20:05,GRID-BMK-101,5.209,228.86,27.3,0.834,0
2026-06-30 10:20:05,GRID-BMK-101,5.385,228.19,25.26,0.934,0
2026-06-30 11:20:05,GRID-BMK-101,5.732,228.28,26.98,0.931,0
2026-06-30 12:20:05,GRID-BMK-101,5.711,229.7,27.21,0.914,0
2026-06-30 13:20:05,GRID-BMK-101,5.72,229.34,27.87,0.895,0
2026-06-30 14:20:05,GRID-BMK-101,5.157,234.48,24.12,0.912,0
2026-06-30 15:20:05,GRID-BMK-101,4.99,229.96,23.51,0.923,0
2026-06-30 16:20:05,GRID-BMK-101,24.069,232.21,113.71,0.912,1
2026-06-30 17:20:05,GRID-BMK-101,4.551,230.29,21.56,0.917,0
2026-06-30 18:20:05,GRID-BMK-101,3.693,232.38,18.01,0.882,0
2026-06-30 19:20:05,GRID-BMK-101,3.009,237.24,13.75,0.922,0
2026-06-30 20:20:05,GRID-BMK-101,3.079,227.8,15.09,0.896,0
2026-06-30 21:20:05,GRID-BMK-101,2.907,237.99,13.41,0.911,0
2026-06-30 22:20:05,GRID-BMK-101,2.361,227.52,11.25,0.923,0
2026-06-30 23:20:05,GRID-BMK-101,1.756,229.83,8.43,0.907,0
2026-07-01 00:20:05,GRID-BMK-101,3.758,231.86,16.51,0.982,0
2026-07-01 01:20:05,GRID-BMK-101,3.574,230.17,17.24,0.901,0
2026-07-01 02:20:05,GRID-BMK-101,3.137,228.06,15.35,0.896,0
2026-07-01 03:20:05,GRID-BMK-101,3.503,227.69,17.55,0.877,0
2026-07-01 04:20:05,GRID-BMK-101,3.183,229.12,15.91,0.873,0
2026-07-01 05:20:05,GRID-BMK-101,3.136,227.79,14.92,0.923,0
2026-07-01 06:20:05,GRID-BMK-101,4.139,230.9,19.97,0.897,0
2026-07-01 07:20:05,GRID-BMK-101,4.733,228.3,23.97,0.865,0
2026-07-01 08:20:05,GRID-BMK-101,4.835,235.62,21.54,0.952,0
2026-07-01 09:20:05,GRID-BMK-101,5.377,229.42,26.53,0.883,0
2026-07-01 10:20:05,GRID-BMK-101,5.469,228.07,25.22,0.951,0
2026-07-01 11:20:05,GRID-BMK-101,5.534,231.45,26.46,0.904,0
2026-07-01 12:20:05,GRID-BMK-101,5.52,227.13,26.06,0.933,0
2026-07-01 13:20:05,GRID-BMK-101,5.392,230.61,25.26,0.926,0
2026-07-01 14:20:05,GRID-BMK-101,5.506,229.76,25.67,0.934,0
2026-07-01 15:20:05,GRID-BMK-101,25.015,234.3,120.73,0.884,1
2026-07-01 16:20:05,GRID-BMK-101,4.698,231.74,21.8,0.93,0
2026-07-01 17:20:05,GRID-BMK-101,4.099,231.79,19.05,0.928,0
2026-07-01 18:20:05,GRID-BMK-101,3.966,226.98,18.31,0.954,0
2026-07-01 19:20:05,GRID-BMK-101,3.359,233.92,15.66,0.917,0
2026-07-01 20:20:05,GRID-BMK-101,2.303,227.0,11.21,0.905,0
2026-07-01 21:20:05,GRID-BMK-101,2.432,228.77,11.81,0.9,0
2026-07-01 22:20:05,GRID-BMK-101,1.707,233.65,7.56,0.966,0
2026-07-01 23:20:05,GRID-BMK-101,2.105,233.68,9.78,0.921,0
2026-07-02 00:20:05,GRID-BMK-101,3.195,226.46,14.76,0.956,0
2026-07-02 01:20:05,GRID-BMK-101,3.034,231.57,14.48,0.905,0
2026-07-02 02:20:05,GRID-BMK-101,3.388,230.38,15.03,0.978,0
2026-07-02 03:20:05,GRID-BMK-101,3.463,226.05,16.27,0.942,0
2026-07-02 04:20:05,GRID-BMK-101,3.355,231.23,15.9,0.913,0
2026-07-02 05:20:05,GRID-BMK-101,2.865,230.45,14.31,0.869,0
2026-07-02 06:20:05,GRID-BMK-101,3.191,223.48,15.1,0.945,0
2026-07-02 07:20:05,GRID-BMK-101,4.284,227.17,20.65,0.913,0
2026-07-02 08:20:05,GRID-BMK-101,4.901,231.54,23.2,0.912,0
2026-07-02 09:20:05,GRID-BMK-101,5.414,228.42,25.22,0.94,0
2026-07-02 10:20:05,GRID-BMK-101,5.317,231.1,23.6,0.975,0
2026-07-02 11:20:05,GRID-BMK-101,5.048,229.11,25.27,0.872,0
2026-07-02 12:20:05,GRID-BMK-101,5.908,232.85,26.12,0.971,0
2026-07-02 13:20:05,GRID-BMK-101,5.833,228.05,27.73,0.922,0
2026-07-02 14:20:05,GRID-BMK-101,5.293,230.21,24.08,0.955,0
2026-07-02 15:20:05,GRID-BMK-101,5.252,233.49,24.24,0.928,0
2026-07-02 16:20:05,GRID-BMK-101,4.967,230.57,22.68,0.95,0
2026-07-02 17:20:05,GRID-BMK-101,3.797,227.94,17.28,0.964,0
2026-07-02 18:20:05,GRID-BMK-101,3.769,229.59,17.31,0.949,0
2026-07-02 19:20:05,GRID-BMK-101,3.775,235.25,18.04,0.89,0
2026-07-02 20:20:05,GRID-BMK-101,3.209,229.26,15.65,0.895,0
2026-07-02 21:20:05,GRID-BMK-101,2.729,230.43,12.28,0.964,0
2026-07-02 22:20:05,GRID-BMK-101,2.499,228.13,11.83,0.926,0
2026-07-02 23:20:05,GRID-BMK-101,2.004,223.38,9.82,0.913,0
2026-07-03 00:20:05,GRID-BMK-101,2.534,225.49,11.92,0.943,0
2026-07-03 01:20:05,GRID-BMK-101,3.093,230.02,14.12,0.953,0
2026-07-03 02:20:05,GRID-BMK-101,2.981,224.37,14.39,0.923,0
2026-07-03 03:20:05,GRID-BMK-101,2.921,229.42,14.25,0.893,0
2026-07-03 04:20:05,GRID-BMK-101,3.235,233.23,15.07,0.921,0
2026-07-03 05:20:05,GRID-BMK-101,3.035,228.04,15.15,0.879,0
2026-07-03 06:20:05,GRID-BMK-101,3.317,230.8,15.37,0.935,0
2026-07-03 07:20:05,GRID-BMK-101,4.617,228.37,21.87,0.924,0
2026-07-03 08:20:05,GRID-BMK-101,4.59,229.19,22.42,0.893,0
2026-07-03 09:20:05,GRID-BMK-101,4.881,229.08,22.06,0.966,0
2026-07-03 10:20:05,GRID-BMK-101,5.286,229.33,25.6,0.9,0
2026-07-03 11:20:05,GRID-BMK-101,31.859,233.47,142.84,0.955,1
2026-07-03 12:20:05,GRID-BMK-101,5.154,232.86,23.84,0.929,0
2026-07-03 13:20:05,GRID-BMK-101,5.631,227.77,28.45,0.869,0
2026-07-03 14:20:05,GRID-BMK-101,5.24,228.35,24.87,0.923,0
2026-07-03 15:20:05,GRID-BMK-101,4.56,232.2,20.76,0.946,0
2026-07-03 16:20:05,GRID-BMK-101,5.161,228.06,23.25,0.973,0
2026-07-03 17:20:05,GRID-BMK-101,4.057,226.72,19.62,0.912,0
2026-07-03 18:20:05,GRID-BMK-101,4.305,230.87,20.1,0.928,0
2026-07-03 19:20:05,GRID-BMK-101,2.863,227.92,14.52,0.865,0
2026-07-03 20:20:05,GRID-BMK-101,3.326,233.1,14.96,0.954,0
2026-07-03 21:20:05,GRID-BMK-101,12.058,226.36,59.78,0.891,1
2026-07-03 22:20:05,GRID-BMK-101,2.187,228.31,10.48,0.914,0
2026-07-03 23:20:05,GRID-BMK-101,2.469,226.45,12.52,0.871,0
2026-07-04 00:20:05,GRID-BMK-101,4.244,229.92,19.88,0.928,0
2026-07-04 01:20:05,GRID-BMK-101,3.769,226.56,18.08,0.92,0
2026-07-04 02:20:05,GRID-BMK-101,0.016,228.69,0.08,0.917,1
2026-07-04 03:20:05,GRID-BMK-101,3.136,228.94,14.94,0.917,0
2026-07-04 04:20:05,GRID-BMK-101,3.868,233.52,17.79,0.931,0
2026-07-04 05:20:05,GRID-BMK-101,3.231,225.54,15.31,0.936,0
2026-07-04 06:20:05,GRID-BMK-101,3.915,235.2,16.87,0.987,0
2026-07-04 07:20:05,GRID-BMK-101,5.13,233.68,24.72,0.888,0
2026-07-04 08:20:05,GRID-BMK-101,5.415,229.5,26.05,0.906,0
2026-07-04 09:20:05,GRID-BMK-101,6.199,231.48,28.22,0.949,0
2026-07-04 10:20:05,GRID-BMK-101,5.863,236.22,27.81,0.892,0
2026-07-04 11:20:05,GRID-BMK-101,6.841,232.7,30.03,0.979,0
2026-07-04 12:20:05,GRID-BMK-101,7.215,228.6,34.43,0.917,0
2026-07-04 13:20:05,GRID-BMK-101,6.187,230.72,28.9,0.928,0
2026-07-04 14:20:05,GRID-BMK-101,7.157,230.92,34.12,0.908,0
2026-07-04 15:20:05,GRID-BMK-101,5.937,232.62,27.86,0.916,0
2026-07-04 16:20:05,GRID-BMK-101,5.307,233.38,24.76,0.918,0
2026-07-04 17:20:05,GRID-BMK-101,4.687,227.47,21.94,0.939,0
2026-07-04 18:20:05,GRID-BMK-101,4.388,223.59,19.82,0.99,0
2026-07-04 19:20:05,GRID-BMK-101,4.52,228.99,21.17,0.932,0
2026-07-04 20:20:05,GRID-BMK-101,4.107,229.41,19.55,0.915,0
2026-07-04 21:20:05,GRID-BMK-101,3.542,229.39,16.86,0.916,0
2026-07-04 22:20:05,GRID-BMK-101,0.069,231.97,0.32,0.926,1
2026-07-04 23:20:05,GRID-BMK-101,2.906,233.3,13.72,0.908,0
2026-07-05 00:20:05,GRID-BMK-101,3.517,228.12,16.3,0.946,0
2026-07-05 01:20:05,GRID-BMK-101,3.593,232.57,16.51,0.935,0
2026-07-05 02:20:05,GRID-BMK-101,4.043,232.4,18.46,0.943,0
2026-07-05 03:20:05,GRID-BMK-101,3.996,231.35,19.26,0.897,0
2026-07-05 04:20:05,GRID-BMK-101,3.862,229.51,18.74,0.898,0
2026-07-05 05:20:05,GRID-BMK-101,3.717,228.35,17.63,0.923,0
2026-07-05 06:20:05,GRID-BMK-101,4.601,224.32,22.14,0.926,0
2026-07-05 07:20:05,GRID-BMK-101,5.732,230.01,27.25,0.915,0
2026-07-05 08:20:05,GRID-BMK-101,5.759,225.18,28.51,0.897,0
2026-07-05 09:20:05,GRID-BMK-101,6.491,228.11,31.09,0.915,0
2026-07-05 10:20:05,GRID-BMK-101,6.772,229.21,34.36,0.86,0
2026-07-05 11:20:05,GRID-BMK-101,6.764,230.07,33.78,0.87,0
2026-07-05 12:20:05,GRID-BMK-101,7.243,220.94,35.42,0.926,0
2026-07-05 13:20:05,GRID-BMK-101,6.502,230.57,31.8,0.887,0
2026-07-05 14:20:05,GRID-BMK-101,6.802,231.43,31.43,0.935,0
2026-07-05 15:20:05,GRID-BMK-101,5.761,230.2,27.87,0.898,0
2026-07-05 16:20:05,GRID-BMK-101,6.05,227.92,29.24,0.908,0
2026-07-05 17:20:05,GRID-BMK-101,4.983,230.05,22.83,0.949,0
2026-07-05 18:20:05,GRID-BMK-101,4.278,232.48,20.58,0.894,0
2026-07-05 19:20:05,GRID-BMK-101,3.992,227.67,18.62,0.942,0
2026-07-05 20:20:05,GRID-BMK-101,3.394,230.79,15.88,0.926,0
2026-07-05 21:20:05,GRID-BMK-101,3.041,232.27,14.26,0.918,0
2026-07-05 22:20:05,GRID-BMK-101,0.071,234.27,0.32,0.948,1
2026-07-05 23:20:05,GRID-BMK-101,2.632,230.21,12.87,0.888,0
2026-07-06 00:20:05,GRID-BMK-101,3.472,231.85,15.66,0.956,0
2026-07-06 01:20:05,GRID-BMK-101,3.277,229.63,17.09,0.835,0
2026-07-06 02:20:05,GRID-BMK-101,3.16,228.35,15.66,0.883,0
2026-07-06 03:20:05,GRID-BMK-101,3.525,229.04,16.95,0.908,0
2026-07-06 04:20:05,GRID-BMK-101,3.299,233.12,15.42,0.918,0
2026-07-06 05:20:05,GRID-BMK-101,3.446,234.81,16.35,0.898,0
2026-07-06 06:20:05,GRID-BMK-101,3.749,227.39,17.29,0.954,0
2026-07-06 07:20:05,GRID-BMK-101,4.805,227.72,22.79,0.926,0
2026-07-06 08:20:05,GRID-BMK-101,4.73,228.37,22.63,0.915,0
2026-07-06 09:20:05,GRID-BMK-101,0.041,230.36,0.21,0.874,1
2026-07-06 10:20:05,GRID-BMK-101,5.093,222.31,25.06,0.914,0
2026-07-06 11:20:05,GRID-BMK-101,5.59,230.05,25.96,0.936,0
2026-07-06 12:20:05,GRID-BMK-101,5.662,226.46,26.22,0.953,0
2026-07-06 13:20:05,GRID-BMK-101,5.649,234.64,26.37,0.913,0
2026-07-06 14:20:05,GRID-BMK-101,5.491,230.31,24.67,0.966,0
2026-07-06 15:20:05,GRID-BMK-101,5.444,225.95,25.63,0.94,0
2026-07-06 16:20:05,GRID-BMK-101,4.978,225.2,24.69,0.895,0
2026-07-06 17:20:05,GRID-BMK-101,4.117,227.61,18.65,0.97,0
2026-07-06 18:20:05,GRID-BMK-101,3.842,230.06,18.02,0.927,0
2026-07-06 19:20:05,GRID-BMK-101,3.347,228.05,16.3,0.9,0
2026-07-06 20:20:05,GRID-BMK-101,2.795,233.84,12.76,0.937,0
2026-07-06 21:20:05,GRID-BMK-101,2.699,228.89,13.39,0.881,0
2026-07-06 22:20:05,GRID-BMK-101,2.789,227.57,13.89,0.882,0
2026-07-06 23:20:05,GRID-BMK-101,2.057,224.49,9.85,0.93,0
2026-07-07 00:20:05,GRID-BMK-101,3.341,227.49,14.94,0.983,0
2026-07-07 01:20:05,GRID-BMK-101,3.166,231.75,14.85,0.92,0
2026-07-07 02:20:05,GRID-BMK-101,2.667,229.43,12.78,0.909,0
2026-07-07 03:20:05,GRID-BMK-101,3.811,224.32,18.81,0.903,0
2026-07-07 04:20:05,GRID-BMK-101,3.13,225.73,15.2,0.912,0
2026-07-07 05:20:05,GRID-BMK-101,3.289,231.11,15.44,0.921,0
2026-07-07 06:20:05,GRID-BMK-101,3.974,236.07,19.15,0.879,0
2026-07-07 07:20:05,GRID-BMK-101,4.389,230.12,20.37,0.936,0
2026-07-07 08:20:05,GRID-BMK-101,4.6,231.28,21.61,0.921,0
2026-07-07 09:20:05,GRID-BMK-101,5.122,226.27,25.4,0.891,0
2026-07-07 10:20:05,GRID-BMK-101,5.683,227.13,26.78,0.934,0
2026-07-07 11:20:05,GRID-BMK-101,5.611,234.69,25.48,0.939,0
2026-07-07 12:20:05,GRID-BMK-101,5.612,226.25,26.44,0.938,0
2026-07-07 13:20:05,GRID-BMK-101,0.066,232.14,0.31,0.915,1
2026-07-07 14:20:05,GRID-BMK-101,5.172,228.92,25.08,0.901,0
2026-07-07 15:20:05,GRID-BMK-101,4.744,225.19,22.72,0.927,0
2026-07-07 16:20:05,GRID-BMK-101,4.82,224.4,22.6,0.95,0
2026-07-07 17:20:05,GRID-BMK-101,4.462,225.26,20.61,0.961,0
2026-07-07 18:20:05,GRID-BMK-101,3.501,230.04,17.07,0.891,0
2026-07-07 19:20:05,GRID-BMK-101,3.473,229.43,17.32,0.874,0
2026-07-07 20:20:05,GRID-BMK-101,3.57,234.85,16.46,0.923,0
2026-07-07 21:20:05,GRID-BMK-101,2.836,229.13,12.86,0.962,0
2026-07-07 22:20:05,GRID-BMK-101,2.194,225.65,10.57,0.92,0
2026-07-07 23:20:05,GRID-BMK-101,1.971,226.92,9.55,0.909,0
2026-07-08 00:20:05,GRID-BMK-101,3.288,222.19,15.98,0.926,0
2026-07-08 01:20:05,GRID-BMK-101,3.011,232.87,13.59,0.951,0
2026-07-08 02:20:05,GRID-BMK-101,3.377,224.66,16.17,0.93,0
2026-07-08 03:20:05,GRID-BMK-101,3.362,222.32,16.84,0.898,0
2026-07-08 04:20:05,GRID-BMK-101,2.848,232.04,13.86,0.886,0
2026-07-08 05:20:05,GRID-BMK-101,3.079,233.4,14.85,0.888,0
2026-07-08 06:20:05,GRID-BMK-101,3.515,228.61,16.46,0.934,0
2026-07-08 07:20:05,GRID-BMK-101,4.778,224.84,23.56,0.902,0
2026-07-08 08:20:05,GRID-BMK-101,4.843,227.51,22.75,0.936,0
2026-07-08 09:20:05,GRID-BMK-101,5.318,230.32,26.47,0.872,0
2026-07-08 10:20:05,GRID-BMK-101,5.671,228.85,26.72,0.928,0
2026-07-08 11:20:05,GRID-BMK-101,4.92,230.47,22.42,0.952,0
2026-07-08 12:20:05,GRID-BMK-101,5.973,230.69,27.69,0.935,0
2026-07-08 13:20:05,GRID-BMK-101,5.486,232.03,26.16,0.904,0
2026-07-08 14:20:05,GRID-BMK-101,5.595,231.32,25.64,0.943,0
2026-07-08 15:20:05,GRID-BMK-101,5.337,230.26,27.33,0.848,0
2026-07-08 16:20:05,GRID-BMK-101,4.752,232.09,21.66,0.945,0
2026-07-08 17:20:05,GRID-BMK-101,4.322,231.36,19.81,0.943,0
2026-07-08 18:20:05,GRID-BMK-101,3.574,231.5,16.75,0.921,0
2026-07-08 19:20:05,GRID-BMK-101,3.954,230.12,18.82,0.913,0
2026-07-08 20:20:05,GRID-BMK-101,3.055,223.54,14.34,0.953,0
2026-07-08 21:20:05,GRID-BMK-101,2.267,226.96,10.72,0.931,0
2026-07-08 22:20:05,GRID-BMK-101,2.559,232.05,12.54,0.879,0
2026-07-08 23:20:05,GRID-BMK-101,2.157,228.08,10.63,0.89,0
2026-07-09 00:20:05,GRID-BMK-101,2.824,225.43,13.14,0.953,0
2026-07-09 01:20:05,GRID-BMK-101,2.949,229.55,14.29,0.899,0
2026-07-09 02:20:05,GRID-BMK-101,3.434,226.65,15.83,0.957,0
2026-07-09 03:20:05,GRID-BMK-101,3.317,229.54,15.03,0.962,0
2026-07-09 04:20:05,GRID-BMK-101,3.499,228.92,17.36,0.88,0
2026-07-09 05:20:05,GRID-BMK-101,3.066,228.42,14.84,0.905,0
2026-07-09 06:20:05,GRID-BMK-101,3.374,230.1,16.34,0.897,0
2026-07-09 07:20:05,GRID-BMK-101,4.794,228.16,23.33,0.901,0
2026-07-09 08:20:05,GRID-BMK-101,5.285,225.51,26.03,0.9,0
2026-07-09 09:20:05,GRID-BMK-101,4.623,229.62,21.23,0.948,0
2026-07-09 10:20:05,GRID-BMK-101,5.048,227.83,23.94,0.925,0
2026-07-09 11:20:05,GRID-BMK-101,5.588,230.56,26.18,0.926,0
2026-07-09 12:20:05,GRID-BMK-101,21.733,226.1,101.72,0.945,1
2026-07-09 13:20:05,GRID-BMK-101,5.97,233.04,29.35,0.873,0
2026-07-09 14:20:05,GRID-BMK-101,5.711,233.05,26.4,0.928,0
2026-07-09 15:20:05,GRID-BMK-101,5.083,230.83,22.7,0.97,0
2026-07-09 16:20:05,GRID-BMK-101,4.992,229.31,23.7,0.919,0
2026-07-09 17:20:05,GRID-BMK-101,4.242,225.13,20.56,0.917,0
2026-07-09 18:20:05,GRID-BMK-101,4.024,231.69,19.53,0.889,0
2026-07-09 19:20:05,GRID-BMK-101,3.149,229.58,14.76,0.929,0
2026-07-09 20:20:05,GRID-BMK-101,3.031,228.69,15.2,0.872,0
2026-07-09 21:20:05,GRID-BMK-101,2.606,229.74,11.73,0.967,0
2026-07-09 22:20:05,GRID-BMK-101,2.703,228.49,12.75,0.928,0
2026-07-09 23:20:05,GRID-BMK-101,2.244,231.7,10.77,0.899,0
2026-07-10 00:20:05,GRID-BMK-101,2.893,229.8,14.01,0.899,0
2026-07-10 01:20:05,GRID-BMK-101,3.639,232.99,16.75,0.932,0
2026-07-10 02:20:05,GRID-BMK-101,3.29,230.23,15.17,0.942,0
2026-07-10 03:20:05,GRID-BMK-101,3.58,232.04,16.68,0.925,0
2026-07-10 04:20:05,GRID-BMK-101,3.668,232.05,17.3,0.914,0
2026-07-10 05:20:05,GRID-BMK-101,2.639,230.85,12.11,0.944,0
2026-07-10 06:20:05,GRID-BMK-101,3.794,229.31,17.17,0.964,0
2026-07-10 07:20:05,GRID-BMK-101,4.59,226.95,23.2,0.872,0
2026-07-10 08:20:05,GRID-BMK-101,4.164,228.35,19.28,0.946,0
2026-07-10 09:20:05,GRID-BMK-101,4.94,230.01,22.76,0.944,0
2026-07-10 10:20:05,GRID-BMK-101,5.428,228.52,24.66,0.963,0
2026-07-10 11:20:05,GRID-BMK-101,5.403,228.52,25.25,0.936,0
2026-07-10 12:20:05,GRID-BMK-101,5.363,231.71,24.39,0.949,0
2026-07-10 13:20:05,GRID-BMK-101,5.311,226.65,25.39,0.923,0
2026-07-10 14:20:05,GRID-BMK-101,4.935,225.95,24.81,0.88,0
2026-07-10 15:20:05,GRID-BMK-101,4.947,233.02,23.97,0.886,0
2026-07-10 16:20:05,GRID-BMK-101,4.366,229.31,21.28,0.894,0
2026-07-10 17:20:05,GRID-BMK-101,3.92,230.04,18.27,0.933,0
2026-07-10 18:20:05,GRID-BMK-101,4.129,231.26,19.03,0.938,0
2026-07-10 19:20:05,GRID-BMK-101,3.078,231.08,14.96,0.89,0
2026-07-10 20:20:05,GRID-BMK-101,3.135,228.75,15.04,0.911,0
2026-07-10 21:20:05,GRID-BMK-101,2.635,235.23,12.29,0.912,0
2026-07-10 22:20:05,GRID-BMK-101,2.443,229.35,11.7,0.911,0
2026-07-10 23:20:05,GRID-BMK-101,1.711,231.8,8.06,0.916,0
2026-07-11 00:20:05,GRID-BMK-101,3.572,233.06,15.6,0.983,0
2026-07-11 01:20:05,GRID-BMK-101,4.268,223.01,20.09,0.953,0
2026-07-11 02:20:05,GRID-BMK-101,4.165,222.09,20.38,0.92,0
2026-07-11 03:20:05,GRID-BMK-101,3.983,236.66,18.14,0.928,0
2026-07-11 04:20:05,GRID-BMK-101,3.455,227.31,16.75,0.908,0
2026-07-11 05:20:05,GRID-BMK-101,3.615,226.15,17.45,0.916,0
2026-07-11 06:20:05,GRID-BMK-101,4.713,229.1,22.4,0.918,0
2026-07-11 07:20:05,GRID-BMK-101,5.192,227.71,23.25,0.981,0
2026-07-11 08:20:05,GRID-BMK-101,6.074,230.84,27.05,0.973,0
2026-07-11 09:20:05,GRID-BMK-101,6.307,231.02,31.84,0.857,0
2026-07-11 10:20:05,GRID-BMK-101,6.453,226.04,31.24,0.914,0
2026-07-11 11:20:05,GRID-BMK-101,6.703,233.07,31.45,0.914,0
2026-07-11 12:20:05,GRID-BMK-101,6.558,229.87,30.95,0.922,0
2026-07-11 13:20:05,GRID-BMK-101,6.637,232.82,30.49,0.935,0
2026-07-11 14:20:05,GRID-BMK-101,6.536,228.18,30.92,0.926,0
2026-07-11 15:20:05,GRID-BMK-101,6.071,234.04,29.22,0.888,0
2026-07-11 16:20:05,GRID-BMK-101,5.482,228.13,26.28,0.914,0
2026-07-11 17:20:05,GRID-BMK-101,0.066,229.15,0.3,0.959,1
2026-07-11 18:20:05,GRID-BMK-101,4.998,229.4,23.69,0.92,0
2026-07-11 19:20:05,GRID-BMK-101,4.187,234.54,18.56,0.962,0
2026-07-11 20:20:05,GRID-BMK-101,3.719,230.25,16.78,0.962,0
2026-07-11 21:20:05,GRID-BMK-101,3.509,234.58,16.65,0.898,0
2026-07-11 22:20:05,GRID-BMK-101,2.969,230.89,13.77,0.934,0
2026-07-11 23:20:05,GRID-BMK-101,2.758,234.33,12.47,0.944,0
2026-07-12 00:20:05,GRID-BMK-101,3.897,226.9,18.43,0.932,0
2026-07-12 01:20:05,GRID-BMK-101,3.43,232.8,16.35,0.901,0
2026-07-12 02:20:05,GRID-BMK-101,3.423,228.89,17.03,0.878,0
2026-07-12 03:20:05,GRID-BMK-101,3.291,230.09,15.44,0.927,0
2026-07-12 04:20:05,GRID-BMK-101,3.613,231.53,16.41,0.951,0
2026-07-12 05:20:05,GRID-BMK-101,4.119,226.7,19.69,0.923,0
2026-07-12 06:20:05,GRID-BMK-101,4.63,226.47,22.89,0.893,0
2026-07-12 07:20:05,GRID-BMK-101,4.844,232.1,23.87,0.874,0
2026-07-12 08:20:05,GRID-BMK-101,5.952,231.66,27.37,0.939,0
2026-07-12 09:20:05,GRID-BMK-101,5.835,234.3,27.48,0.906,0
2026-07-12 10:20:05,GRID-BMK-101,26.933,231.05,133.52,0.873,1
2026-07-12 11:20:05,GRID-BMK-101,6.977,229.12,33.61,0.906,0
2026-07-12 12:20:05,GRID-BMK-101,7.042,232.27,32.31,0.938,0
2026-07-12 13:20:05,GRID-BMK-101,6.701,228.49,30.66,0.956,0
2026-07-12 14:20:05,GRID-BMK-101,6.305,233.25,30.7,0.881,0
2026-07-12 15:20:05,GRID-BMK-101,6.657,231.89,30.15,0.952,0
2026-07-12 16:20:05,GRID-BMK-101,6.457,230.75,29.41,0.951,0
2026-07-12 17:20:05,GRID-BMK-101,5.845,228.52,29.09,0.879,0
2026-07-12 18:20:05,GRID-BMK-101,4.45,231.1,22.47,0.857,0
2026-07-12 19:20:05,GRID-BMK-101,4.493,231.65,20.62,0.941,0
2026-07-12 20:20:05,GRID-BMK-101,4.145,235.86,19.42,0.905,0
2026-07-12 21:20:05,GRID-BMK-101,3.323,229.52,15.74,0.92,0
2026-07-12 22:20:05,GRID-BMK-101,2.319,233.03,10.36,0.96,0
2026-07-12 23:20:05,GRID-BMK-101,2.709,226.93,13.5,0.884,0
2026-07-13 00:20:05,GRID-BMK-101,3.267,235.96,15.31,0.904,0
2026-07-13 01:20:05,GRID-BMK-101,3.311,233.99,14.97,0.945,0
2026-07-13 02:20:05,GRID-BMK-101,3.304,230.13,15.33,0.937,0
2026-07-13 03:20:05,GRID-BMK-101,2.824,229.06,14.16,0.87,0
2026-07-13 04:20:05,GRID-BMK-101,3.316,235.27,14.57,0.967,0
2026-07-13 05:20:05,GRID-BMK-101,2.912,229.55,13.38,0.948,0
2026-07-13 06:20:05,GRID-BMK-101,3.953,226.61,18.58,0.939,0
2026-07-13 07:20:05,GRID-BMK-101,4.29,230.64,20.83,0.893,0
2026-07-13 08:20:05,GRID-BMK-101,5.073,230.76,23.27,0.945,0
2026-07-13 09:20:05,GRID-BMK-101,5.505,229.64,26.21,0.915,0
2026-07-13 10:20:05,GRID-BMK-101,5.288,229.38,25.68,0.898,0
2026-07-13 11:20:05,GRID-BMK-101,5.415,227.89,27.37,0.868,0
2026-07-13 12:20:05,GRID-BMK-101,5.605,229.23,26.79,0.913,0
2026-07-13 13:20:05,GRID-BMK-101,5.103,228.61,24.76,0.902,0
2026-07-13 14:20:05,GRID-BMK-101,5.749,228.54,27.66,0.909,0
2026-07-13 15:20:05,GRID-BMK-101,5.558,226.58,27.0,0.909,0
2026-07-13 16:20:05,GRID-BMK-101,4.874,229.91,23.7,0.895,0
2026-07-13 17:20:05,GRID-BMK-101,4.746,230.85,22.18,0.927,0
2026-07-13 18:20:05,GRID-BMK-101,3.556,231.05,17.29,0.89,0
2026-07-13 19:20:05,GRID-BMK-101,3.155,229.93,15.89,0.863,0
2026-07-13 20:20:05,GRID-BMK-101,2.856,229.65,13.81,0.901,0
2026-07-13 21:20:05,GRID-BMK-101,2.764,234.92,12.34,0.954,0
2026-07-13 22:20:05,GRID-BMK-101,2.52,231.18,12.64,0.862,0
2026-07-13 23:20:05,GRID-BMK-101,1.781,228.5,8.02,0.971,0
2026-07-14 00:20:05,GRID-BMK-101,3.132,233.74,14.59,0.918,0
2026-07-14 01:20:05,GRID-BMK-101,3.073,233.16,14.57,0.904,0
2026-07-14 02:20:05,GRID-BMK-101,2.565,229.27,12.28,0.911,0
2026-07-14 03:20:05,GRID-BMK-101,3.233,226.23,15.71,0.909,0
2026-07-14 04:20:05,GRID-BMK-101,3.96,230.89,19.61,0.875,0
2026-07-14 05:20:05,GRID-BMK-101,2.887,231.21,14.17,0.881,0
2026-07-14 06:20:05,GRID-BMK-101,3.962,228.18,19.21,0.904,0
2026-07-14 07:20:05,GRID-BMK-101,4.455,229.43,21.06,0.922,0
2026-07-14 08:20:05,GRID-BMK-101,4.908,233.65,23.22,0.905,0
2026-07-14 09:20:05,GRID-BMK-101,5.182,227.47,24.44,0.932,0
2026-07-14 10:20:05,GRID-BMK-101,5.574,226.69,26.14,0.94,0
2026-07-14 11:20:05,GRID-BMK-101,5.505,231.62,25.59,0.929,0
2026-07-14 12:20:05,GRID-BMK-101,5.787,228.09,27.17,0.934,0
2026-07-14 13:20:05,GRID-BMK-101,5.399,229.21,24.93,0.945,0
2026-07-14 14:20:05,GRID-BMK-101,5.425,227.19,26.53,0.9,0
2026-07-14 15:20:05,GRID-BMK-101,5.126,232.67,22.77,0.968,0
2026-07-14 16:20:05,GRID-BMK-101,4.713,221.76,23.48,0.905,0
2026-07-14 17:20:05,GRID-BMK-101,4.692,228.9,22.72,0.902,0
2026-07-14 18:20:05,GRID-BMK-101,3.542,232.3,16.46,0.926,0
2026-07-14 19:20:05,GRID-BMK-101,3.213,230.01,15.16,0.922,0
2026-07-14 20:20:05,GRID-BMK-101,0.024,229.14,0.11,0.929,1
2026-07-14 21:20:05,GRID-BMK-101,2.677,227.32,13.15,0.896,0
2026-07-14 22:20:05,GRID-BMK-101,2.152,228.65,9.83,0.958,0
2026-07-14 23:20:05,GRID-BMK-101,2.233,228.66,10.36,0.943,0
2026-07-15 00:20:05,GRID-BMK-101,2.819,229.47,13.07,0.94,0
2026-07-15 01:20:05,GRID-BMK-101,17.48,230.41,84.39,0.899,1
2026-07-15 02:20:05,GRID-BMK-101,2.793,229.65,13.13,0.926,0
2026-07-15 03:20:05,GRID-BMK-101,2.803,233.44,12.91,0.93,0
2026-07-15 04:20:05,GRID-BMK-101,3.315,232.63,14.78,0.964,0
2026-07-15 05:20:05,GRID-BMK-101,2.828,226.16,13.64,0.917,0
2026-07-15 06:20:05,GRID-BMK-101,3.635,232.99,17.22,0.906,0
2026-07-15 07:20:05,GRID-BMK-101,4.2,226.54,20.9,0.887,0
2026-07-15 08:20:05,GRID-BMK-101,4.864,230.26,25.44,0.83,0
2026-07-15 09:20:05,GRID-BMK-101,5.77,228.88,26.68,0.945,0
2026-07-15 10:20:05,GRID-BMK-101,5.678,227.15,25.71,0.972,0
2026-07-15 11:20:05,GRID-BMK-101,5.532,231.78,26.91,0.887,0
2026-07-15 12:20:05,GRID-BMK-101,5.952,228.41,29.33,0.888,0
2026-07-15 13:20:05,GRID-BMK-101,5.682,235.14,26.32,0.918,0
2026-07-15 14:20:05,GRID-BMK-101,4.878,225.9,22.04,0.98,0
2026-07-15 15:20:05,GRID-BMK-101,5.184,226.97,25.05,0.912,0
2026-07-15 16:20:05,GRID-BMK-101,4.989,231.63,23.26,0.926,0
2026-07-15 17:20:05,GRID-BMK-101,4.913,232.43,23.14,0.913,0
2026-07-15 18:20:05,GRID-BMK-101,4.132,229.63,19.5,0.923,0
2026-07-15 19:20:05,GRID-BMK-101,3.1,229.71,14.6,0.924,0
2026-07-15 20:20:05,GRID-BMK-101,2.771,230.22,13.17,0.914,0
2026-07-15 21:20:05,GRID-BMK-101,2.078,231.75,9.77,0.918,0
2026-07-15 22:20:05,GRID-BMK-101,2.451,228.76,10.97,0.977,0
2026-07-15 23:20:05,GRID-BMK-101,1.711,231.96,8.54,0.864,0
2026-07-16 00:20:05,GRID-BMK-101,3.463,229.72,15.71,0.96,0
2026-07-16 01:20:05,GRID-BMK-101,3.501,228.44,17.26,0.888,0
2026-07-16 02:20:05,GRID-BMK-101,2.964,225.44,15.74,0.835,0
2026-07-16 03:20:05,GRID-BMK-101,2.988,226.1,14.14,0.935,0
2026-07-16 04:20:05,GRID-BMK-101,3.293,224.39,16.16,0.908,0
2026-07-16 05:20:05,GRID-BMK-101,3.255,235.87,15.01,0.919,0
2026-07-16 06:20:05,GRID-BMK-101,3.72,231.36,18.06,0.891,0
2026-07-16 07:20:05,GRID-BMK-101,4.857,231.5,22.91,0.916,0
2026-07-16 08:20:05,GRID-BMK-101,4.563,231.83,21.28,0.925,0
2026-07-16 09:20:05,GRID-BMK-101,5.082,228.11,26.08,0.854,0
2026-07-16 10:20:05,GRID-BMK-101,5.777,231.28,26.13,0.956,0
2026-07-16 11:20:05,GRID-BMK-101,5.474,229.13,26.9,0.888,0
2026-07-16 12:20:05,GRID-BMK-101,5.138,228.33,24.3,0.926,0
2026-07-16 13:20:05,GRID-BMK-101,5.5,228.95,27.18,0.884,0
2026-07-16 14:20:05,GRID-BMK-101,5.346,225.46,25.5,0.93,0
2026-07-16 15:20:05,GRID-BMK-101,5.253,229.23,23.84,0.961,0
2026-07-16 16:20:05,GRID-BMK-101,5.203,230.61,23.29,0.969,0
2026-07-16 17:20:05,GRID-BMK-101,4.828,228.49,23.19,0.911,0
2026-07-16 18:20:05,GRID-BMK-101,3.957,233.6,18.33,0.924,0
2026-07-16 19:20:05,GRID-BMK-101,3.628,229.36,16.84,0.94,0
2026-07-16 20:20:05,GRID-BMK-101,2.833,224.15,13.67,0.924,0
2026-07-16 21:20:05,GRID-BMK-101,2.534,229.74,11.43,0.965,0
2026-07-16 22:20:05,GRID-BMK-101,2.108,233.13,9.65,0.938,0
2026-07-16 23:20:05,GRID-BMK-101,2.54,228.58,12.05,0.922,0
2026-07-17 00:20:05,GRID-BMK-101,3.054,227.81,14.4,0.931,0
2026-07-17 01:20:05,GRID-BMK-101,3.288,226.54,16.15,0.899,0
2026-07-17 02:20:05,GRID-BMK-101,2.846,226.51,13.78,0.912,0
2026-07-17 03:20:05,GRID-BMK-101,16.953,228.57,82.89,0.895,1
2026-07-17 04:20:05,GRID-BMK-101,16.823,228.55,81.64,0.902,1
2026-07-17 05:20:05,GRID-BMK-101,13.039,228.48,63.26,0.902,1
2026-07-17 06:20:05,GRID-BMK-101,15.804,230.22,75.63,0.908,1
2026-07-17 07:20:05,GRID-BMK-101,4.369,228.49,20.56,0.93,0
2026-07-17 08:20:05,GRID-BMK-101,4.752,232.85,22.95,0.889,0
2026-07-17 09:20:05,GRID-BMK-101,5.075,232.34,24.24,0.901,0
2026-07-17 10:20:05,GRID-BMK-101,5.454,231.3,25.25,0.934,0
2026-07-17 11:20:05,GRID-BMK-101,5.804,228.35,29.54,0.86,0
2026-07-17 12:20:05,GRID-BMK-101,5.492,221.28,27.31,0.909,0
2026-07-17 13:20:05,GRID-BMK-101,5.815,222.89,28.13,0.928,0
2026-07-17 14:20:05,GRID-BMK-101,5.078,228.18,23.83,0.934,0
2026-07-17 15:20:05,GRID-BMK-101,4.905,225.96,22.36,0.971,0
2026-07-17 16:20:05,GRID-BMK-101,4.515,229.71,21.66,0.908,0
2026-07-17 17:20:05,GRID-BMK-101,4.498,226.59,21.22,0.936,0
2026-07-17 18:20:05,GRID-BMK-101,3.777,226.99,18.54,0.897,0
2026-07-17 19:20:05,GRID-BMK-101,3.637,226.56,17.16,0.935,0
2026-07-17 20:20:05,GRID-BMK-101,3.266,226.69,15.83,0.91,0
2026-07-17 21:20:05,GRID-BMK-101,3.022,226.57,14.68,0.909,0
2026-07-17 22:20:05,GRID-BMK-101,2.254,232.68,9.94,0.975,0
2026-07-17 23:20:05,GRID-BMK-101,2.052,224.52,10.38,0.881,0
2026-07-18 00:20:05,GRID-BMK-101,4.421,232.14,22.06,0.864,0
2026-07-18 01:20:05,GRID-BMK-101,14.749,231.63,66.05,0.964,1
2026-07-18 02:20:05,GRID-BMK-101,3.892,227.14,19.04,0.9,0
2026-07-18 03:20:05,GRID-BMK-101,3.997,228.81,19.27,0.906,0
2026-07-18 04:20:05,GRID-BMK-101,4.108,235.0,18.1,0.966,0
2026-07-18 05:20:05,GRID-BMK-101,3.166,235.48,14.19,0.948,0
2026-07-18 06:20:05,GRID-BMK-101,4.374,226.85,20.45,0.943,0
2026-07-18 07:20:05,GRID-BMK-101,4.918,232.13,22.25,0.952,0
2026-07-18 08:20:05,GRID-BMK-101,5.847,227.46,26.85,0.957,0
2026-07-18 09:20:05,GRID-BMK-101,6.102,231.6,28.93,0.91,0
2026-07-18 10:20:05,GRID-BMK-101,6.512,226.79,29.38,0.977,0
2026-07-18 11:20:05,GRID-BMK-101,6.539,227.39,31.04,0.927,0
2026-07-18 12:20:05,GRID-BMK-101,6.837,230.55,31.28,0.948,0
2026-07-18 13:20:05,GRID-BMK-101,6.458,230.0,30.32,0.926,0
2026-07-18 14:20:05,GRID-BMK-101,6.233,229.48,28.8,0.943,0
2026-07-18 15:20:05,GRID-BMK-101,5.818,233.11,25.54,0.977,0
2026-07-18 16:20:05,GRID-BMK-101,5.818,231.92,26.36,0.952,0
2026-07-18 17:20:05,GRID-BMK-101,5.167,230.76,23.83,0.94,0
2026-07-18 18:20:05,GRID-BMK-101,4.24,229.29,20.07,0.921,0
2026-07-18 19:20:05,GRID-BMK-101,4.51,226.26,23.15,0.861,0
2026-07-18 20:20:05,GRID-BMK-101,3.825,230.69,17.65,0.939,0
2026-07-18 21:20:05,GRID-BMK-101,15.482,228.03,74.72,0.909,1
2026-07-18 22:20:05,GRID-BMK-101,2.878,233.51,13.34,0.924,0
2026-07-18 23:20:05,GRID-BMK-101,2.782,238.3,12.65,0.923,0
2026-07-19 00:20:05,GRID-BMK-101,3.482,225.32,16.01,0.965,0
2026-07-19 01:20:05,GRID-BMK-101,3.684,228.14,17.57,0.919,0
2026-07-19 02:20:05,GRID-BMK-101,3.884,233.83,17.86,0.93,0
2026-07-19 03:20:05,GRID-BMK-101,3.491,225.1,16.22,0.956,0
2026-07-19 04:20:05,GRID-BMK-101,4.197,231.02,20.37,0.892,0
2026-07-19 05:20:05,GRID-BMK-101,4.409,232.11,19.97,0.951,0
2026-07-19 06:20:05,GRID-BMK-101,4.945,235.28,22.84,0.92,0
2026-07-19 07:20:05,GRID-BMK-101,5.043,224.79,23.58,0.951,0
2026-07-19 08:20:05,GRID-BMK-101,5.855,229.84,28.61,0.891,0
2026-07-19 09:20:05,GRID-BMK-101,5.87,230.26,26.68,0.955,0
2026-07-19 10:20:05,GRID-BMK-101,7.34,233.31,33.68,0.934,0
2026-07-19 11:20:05,GRID-BMK-101,7.445,229.94,36.18,0.895,0
2026-07-19 12:20:05,GRID-BMK-101,6.421,234.77,29.18,0.937,0
2026-07-19 13:20:05,GRID-BMK-101,6.549,236.49,29.52,0.938,0
2026-07-19 14:20:05,GRID-BMK-101,0.006,232.12,0.03,0.913,1
2026-07-19 15:20:05,GRID-BMK-101,6.453,233.03,28.94,0.957,0
2026-07-19 16:20:05,GRID-BMK-101,5.307,229.15,23.93,0.968,0
2026-07-19 17:20:05,GRID-BMK-101,5.287,227.06,25.38,0.917,0
2026-07-19 18:20:05,GRID-BMK-101,4.771,230.24,24.21,0.856,0
2026-07-19 19:20:05,GRID-BMK-101,3.347,227.94,16.46,0.892,0
2026-07-19 20:20:05,GRID-BMK-101,3.483,224.62,17.64,0.879,0
2026-07-19 21:20:05,GRID-BMK-101,3.84,227.66,18.23,0.925,0
2026-07-19 22:20:05,GRID-BMK-101,2.963,229.77,14.58,0.884,0
2026-07-19 23:20:05,GRID-BMK-101,1.916,234.47,9.13,0.895,0
2026-07-20 00:20:05,GRID-BMK-101,3.046,231.52,14.65,0.898,0
2026-07-20 01:20:05,GRID-BMK-101,3.179,227.96,14.68,0.95,0
2026-07-20 02:20:05,GRID-BMK-101,3.231,233.32,15.33,0.903,0
2026-07-20 03:20:05,GRID-BMK-101,3.192,227.62,15.34,0.914,0
2026-07-20 04:20:05,GRID-BMK-101,3.396,229.78,16.1,0.918,0
2026-07-20 05:20:05,GRID-BMK-101,2.928,230.52,13.28,0.956,0
2026-07-20 06:20:05,GRID-BMK-101,3.97,236.81,18.46,0.908,0
2026-07-20 07:20:05,GRID-BMK-101,4.128,232.7,18.94,0.937,0
2026-07-20 08:20:05,GRID-BMK-101,4.53,231.31,23.21,0.844,0
2026-07-20 09:20:05,GRID-BMK-101,5.203,231.42,23.39,0.961,0
2026-07-20 10:20:05,GRID-BMK-101,5.408,227.98,26.13,0.908,0
2026-07-20 11:20:05,GRID-BMK-101,5.234,234.59,24.15,0.924,0
2026-07-20 12:20:05,GRID-BMK-101,5.498,226.12,26.89,0.904,0
2026-07-20 13:20:05,GRID-BMK-101,5.711,233.63,25.62,0.954,0
2026-07-20 14:20:05,GRID-BMK-101,5.266,231.33,23.88,0.953,0
2026-07-20 15:20:05,GRID-BMK-101,4.691,235.24,21.64,0.922,0
2026-07-20 16:20:05,GRID-BMK-101,4.948,231.72,24.22,0.882,0
2026-07-20 17:20:05,GRID-BMK-101,4.761,231.66,23.52,0.874,0
2026-07-20 18:20:05,GRID-BMK-101,3.914,229.67,19.02,0.896,0
2026-07-20 19:20:05,GRID-BMK-101,3.254,228.36,15.76,0.904,0
2026-07-20 20:20:05,GRID-BMK-101,2.934,221.21,13.51,0.982,0
2026-07-20 21:20:05,GRID-BMK-101,2.542,230.57,12.28,0.898,0
2026-07-20 22:20:05,GRID-BMK-101,2.319,235.09,10.1,0.977,0
2026-07-20 23:20:05,GRID-BMK-101,2.3,230.21,10.16,0.983,0
2026-07-21 00:20:05,GRID-BMK-101,3.333,228.64,15.96,0.913,0
2026-07-21 01:20:05,GRID-BMK-101,2.663,230.36,12.44,0.93,0
2026-07-21 02:20:05,GRID-BMK-101,3.194,232.93,16.0,0.857,0
2026-07-21 03:20:05,GRID-BMK-101,0.018,235.31,0.09,0.841,1
2026-07-21 04:20:05,GRID-BMK-101,3.058,234.59,13.87,0.94,0
2026-07-21 05:20:05,GRID-BMK-101,2.736,228.3,12.77,0.939,0
2026-07-21 06:20:05,GRID-BMK-101,4.187,232.45,19.61,0.919,0
2026-07-21 07:20:05,GRID-BMK-101,4.071,226.06,19.26,0.935,0
2026-07-21 08:20:05,GRID-BMK-101,4.67,228.49,23.26,0.879,0
2026-07-21 09:20:05,GRID-BMK-101,4.968,233.23,23.58,0.903,0
2026-07-21 10:20:05,GRID-BMK-101,5.913,231.3,27.36,0.934,0
2026-07-21 11:20:05,GRID-BMK-101,5.661,228.9,27.1,0.912,0
2026-07-21 12:20:05,GRID-BMK-101,5.354,231.51,27.36,0.845,0
2026-07-21 13:20:05,GRID-BMK-101,5.733,227.51,28.31,0.89,0
2026-07-21 14:20:05,GRID-BMK-101,5.348,228.25,26.48,0.885,0
2026-07-21 15:20:05,GRID-BMK-101,4.359,228.44,20.0,0.954,0
2026-07-21 16:20:05,GRID-BMK-101,4.255,229.69,20.98,0.883,0
2026-07-21 17:20:05,GRID-BMK-101,3.921,231.02,17.75,0.956,0
2026-07-21 18:20:05,GRID-BMK-101,3.687,232.64,17.86,0.888,0
2026-07-21 19:20:05,GRID-BMK-101,3.606,232.48,17.0,0.912,0
2026-07-21 20:20:05,GRID-BMK-101,3.707,228.41,18.59,0.873,0
2026-07-21 21:20:05,GRID-BMK-101,2.048,230.36,9.66,0.92,0
2026-07-21 22:20:05,GRID-BMK-101,2.247,231.92,10.49,0.924,0
2026-07-21 23:20:05,GRID-BMK-101,1.869,229.81,8.6,0.946,0
2026-07-22 00:20:05,GRID-BMK-101,3.791,232.88,17.66,0.922,0
2026-07-22 01:20:05,GRID-BMK-101,3.435,230.55,15.56,0.958,0
2026-07-22 02:20:05,GRID-BMK-101,3.272,230.96,15.3,0.926,0
2026-07-22 03:20:05,GRID-BMK-101,2.983,227.63,14.54,0.901,0
2026-07-22 04:20:05,GRID-BMK-101,2.93,236.37,12.91,0.96,0
2026-07-22 05:20:05,GRID-BMK-101,2.937,230.6,14.55,0.875,0
2026-07-22 06:20:05,GRID-BMK-101,18.881,233.72,88.96,0.908,1
2026-07-22 07:20:05,GRID-BMK-101,4.308,233.0,18.92,0.977,0
2026-07-22 08:20:05,GRID-BMK-101,5.001,227.08,23.18,0.95,0
2026-07-22 09:20:05,GRID-BMK-101,5.064,231.35,24.17,0.906,0
2026-07-22 10:20:05,GRID-BMK-101,5.324,236.15,24.5,0.92,0
2026-07-22 11:20:05,GRID-BMK-101,5.851,232.36,28.11,0.896,0
2026-07-22 12:20:05,GRID-BMK-101,5.167,230.1,24.32,0.923,0
2026-07-22 13:20:05,GRID-BMK-101,5.915,227.9,27.53,0.943,0
2026-07-22 14:20:05,GRID-BMK-101,5.75,227.04,27.78,0.911,0
2026-07-22 15:20:05,GRID-BMK-101,5.307,234.87,24.54,0.921,0
2026-07-22 16:20:05,GRID-BMK-101,4.336,235.69,20.64,0.892,0
2026-07-22 17:20:05,GRID-BMK-101,4.19,225.75,20.74,0.895,0
2026-07-22 18:20:05,GRID-BMK-101,3.683,229.29,17.05,0.942,0
2026-07-22 19:20:05,GRID-BMK-101,2.956,226.53,14.2,0.919,0
2026-07-22 20:20:05,GRID-BMK-101,2.756,227.57,13.66,0.887,0
2026-07-22 21:20:05,GRID-BMK-101,2.489,232.15,11.87,0.903,0
2026-07-22 22:20:05,GRID-BMK-101,2.443,230.45,11.39,0.931,0
2026-07-22 23:20:05,GRID-BMK-101,2.802,230.03,13.71,0.889,0
2026-07-23 00:20:05,GRID-BMK-101,3.163,231.12,14.73,0.929,0
2026-07-23 01:20:05,GRID-BMK-101,3.116,231.02,14.11,0.956,0
2026-07-23 02:20:05,GRID-BMK-101,3.387,229.57,15.86,0.93,0
2026-07-23 03:20:05,GRID-BMK-101,3.275,227.83,15.21,0.945,0
2026-07-23 04:20:05,GRID-BMK-101,3.5,229.81,16.51,0.922,0
2026-07-23 05:20:05,GRID-BMK-101,3.093,235.42,14.45,0.909,0
2026-07-23 06:20:05,GRID-BMK-101,4.19,230.54,18.99,0.957,0
2026-07-23 07:20:05,GRID-BMK-101,4.368,235.42,20.75,0.894,0
2026-07-23 08:20:05,GRID-BMK-101,5.463,231.6,24.96,0.945,0
2026-07-23 09:20:05,GRID-BMK-101,5.289,232.81,25.51,0.891,0
2026-07-23 10:20:05,GRID-BMK-101,5.855,228.28,27.58,0.93,0
2026-07-23 11:20:05,GRID-BMK-101,5.635,230.56,27.82,0.878,0
2026-07-23 12:20:05,GRID-BMK-101,5.913,229.58,27.72,0.929,0
2026-07-23 13:20:05,GRID-BMK-101,5.306,229.09,25.16,0.921,0
2026-07-23 14:20:05,GRID-BMK-101,5.354,225.69,26.94,0.881,0
2026-07-23 15:20:05,GRID-BMK-101,4.331,232.83,20.21,0.92,0
2026-07-23 16:20:05,GRID-BMK-101,5.089,229.46,24.19,0.917,0
2026-07-23 17:20:05,GRID-BMK-101,3.874,235.24,17.12,0.962,0
2026-07-23 18:20:05,GRID-BMK-101,3.76,231.49,17.06,0.952,0
2026-07-23 19:20:05,GRID-BMK-101,2.912,229.14,13.78,0.923,0
2026-07-23 20:20:05,GRID-BMK-101,3.47,232.38,16.3,0.916,0
2026-07-23 21:20:05,GRID-BMK-101,2.179,228.77,10.19,0.934,0
2026-07-23 22:20:05,GRID-BMK-101,2.52,230.97,11.79,0.925,0
2026-07-23 23:20:05,GRID-BMK-101,2.146,226.87,10.71,0.883,0
2026-07-24 00:20:05,GRID-BMK-101,10.737,228.24,50.59,0.93,1
2026-07-24 01:20:05,GRID-BMK-101,3.123,228.64,15.13,0.903,0
2026-07-24 02:20:05,GRID-BMK-101,3.483,230.31,15.41,0.981,0
2026-07-24 03:20:05,GRID-BMK-101,3.091,234.51,14.33,0.92,0
2026-07-24 04:20:05,GRID-BMK-101,3.243,227.56,15.09,0.945,0
2026-07-24 05:20:05,GRID-BMK-101,3.241,228.31,16.18,0.877,0
2026-07-24 06:20:05,GRID-BMK-101,0.024,233.01,0.11,0.905,1
2026-07-24 07:20:05,GRID-BMK-101,4.411,226.02,21.68,0.9,0
2026-07-24 08:20:05,GRID-BMK-101,4.275,223.77,20.82,0.917,0
2026-07-24 09:20:05,GRID-BMK-101,4.83,226.82,23.86,0.892,0
2026-07-24 10:20:05,GRID-BMK-101,5.286,230.95,25.62,0.893,0
2026-07-24 11:20:05,GRID-BMK-101,5.759,228.6,28.12,0.896,0
2026-07-24 12:20:05,GRID-BMK-101,5.7,231.76,27.1,0.908,0
2026-07-24 13:20:05,GRID-BMK-101,6.084,230.21,29.34,0.901,0
2026-07-24 14:20:05,GRID-BMK-101,5.166,225.83,26.23,0.872,0
2026-07-24 15:20:05,GRID-BMK-101,5.294,227.4,25.73,0.905,0
2026-07-24 16:20:05,GRID-BMK-101,4.505,231.96,20.57,0.944,0
2026-07-24 17:20:05,GRID-BMK-101,4.389,226.41,21.23,0.913,0
2026-07-24 18:20:05,GRID-BMK-101,3.652,228.85,17.42,0.916,0
2026-07-24 19:20:05,GRID-BMK-101,3.576,229.6,16.71,0.932,0
2026-07-24 20:20:05,GRID-BMK-101,2.81,229.87,13.21,0.925,0
2026-07-24 21:20:05,GRID-BMK-101,2.961,225.57,14.45,0.909,0
2026-07-24 22:20:05,GRID-BMK-101,2.216,233.55,10.16,0.934,0
2026-07-24 23:20:05,GRID-BMK-101,1.761,226.68,8.85,0.878,0
2026-07-25 00:20:05,GRID-BMK-101,4.261,233.71,19.57,0.931,0
2026-07-25 01:20:05,GRID-BMK-101,3.685,228.99,17.95,0.897,0
2026-07-25 02:20:05,GRID-BMK-101,3.416,234.83,15.4,0.945,0
2026-07-25 03:20:05,GRID-BMK-101,3.61,231.6,16.2,0.962,0
2026-07-25 04:20:05,GRID-BMK-101,15.426,233.89,74.38,0.887,1
2026-07-25 05:20:05,GRID-BMK-101,3.837,228.27,18.64,0.902,0
2026-07-25 06:20:05,GRID-BMK-101,4.151,228.64,20.26,0.896,0
2026-07-25 07:20:05,GRID-BMK-101,4.826,229.86,22.48,0.934,0
2026-07-25 08:20:05,GRID-BMK-101,5.653,230.96,25.24,0.97,0
2026-07-25 09:20:05,GRID-BMK-101,6.733,237.24,31.33,0.906,0
2026-07-25 10:20:05,GRID-BMK-101,6.366,226.71,32.06,0.876,0
2026-07-25 11:20:05,GRID-BMK-101,6.873,229.59,31.9,0.939,0
2026-07-25 12:20:05,GRID-BMK-101,7.353,225.4,35.69,0.914,0
2026-07-25 13:20:05,GRID-BMK-101,6.684,232.36,30.97,0.929,0
2026-07-25 14:20:05,GRID-BMK-101,6.483,223.41,31.71,0.915,0
2026-07-25 15:20:05,GRID-BMK-101,6.722,231.19,32.17,0.904,0
2026-07-25 16:20:05,GRID-BMK-101,6.114,228.82,28.12,0.95,0
2026-07-25 17:20:05,GRID-BMK-101,5.266,231.71,24.09,0.944,0
2026-07-25 18:20:05,GRID-BMK-101,4.873,228.33,23.3,0.916,0
2026-07-25 19:20:05,GRID-BMK-101,3.891,235.82,18.38,0.898,0
2026-07-25 20:20:05,GRID-BMK-101,4.034,231.76,19.39,0.898,0
2026-07-25 21:20:05,GRID-BMK-101,2.887,227.21,13.86,0.917,0
2026-07-25 22:20:05,GRID-BMK-101,3.378,229.74,15.7,0.936,0
2026-07-25 23:20:05,GRID-BMK-101,2.585,232.85,12.48,0.89,0
2026-07-26 00:20:05,GRID-BMK-101,0.098,229.21,0.47,0.91,1
2026-07-26 01:20:05,GRID-BMK-101,4.056,226.44,19.36,0.925,0
2026-07-26 02:20:05,GRID-BMK-101,4.223,232.01,18.84,0.966,0
2026-07-26 03:20:05,GRID-BMK-101,3.116,232.59,14.84,0.903,0
2026-07-26 04:20:05,GRID-BMK-101,3.856,228.95,18.78,0.897,0
2026-07-26 05:20:05,GRID-BMK-101,3.193,234.52,14.26,0.955,0
2026-07-26 06:20:05,GRID-BMK-101,4.618,231.61,21.37,0.933,0
2026-07-26 07:20:05,GRID-BMK-101,4.774,229.25,22.4,0.929,0
2026-07-26 08:20:05,GRID-BMK-101,6.391,228.26,31.05,0.902,0
2026-07-26 09:20:05,GRID-BMK-101,6.404,224.37,30.61,0.932,0
2026-07-26 10:20:05,GRID-BMK-101,6.837,230.15,31.5,0.943,0
2026-07-26 11:20:05,GRID-BMK-101,6.604,227.89,29.27,0.99,0
2026-07-26 12:20:05,GRID-BMK-101,7.26,228.81,35.78,0.887,0
2026-07-26 13:20:05,GRID-BMK-101,6.764,230.37,33.3,0.882,0
2026-07-26 14:20:05,GRID-BMK-101,6.657,234.09,29.34,0.969,0
2026-07-26 15:20:05,GRID-BMK-101,5.436,231.07,26.81,0.878,0
2026-07-26 16:20:05,GRID-BMK-101,5.762,235.77,27.25,0.897,0
2026-07-26 17:20:05,GRID-BMK-101,5.368,224.89,25.49,0.937,0
2026-07-26 18:20:05,GRID-BMK-101,4.579,223.8,22.22,0.921,0
2026-07-26 19:20:05,GRID-BMK-101,20.322,228.36,94.88,0.938,1
2026-07-26 20:20:05,GRID-BMK-101,3.486,227.41,16.68,0.919,0
2026-07-26 21:20:05,GRID-BMK-101,3.983,231.13,18.79,0.917,0
2026-07-26 22:20:05,GRID-BMK-101,2.204,228.54,10.27,0.939,0
2026-07-26 23:20:05,GRID-BMK-101,3.13,230.09,14.73,0.924,0
2026-07-27 00:20:05,GRID-BMK-101,2.952,229.76,14.24,0.903,0
2026-07-27 01:20:05,GRID-BMK-101,2.998,225.26,14.5,0.918,0
2026-07-27 02:20:05,GRID-BMK-101,2.989,224.44,14.11,0.944,0
2026-07-27 03:20:05,GRID-BMK-101,3.072,227.55,14.57,0.927,0
2026-07-27 04:20:05,GRID-BMK-101,3.057,234.8,13.79,0.944,0
2026-07-27 05:20:05,GRID-BMK-101,2.936,236.45,12.82,0.969,0
2026-07-27 06:20:05,GRID-BMK-101,3.841,231.55,18.16,0.913,0
2026-07-27 07:20:05,GRID-BMK-101,4.603,229.91,21.12,0.948,0
2026-07-27 08:20:05,GRID-BMK-101,5.436,232.8,25.73,0.908,0
2026-07-27 09:20:05,GRID-BMK-101,4.865,230.1,22.0,0.961,0
2026-07-27 10:20:05,GRID-BMK-101,4.944,231.38,23.08,0.926,0
2026-07-27 11:20:05,GRID-BMK-101,5.679,226.97,27.65,0.905,0
2026-07-27 12:20:05,GRID-BMK-101,6.103,232.25,28.3,0.928,0
2026-07-27 13:20:05,GRID-BMK-101,5.494,227.7,25.59,0.943,0
2026-07-27 14:20:05,GRID-BMK-101,5.772,231.72,27.71,0.899,0
2026-07-27 15:20:05,GRID-BMK-101,5.316,226.03,25.64,0.917,0
2026-07-27 16:20:05,GRID-BMK-101,4.701,228.83,22.55,0.911,0
2026-07-27 17:20:05,GRID-BMK-101,0.082,234.41,0.38,0.909,1
2026-07-27 18:20:05,GRID-BMK-101,3.889,232.58,18.13,0.922,0
2026-07-27 19:20:05,GRID-BMK-101,3.355,230.49,15.73,0.925,0
2026-07-27 20:20:05,GRID-BMK-101,3.1,229.66,14.57,0.927,0
2026-07-27 21:20:05,GRID-BMK-101,2.907,232.31,13.32,0.939,0
2026-07-27 22:20:05,GRID-BMK-101,2.559,225.5,12.66,0.897,0
2026-07-27 23:20:05,GRID-BMK-101,2.5,228.52,11.49,0.952,0
2026-07-28 00:20:05,GRID-BMK-101,3.098,233.44,14.8,0.897,0
2026-07-28 01:20:05,GRID-BMK-101,2.829,236.35,13.38,0.895,0
2026-07-28 02:20:05,GRID-BMK-101,3.38,229.27,17.07,0.863,0
2026-07-28 03:20:05,GRID-BMK-101,2.807,224.96,13.51,0.924,0
2026-07-28 04:20:05,GRID-BMK-101,2.964,230.92,14.47,0.887,0
2026-07-28 05:20:05,GRID-BMK-101,17.669,227.96,83.88,0.924,1
2026-07-28 06:20:05,GRID-BMK-101,3.088,229.67,14.8,0.908,0
2026-07-28 07:20:05,GRID-BMK-101,4.36,221.86,21.19,0.928,0
2026-07-28 08:20:05,GRID-BMK-101,4.92,231.14,22.9,0.929,0
2026-07-28 09:20:05,GRID-BMK-101,4.44,228.46,21.67,0.897,0
2026-07-28 10:20:05,GRID-BMK-101,5.423,232.97,25.48,0.913,0
2026-07-28 11:20:05,GRID-BMK-101,5.68,233.79,28.12,0.864,0
2026-07-28 12:20:05,GRID-BMK-101,5.708,228.7,26.45,0.944,0
2026-07-28 13:20:05,GRID-BMK-101,5.495,227.84,26.35,0.915,0
2026-07-28 14:20:05,GRID-BMK-101,5.886,228.55,28.9,0.891,0
2026-07-28 15:20:05,GRID-BMK-101,4.749,229.82,22.53,0.917,0
2026-07-28 16:20:05,GRID-BMK-101,5.067,230.84,24.26,0.905,0
2026-07-28 17:20:05,GRID-BMK-101,15.179,226.68,76.03,0.881,1
2026-07-28 18:20:05,GRID-BMK-101,4.455,231.19,20.77,0.928,0
2026-07-28 19:20:05,GRID-BMK-101,2.896,237.91,12.86,0.947,0
2026-07-28 20:20:05,GRID-BMK-101,2.898,233.29,14.23,0.873,0
2026-07-28 21:20:05,GRID-BMK-101,2.605,231.68,12.96,0.868,0
2026-07-28 22:20:05,GRID-BMK-101,2.204,230.73,10.77,0.887,0
2026-07-28 23:20:05,GRID-BMK-101,1.933,225.29,9.57,0.896,0
2026-07-29 00:20:05,GRID-BMK-101,3.199,231.48,16.56,0.834,0
2026-07-29 01:20:05,GRID-BMK-101,2.98,229.23,14.21,0.915,0
2026-06-14 01:20:05,GRID-BMK-102,4.582,229.04,21.73,0.921,0
2026-06-14 02:20:05,GRID-BMK-102,5.096,228.55,23.98,0.93,0
2026-06-14 03:20:05,GRID-BMK-102,3.778,226.47,18.33,0.91,0
2026-06-14 04:20:05,GRID-BMK-102,4.426,233.54,21.56,0.879,0
2026-06-14 05:20:05,GRID-BMK-102,4.615,230.45,20.48,0.978,0
2026-06-14 06:20:05,GRID-BMK-102,4.726,234.07,22.39,0.902,0
2026-06-14 07:20:05,GRID-BMK-102,6.032,227.45,30.74,0.863,0
2026-06-14 08:20:05,GRID-BMK-102,6.895,229.77,34.7,0.865,0
2026-06-14 09:20:05,GRID-BMK-102,7.14,227.72,34.9,0.898,0
2026-06-14 10:20:05,GRID-BMK-102,7.221,236.59,32.65,0.935,0
2026-06-14 11:20:05,GRID-BMK-102,7.357,233.17,34.08,0.926,0
2026-06-14 12:20:05,GRID-BMK-102,7.151,234.27,33.28,0.917,0
2026-06-14 13:20:05,GRID-BMK-102,7.058,228.86,32.94,0.936,0
2026-06-14 14:20:05,GRID-BMK-102,7.436,229.12,35.34,0.918,0
2026-06-14 15:20:05,GRID-BMK-102,6.997,235.85,31.96,0.928,0
2026-06-14 16:20:05,GRID-BMK-102,6.324,228.43,31.49,0.879,0
2026-06-14 17:20:05,GRID-BMK-102,5.462,226.98,26.67,0.902,0
2026-06-14 18:20:05,GRID-BMK-102,5.267,231.09,23.19,0.983,0
2026-06-14 19:20:05,GRID-BMK-102,4.188,232.34,20.33,0.887,0
2026-06-14 20:20:05,GRID-BMK-102,3.931,230.61,18.81,0.906,0
2026-06-14 21:20:05,GRID-BMK-102,3.831,227.53,17.9,0.94,0
2026-06-14 22:20:05,GRID-BMK-102,2.887,229.37,13.16,0.956,0
2026-06-14 23:20:05,GRID-BMK-102,2.655,228.85,12.9,0.9,0
2026-06-15 00:20:05,GRID-BMK-102,3.563,225.9,17.7,0.891,0
2026-06-15 01:20:05,GRID-BMK-102,3.901,230.88,18.4,0.918,0
2026-06-15 02:20:05,GRID-BMK-102,3.501,232.2,16.49,0.914,0
2026-06-15 03:20:05,GRID-BMK-102,3.55,234.6,16.43,0.921,0
2026-06-15 04:20:05,GRID-BMK-102,3.567,233.02,17.27,0.886,0
2026-06-15 05:20:05,GRID-BMK-102,4.028,224.84,20.07,0.893,0
2026-06-15 06:20:05,GRID-BMK-102,4.181,233.11,19.88,0.902,0
2026-06-15 07:20:05,GRID-BMK-102,5.146,232.8,23.2,0.953,0
2026-06-15 08:20:05,GRID-BMK-102,5.514,226.54,25.82,0.943,0
2026-06-15 09:20:05,GRID-BMK-102,5.742,231.27,25.68,0.967,0
2026-06-15 10:20:05,GRID-BMK-102,5.349,229.05,24.63,0.948,0
2026-06-15 11:20:05,GRID-BMK-102,6.206,230.97,27.19,0.988,0
2026-06-15 12:20:05,GRID-BMK-102,6.195,225.25,30.84,0.892,0
2026-06-15 13:20:05,GRID-BMK-102,5.98,226.54,29.51,0.895,0
2026-06-15 14:20:05,GRID-BMK-102,6.09,232.15,28.3,0.927,0
2026-06-15 15:20:05,GRID-BMK-102,5.585,228.77,26.29,0.929,0
2026-06-15 16:20:05,GRID-BMK-102,5.393,233.59,25.59,0.902,0
2026-06-15 17:20:05,GRID-BMK-102,5.505,230.29,26.26,0.91,0
2026-06-15 18:20:05,GRID-BMK-102,3.887,228.36,19.18,0.887,0
2026-06-15 19:20:05,GRID-BMK-102,3.984,228.5,18.69,0.933,0
2026-06-15 20:20:05,GRID-BMK-102,2.798,236.13,12.76,0.929,0
2026-06-15 21:20:05,GRID-BMK-102,2.904,231.28,13.17,0.953,0
2026-06-15 22:20:05,GRID-BMK-102,2.669,228.79,12.97,0.899,0
2026-06-15 23:20:05,GRID-BMK-102,2.241,233.37,10.31,0.931,0
2026-06-16 00:20:05,GRID-BMK-102,3.787,228.4,17.54,0.945,0
2026-06-16 01:20:05,GRID-BMK-102,16.25,230.96,76.89,0.915,1
2026-06-16 02:20:05,GRID-BMK-102,3.836,233.22,18.41,0.894,0
2026-06-16 03:20:05,GRID-BMK-102,3.794,228.38,18.1,0.918,0
2026-06-16 04:20:05,GRID-BMK-102,3.852,232.63,18.4,0.9,0
2026-06-16 05:20:05,GRID-BMK-102,3.671,232.33,17.21,0.918,0
2026-06-16 06:20:05,GRID-BMK-102,4.488,224.15,22.02,0.909,0
2026-06-16 07:20:05,GRID-BMK-102,4.21,233.37,18.83,0.958,0
2026-06-16 08:20:05,GRID-BMK-102,26.403,226.6,125.22,0.931,1
2026-06-16 09:20:05,GRID-BMK-102,5.429,229.62,24.91,0.949,0
2026-06-16 10:20:05,GRID-BMK-102,6.036,228.32,29.27,0.903,0
2026-06-16 11:20:05,GRID-BMK-102,6.357,230.93,31.55,0.873,0
2026-06-16 12:20:05,GRID-BMK-102,6.375,232.04,31.88,0.862,0
2026-06-16 13:20:05,GRID-BMK-102,5.92,230.6,28.2,0.91,0
2026-06-16 14:20:05,GRID-BMK-102,0.057,228.51,0.26,0.954,1
2026-06-16 15:20:05,GRID-BMK-102,5.771,228.38,26.61,0.95,0
2026-06-16 16:20:05,GRID-BMK-102,4.844,231.99,21.85,0.956,0
2026-06-16 17:20:05,GRID-BMK-102,5.43,226.83,25.5,0.939,0
2026-06-16 18:20:05,GRID-BMK-102,4.665,231.25,21.85,0.923,0
2026-06-16 19:20:05,GRID-BMK-102,4.06,235.6,18.0,0.957,0
2026-06-16 20:20:05,GRID-BMK-102,3.763,231.54,17.94,0.906,0
2026-06-16 21:20:05,GRID-BMK-102,12.893,230.6,60.94,0.918,1
2026-06-16 22:20:05,GRID-BMK-102,2.597,231.66,12.2,0.919,0
2026-06-16 23:20:05,GRID-BMK-102,2.193,228.62,10.55,0.909,0
2026-06-17 00:20:05,GRID-BMK-102,3.954,230.0,18.45,0.932,0
2026-06-17 01:20:05,GRID-BMK-102,3.402,231.42,16.45,0.894,0
2026-06-17 02:20:05,GRID-BMK-102,3.448,233.23,17.29,0.855,0
2026-06-17 03:20:05,GRID-BMK-102,3.331,226.91,16.52,0.889,0
2026-06-17 04:20:05,GRID-BMK-102,3.215,231.24,15.22,0.914,0
2026-06-17 05:20:05,GRID-BMK-102,3.803,230.88,18.35,0.898,0
2026-06-17 06:20:05,GRID-BMK-102,4.607,229.79,22.67,0.884,0
2026-06-17 07:20:05,GRID-BMK-102,5.193,228.28,24.95,0.912,0
2026-06-17 08:20:05,GRID-BMK-102,5.256,227.26,25.49,0.907,0
2026-06-17 09:20:05,GRID-BMK-102,5.786,226.57,27.27,0.936,0
2026-06-17 10:20:05,GRID-BMK-102,5.822,233.22,26.7,0.935,0
2026-06-17 11:20:05,GRID-BMK-102,6.771,233.1,30.13,0.964,0
2026-06-17 12:20:05,GRID-BMK-102,6.194,228.35,29.32,0.925,0
2026-06-17 13:20:05,GRID-BMK-102,6.432,233.27,28.84,0.956,0
2026-06-17 14:20:05,GRID-BMK-102,6.191,228.09,29.3,0.927,0
2026-06-17 15:20:05,GRID-BMK-102,5.591,234.57,27.12,0.879,0
2026-06-17 16:20:05,GRID-BMK-102,4.763,228.21,22.42,0.931,0
2026-06-17 17:20:05,GRID-BMK-102,5.051,229.62,24.1,0.913,0
2026-06-17 18:20:05,GRID-BMK-102,0.063,232.52,0.28,0.946,1
2026-06-17 19:20:05,GRID-BMK-102,3.654,230.83,17.38,0.911,0
2026-06-17 20:20:05,GRID-BMK-102,12.879,235.16,61.32,0.893,1
2026-06-17 21:20:05,GRID-BMK-102,3.203,227.94,15.7,0.895,0
2026-06-17 22:20:05,GRID-BMK-102,3.286,230.04,15.84,0.902,0
2026-06-17 23:20:05,GRID-BMK-102,2.581,228.65,11.82,0.955,0
2026-06-18 00:20:05,GRID-BMK-102,3.337,235.46,15.69,0.903,0
2026-06-18 01:20:05,GRID-BMK-102,3.939,232.18,18.36,0.924,0
2026-06-18 02:20:05,GRID-BMK-102,3.633,233.58,16.36,0.951,0
2026-06-18 03:20:05,GRID-BMK-102,3.965,234.09,19.28,0.879,0
2026-06-18 04:20:05,GRID-BMK-102,3.853,223.49,18.75,0.92,0
2026-06-18 05:20:05,GRID-BMK-102,3.737,234.12,17.53,0.911,0
2026-06-18 06:20:05,GRID-BMK-102,4.345,232.81,19.26,0.969,0
2026-06-18 07:20:05,GRID-BMK-102,5.269,227.8,25.7,0.9,0
2026-06-18 08:20:05,GRID-BMK-102,5.33,223.94,24.71,0.963,0
2026-06-18 09:20:05,GRID-BMK-102,5.529,226.49,24.7,0.988,0
2026-06-18 10:20:05,GRID-BMK-102,5.963,229.68,28.65,0.906,0
2026-06-18 11:20:05,GRID-BMK-102,6.666,232.02,31.82,0.903,0
2026-06-18 12:20:05,GRID-BMK-102,6.009,227.8,27.68,0.953,0
2026-06-18 13:20:05,GRID-BMK-102,6.276,231.8,29.81,0.908,0
2026-06-18 14:20:05,GRID-BMK-102,5.765,221.26,27.84,0.936,0
2026-06-18 15:20:05,GRID-BMK-102,5.316,229.98,24.98,0.925,0
2026-06-18 16:20:05,GRID-BMK-102,5.554,230.39,26.4,0.913,0
2026-06-18 17:20:05,GRID-BMK-102,5.292,229.3,23.31,0.99,0
2026-06-18 18:20:05,GRID-BMK-102,3.925,229.31,18.75,0.913,0
2026-06-18 19:20:05,GRID-BMK-102,4.132,236.65,18.64,0.937,0
2026-06-18 20:20:05,GRID-BMK-102,3.415,227.18,16.21,0.927,0
2026-06-18 21:20:05,GRID-BMK-102,2.896,227.93,13.51,0.941,0
2026-06-18 22:20:05,GRID-BMK-102,3.066,229.53,14.83,0.901,0
2026-06-18 23:20:05,GRID-BMK-102,3.171,226.3,14.77,0.949,0
2026-06-19 00:20:05,GRID-BMK-102,3.834,226.83,17.89,0.945,0
2026-06-19 01:20:05,GRID-BMK-102,3.401,233.1,15.09,0.967,0
2026-06-19 02:20:05,GRID-BMK-102,3.62,228.27,16.45,0.964,0
2026-06-19 03:20:05,GRID-BMK-102,3.48,227.98,17.0,0.898,0
2026-06-19 04:20:05,GRID-BMK-102,3.257,228.55,15.53,0.918,0
2026-06-19 05:20:05,GRID-BMK-102,3.763,229.12,17.69,0.928,0
2026-06-19 06:20:05,GRID-BMK-102,4.563,233.82,21.12,0.924,0
2026-06-19 07:20:05,GRID-BMK-102,4.735,233.86,22.47,0.901,0
2026-06-19 08:20:05,GRID-BMK-102,5.483,229.61,24.82,0.962,0
2026-06-19 09:20:05,GRID-BMK-102,5.537,231.47,25.55,0.936,0
2026-06-19 10:20:05,GRID-BMK-102,6.091,231.07,28.58,0.922,0
2026-06-19 11:20:05,GRID-BMK-102,6.137,230.38,30.11,0.885,0
2026-06-19 12:20:05,GRID-BMK-102,28.399,230.34,129.76,0.95,1
2026-06-19 13:20:05,GRID-BMK-102,6.304,227.63,30.1,0.92,0
2026-06-19 14:20:05,GRID-BMK-102,6.446,230.06,31.69,0.884,0
2026-06-19 15:20:05,GRID-BMK-102,5.667,230.4,26.84,0.916,0
2026-06-19 16:20:05,GRID-BMK-102,5.072,230.1,25.08,0.879,0
2026-06-19 17:20:05,GRID-BMK-102,5.086,220.7,24.94,0.924,0
2026-06-19 18:20:05,GRID-BMK-102,4.451,226.74,21.96,0.894,0
2026-06-19 19:20:05,GRID-BMK-102,3.973,231.75,18.86,0.909,0
2026-06-19 20:20:05,GRID-BMK-102,3.349,230.88,16.58,0.875,0
2026-06-19 21:20:05,GRID-BMK-102,3.521,231.98,17.21,0.882,0
2026-06-19 22:20:05,GRID-BMK-102,3.052,231.15,14.83,0.89,0
2026-06-19 23:20:05,GRID-BMK-102,2.746,231.49,13.26,0.895,0
2026-06-20 00:20:05,GRID-BMK-102,4.433,227.08,20.78,0.939,0
2026-06-20 01:20:05,GRID-BMK-102,4.434,233.24,20.89,0.91,0
2026-06-20 02:20:05,GRID-BMK-102,4.033,220.47,19.71,0.928,0
2026-06-20 03:20:05,GRID-BMK-102,4.532,229.7,23.02,0.857,0
2026-06-20 04:20:05,GRID-BMK-102,4.691,228.05,23.99,0.857,0
2026-06-20 05:20:05,GRID-BMK-102,4.366,227.35,21.24,0.904,0
2026-06-20 06:20:05,GRID-BMK-102,5.467,224.15,28.41,0.858,0
2026-06-20 07:20:05,GRID-BMK-102,6.117,229.7,28.59,0.931,0
2026-06-20 08:20:05,GRID-BMK-102,6.277,225.21,31.04,0.898,0
2026-06-20 09:20:05,GRID-BMK-102,7.054,229.83,33.73,0.91,0
2026-06-20 10:20:05,GRID-BMK-102,7.434,224.26,35.28,0.94,0
2026-06-20 11:20:05,GRID-BMK-102,7.088,228.93,33.21,0.932,0
2026-06-20 12:20:05,GRID-BMK-102,7.927,227.38,37.13,0.939,0
2026-06-20 13:20:05,GRID-BMK-102,7.277,229.91,35.96,0.88,0
2026-06-20 14:20:05,GRID-BMK-102,7.14,230.72,33.54,0.923,0
2026-06-20 15:20:05,GRID-BMK-102,7.106,233.02,31.82,0.958,0
2026-06-20 16:20:05,GRID-BMK-102,6.684,226.44,31.48,0.938,0
2026-06-20 17:20:05,GRID-BMK-102,6.074,227.57,29.46,0.906,0
2026-06-20 18:20:05,GRID-BMK-102,0.041,228.04,0.2,0.896,1
2026-06-20 19:20:05,GRID-BMK-102,4.76,230.56,22.02,0.938,0
2026-06-20 20:20:05,GRID-BMK-102,3.427,228.41,16.61,0.903,0
2026-06-20 21:20:05,GRID-BMK-102,3.937,237.01,18.19,0.913,0
2026-06-20 22:20:05,GRID-BMK-102,3.846,237.03,17.15,0.946,0
2026-06-20 23:20:05,GRID-BMK-102,3.547,229.17,16.68,0.928,0
2026-06-21 00:20:05,GRID-BMK-102,4.18,225.95,20.16,0.918,0
2026-06-21 01:20:05,GRID-BMK-102,3.821,228.4,18.1,0.925,0
2026-06-21 02:20:05,GRID-BMK-102,5.535,234.08,26.79,0.883,0
2026-06-21 03:20:05,GRID-BMK-102,4.511,232.61,22.31,0.869,0
2026-06-21 04:20:05,GRID-BMK-102,4.182,232.9,18.91,0.95,0
2026-06-21 05:20:05,GRID-BMK-102,4.922,230.51,22.92,0.932,0
2026-06-21 06:20:05,GRID-BMK-102,5.519,228.58,26.92,0.897,0
2026-06-21 07:20:05,GRID-BMK-102,6.43,227.92,30.41,0.928,0
2026-06-21 08:20:05,GRID-BMK-102,6.076,226.34,29.73,0.903,0
2026-06-21 09:20:05,GRID-BMK-102,6.774,229.24,33.17,0.891,0
2026-06-21 10:20:05,GRID-BMK-102,7.404,231.81,35.16,0.908,0
2026-06-21 11:20:05,GRID-BMK-102,7.012,231.14,33.46,0.907,0
2026-06-21 12:20:05,GRID-BMK-102,7.273,226.54,34.59,0.928,0
2026-06-21 13:20:05,GRID-BMK-102,7.081,234.0,35.02,0.864,0
2026-06-21 14:20:05,GRID-BMK-102,6.704,230.63,30.54,0.952,0
2026-06-21 15:20:05,GRID-BMK-102,6.684,232.67,30.86,0.931,0
2026-06-21 16:20:05,GRID-BMK-102,6.97,230.92,32.19,0.938,0
2026-06-21 17:20:05,GRID-BMK-102,6.36,231.96,28.97,0.946,0
2026-06-21 18:20:05,GRID-BMK-102,4.827,229.57,22.07,0.953,0
2026-06-21 19:20:05,GRID-BMK-102,3.944,232.91,18.13,0.934,0
2026-06-21 20:20:05,GRID-BMK-102,4.213,233.69,18.99,0.949,0
2026-06-21 21:20:05,GRID-BMK-102,3.26,236.62,14.41,0.956,0
2026-06-21 22:20:05,GRID-BMK-102,3.155,226.0,15.37,0.908,0
2026-06-21 23:20:05,GRID-BMK-102,3.362,234.59,15.39,0.931,0
2026-06-22 00:20:05,GRID-BMK-102,3.788,225.83,18.35,0.914,0
2026-06-22 01:20:05,GRID-BMK-102,4.008,226.6,19.32,0.915,0
2026-06-22 02:20:05,GRID-BMK-102,3.653,230.93,17.57,0.9,0
2026-06-22 03:20:05,GRID-BMK-102,3.619,233.1,17.26,0.899,0
2026-06-22 04:20:05,GRID-BMK-102,4.148,229.76,20.29,0.89,0
2026-06-22 05:20:05,GRID-BMK-102,3.064,231.32,15.53,0.853,0
2026-06-22 06:20:05,GRID-BMK-102,4.526,223.34,22.93,0.884,0
2026-06-22 07:20:05,GRID-BMK-102,5.142,230.43,24.03,0.928,0
2026-06-22 08:20:05,GRID-BMK-102,5.243,230.21,24.6,0.926,0
2026-06-22 09:20:05,GRID-BMK-102,6.4,227.99,30.74,0.913,0
2026-06-22 10:20:05,GRID-BMK-102,27.155,231.7,130.18,0.9,1
2026-06-22 11:20:05,GRID-BMK-102,6.134,225.11,29.56,0.922,0
2026-06-22 12:20:05,GRID-BMK-102,6.082,228.64,30.71,0.866,0
2026-06-22 13:20:05,GRID-BMK-102,6.049,234.03,26.96,0.959,0
2026-06-22 14:20:05,GRID-BMK-102,20.55,229.58,92.48,0.968,1
2026-06-22 15:20:05,GRID-BMK-102,5.902,232.36,27.49,0.924,0
2026-06-22 16:20:05,GRID-BMK-102,4.678,236.13,21.43,0.925,0
2026-06-22 17:20:05,GRID-BMK-102,4.995,225.22,24.27,0.914,0
2026-06-22 18:20:05,GRID-BMK-102,5.093,226.3,25.31,0.889,0
2026-06-22 19:20:05,GRID-BMK-102,3.812,231.47,17.34,0.95,0
2026-06-22 20:20:05,GRID-BMK-102,0.046,231.62,0.21,0.941,1
2026-06-22 21:20:05,GRID-BMK-102,3.855,232.75,16.87,0.982,0
2026-06-22 22:20:05,GRID-BMK-102,3.0,224.92,14.58,0.915,0
2026-06-22 23:20:05,GRID-BMK-102,2.427,229.96,12.19,0.866,0
2026-06-23 00:20:05,GRID-BMK-102,4.026,229.44,18.63,0.942,0
2026-06-23 01:20:05,GRID-BMK-102,3.795,229.02,17.59,0.942,0
2026-06-23 02:20:05,GRID-BMK-102,3.902,230.06,18.52,0.916,0
2026-06-23 03:20:05,GRID-BMK-102,3.562,226.19,17.37,0.907,0
2026-06-23 04:20:05,GRID-BMK-102,3.913,229.39,18.52,0.921,0
2026-06-23 05:20:05,GRID-BMK-102,4.172,227.92,19.93,0.918,0
2026-06-23 06:20:05,GRID-BMK-102,4.056,229.34,18.85,0.938,0
2026-06-23 07:20:05,GRID-BMK-102,4.409,234.63,20.37,0.923,0
2026-06-23 08:20:05,GRID-BMK-102,5.012,230.41,23.58,0.923,0
2026-06-23 09:20:05,GRID-BMK-102,5.362,230.26,25.66,0.907,0
2026-06-23 10:20:05,GRID-BMK-102,5.963,231.52,27.92,0.923,0
2026-06-23 11:20:05,GRID-BMK-102,5.934,231.88,28.07,0.912,0
2026-06-23 12:20:05,GRID-BMK-102,5.792,235.11,26.88,0.917,0
2026-06-23 13:20:05,GRID-BMK-102,6.044,230.94,28.33,0.924,0
2026-06-23 14:20:05,GRID-BMK-102,5.738,230.2,26.22,0.951,0
2026-06-23 15:20:05,GRID-BMK-102,5.833,230.1,26.85,0.944,0
2026-06-23 16:20:05,GRID-BMK-102,4.987,230.24,23.92,0.906,0
2026-06-23 17:20:05,GRID-BMK-102,5.637,231.94,26.43,0.92,0
2026-06-23 18:20:05,GRID-BMK-102,4.912,228.23,24.66,0.873,0
2026-06-23 19:20:05,GRID-BMK-102,0.078,229.02,0.38,0.892,1
2026-06-23 20:20:05,GRID-BMK-102,3.427,229.96,16.12,0.924,0
2026-06-23 21:20:05,GRID-BMK-102,3.166,228.99,14.96,0.924,0
2026-06-23 22:20:05,GRID-BMK-102,2.969,231.36,14.71,0.873,0
2026-06-23 23:20:05,GRID-BMK-102,2.686,228.67,13.0,0.903,0
2026-06-24 00:20:05,GRID-BMK-102,3.517,231.61,15.97,0.951,0
2026-06-24 01:20:05,GRID-BMK-102,3.567,232.39,17.35,0.885,0
2026-06-24 02:20:05,GRID-BMK-102,4.372,227.44,20.55,0.936,0
2026-06-24 03:20:05,GRID-BMK-102,3.531,229.88,17.71,0.867,0
2026-06-24 04:20:05,GRID-BMK-102,3.731,238.75,17.09,0.914,0
2026-06-24 05:20:05,GRID-BMK-102,16.505,237.65,73.92,0.94,1
2026-06-24 06:20:05,GRID-BMK-102,4.259,229.55,20.68,0.897,0
2026-06-24 07:20:05,GRID-BMK-102,4.537,226.55,21.59,0.928,0
2026-06-24 08:20:05,GRID-BMK-102,5.475,235.4,26.4,0.881,0
2026-06-24 09:20:05,GRID-BMK-102,5.126,231.38,23.91,0.927,0
2026-06-24 10:20:05,GRID-BMK-102,6.281,224.13,30.83,0.909,0
2026-06-24 11:20:05,GRID-BMK-102,6.212,227.59,32.25,0.846,0
2026-06-24 12:20:05,GRID-BMK-102,6.376,228.23,32.31,0.865,0
2026-06-24 13:20:05,GRID-BMK-102,6.02,231.31,27.73,0.939,0
2026-06-24 14:20:05,GRID-BMK-102,5.869,228.47,27.79,0.924,0
2026-06-24 15:20:05,GRID-BMK-102,5.914,224.87,27.48,0.957,0
2026-06-24 16:20:05,GRID-BMK-102,5.002,230.19,23.54,0.923,0
2026-06-24 17:20:05,GRID-BMK-102,4.552,232.28,21.58,0.908,0
2026-06-24 18:20:05,GRID-BMK-102,4.497,228.48,21.76,0.905,0
2026-06-24 19:20:05,GRID-BMK-102,3.584,228.28,16.88,0.93,0
2026-06-24 20:20:05,GRID-BMK-102,4.39,226.78,21.34,0.907,0
2026-06-24 21:20:05,GRID-BMK-102,3.262,231.59,14.44,0.975,0
2026-06-24 22:20:05,GRID-BMK-102,2.534,229.23,11.9,0.929,0
2026-06-24 23:20:05,GRID-BMK-102,3.291,232.03,15.56,0.912,0
2026-06-25 00:20:05,GRID-BMK-102,3.659,227.47,17.07,0.943,0
2026-06-25 01:20:05,GRID-BMK-102,3.886,229.1,18.13,0.935,0
2026-06-25 02:20:05,GRID-BMK-102,3.935,231.27,19.1,0.891,0
2026-06-25 03:20:05,GRID-BMK-102,3.528,225.42,17.3,0.905,0
2026-06-25 04:20:05,GRID-BMK-102,3.566,227.78,17.97,0.871,0
2026-06-25 05:20:05,GRID-BMK-102,4.296,231.38,19.99,0.929,0
2026-06-25 06:20:05,GRID-BMK-102,4.767,227.54,21.99,0.953,0
2026-06-25 07:20:05,GRID-BMK-102,4.711,231.08,21.48,0.949,0
2026-06-25 08:20:05,GRID-BMK-102,5.697,237.76,27.1,0.884,0
2026-06-25 09:20:05,GRID-BMK-102,0.035,233.34,0.17,0.887,1
2026-06-25 10:20:05,GRID-BMK-102,5.736,230.24,27.66,0.901,0
2026-06-25 11:20:05,GRID-BMK-102,6.346,230.83,28.62,0.961,0
2026-06-25 12:20:05,GRID-BMK-102,5.845,234.09,27.68,0.902,0
2026-06-25 13:20:05,GRID-BMK-102,6.421,227.94,29.29,0.962,0
2026-06-25 14:20:05,GRID-BMK-102,6.365,229.49,30.07,0.922,0
2026-06-25 15:20:05,GRID-BMK-102,5.91,232.29,28.57,0.891,0
2026-06-25 16:20:05,GRID-BMK-102,5.232,233.25,24.49,0.916,0
2026-06-25 17:20:05,GRID-BMK-102,4.62,232.92,22.1,0.898,0
2026-06-25 18:20:05,GRID-BMK-102,4.328,233.7,20.67,0.896,0
2026-06-25 19:20:05,GRID-BMK-102,4.0,229.46,18.14,0.961,0
2026-06-25 20:20:05,GRID-BMK-102,3.451,231.62,16.08,0.927,0
2026-06-25 21:20:05,GRID-BMK-102,2.777,230.53,13.52,0.891,0
2026-06-25 22:20:05,GRID-BMK-102,2.91,229.97,13.99,0.904,0
2026-06-25 23:20:05,GRID-BMK-102,2.736,225.17,13.52,0.899,0
2026-06-26 00:20:05,GRID-BMK-102,3.528,229.24,16.59,0.928,0
2026-06-26 01:20:05,GRID-BMK-102,4.048,226.98,20.02,0.891,0
2026-06-26 02:20:05,GRID-BMK-102,3.536,227.6,17.08,0.91,0
2026-06-26 03:20:05,GRID-BMK-102,3.921,231.01,17.91,0.947,0
2026-06-26 04:20:05,GRID-BMK-102,3.179,228.32,15.3,0.91,0
2026-06-26 05:20:05,GRID-BMK-102,4.192,229.52,20.17,0.905,0
2026-06-26 06:20:05,GRID-BMK-102,3.81,230.1,17.64,0.938,0
2026-06-26 07:20:05,GRID-BMK-102,4.988,231.22,23.18,0.931,0
2026-06-26 08:20:05,GRID-BMK-102,5.148,232.68,25.4,0.871,0
2026-06-26 09:20:05,GRID-BMK-102,5.411,228.11,26.03,0.911,0
2026-06-26 10:20:05,GRID-BMK-102,5.911,225.51,27.28,0.961,0
2026-06-26 11:20:05,GRID-BMK-102,6.057,224.48,30.13,0.896,0
2026-06-26 12:20:05,GRID-BMK-102,5.881,229.8,27.43,0.933,0
2026-06-26 13:20:05,GRID-BMK-102,6.37,231.34,29.91,0.921,0
2026-06-26 14:20:05,GRID-BMK-102,6.151,228.33,29.85,0.902,0
2026-06-26 15:20:05,GRID-BMK-102,5.496,232.06,25.87,0.915,0
2026-06-26 16:20:05,GRID-BMK-102,5.562,230.07,25.17,0.961,0
2026-06-26 17:20:05,GRID-BMK-102,4.422,228.93,21.92,0.881,0
2026-06-26 18:20:05,GRID-BMK-102,0.063,230.49,0.3,0.923,1
2026-06-26 19:20:05,GRID-BMK-102,3.989,231.37,18.89,0.912,0
2026-06-26 20:20:05,GRID-BMK-102,2.942,230.93,14.4,0.884,0
2026-06-26 21:20:05,GRID-BMK-102,3.018,230.01,13.99,0.938,0
2026-06-26 22:20:05,GRID-BMK-102,2.391,233.45,11.21,0.914,0
2026-06-26 23:20:05,GRID-BMK-102,3.006,231.76,14.42,0.9,0
2026-06-27 00:20:05,GRID-BMK-102,4.172,231.93,19.8,0.909,0
2026-06-27 01:20:05,GRID-BMK-102,3.716,227.06,18.02,0.908,0
2026-06-27 02:20:05,GRID-BMK-102,4.761,229.73,22.66,0.915,0
2026-06-27 03:20:05,GRID-BMK-102,4.664,225.63,22.78,0.907,0
2026-06-27 04:20:05,GRID-BMK-102,4.466,228.96,20.74,0.941,0
2026-06-27 05:20:05,GRID-BMK-102,4.207,222.19,20.94,0.904,0
2026-06-27 06:20:05,GRID-BMK-102,5.075,228.1,24.87,0.894,0
2026-06-27 07:20:05,GRID-BMK-102,5.656,230.65,26.0,0.943,0
2026-06-27 08:20:05,GRID-BMK-102,6.487,225.78,31.69,0.907,0
2026-06-27 09:20:05,GRID-BMK-102,6.859,234.01,30.84,0.95,0
2026-06-27 10:20:05,GRID-BMK-102,6.936,229.17,34.05,0.889,0
2026-06-27 11:20:05,GRID-BMK-102,7.305,224.06,35.75,0.912,0
2026-06-27 12:20:05,GRID-BMK-102,6.743,229.94,31.57,0.929,0
2026-06-27 13:20:05,GRID-BMK-102,7.468,230.26,35.94,0.902,0
2026-06-27 14:20:05,GRID-BMK-102,7.028,228.5,33.62,0.915,0
2026-06-27 15:20:05,GRID-BMK-102,7.408,231.86,37.32,0.856,0
2026-06-27 16:20:05,GRID-BMK-102,6.401,230.11,32.79,0.848,0
2026-06-27 17:20:05,GRID-BMK-102,6.119,225.88,28.54,0.949,0
2026-06-27 18:20:05,GRID-BMK-102,5.144,233.06,24.29,0.909,0
2026-06-27 19:20:05,GRID-BMK-102,5.482,228.12,26.0,0.924,0
2026-06-27 20:20:05,GRID-BMK-102,3.422,234.8,15.48,0.941,0
2026-06-27 21:20:05,GRID-BMK-102,3.956,232.21,18.48,0.922,0
2026-06-27 22:20:05,GRID-BMK-102,3.247,232.53,15.72,0.888,0
2026-06-27 23:20:05,GRID-BMK-102,2.294,227.64,11.24,0.896,0
2026-06-28 00:20:05,GRID-BMK-102,4.476,232.19,20.53,0.939,0
2026-06-28 01:20:05,GRID-BMK-102,4.521,228.74,21.4,0.923,0
2026-06-28 02:20:05,GRID-BMK-102,4.609,231.88,22.52,0.883,0
2026-06-28 03:20:05,GRID-BMK-102,3.886,228.0,19.01,0.897,0
2026-06-28 04:20:05,GRID-BMK-102,4.119,228.17,18.93,0.954,0
2026-06-28 05:20:05,GRID-BMK-102,4.432,229.34,21.46,0.901,0
2026-06-28 06:20:05,GRID-BMK-102,5.765,230.63,27.31,0.915,0
2026-06-28 07:20:05,GRID-BMK-102,6.751,229.91,31.79,0.924,0
2026-06-28 08:20:05,GRID-BMK-102,5.928,232.86,26.23,0.971,0
2026-06-28 09:20:05,GRID-BMK-102,7.42,228.47,34.48,0.942,0
2026-06-28 10:20:05,GRID-BMK-102,7.895,231.41,37.69,0.905,0
2026-06-28 11:20:05,GRID-BMK-102,0.049,234.35,0.23,0.898,1
2026-06-28 12:20:05,GRID-BMK-102,7.479,233.15,34.9,0.919,0
2026-06-28 13:20:05,GRID-BMK-102,7.657,230.63,36.4,0.912,0
2026-06-28 14:20:05,GRID-BMK-102,7.173,232.07,32.45,0.953,0
2026-06-28 15:20:05,GRID-BMK-102,7.068,228.71,33.49,0.923,0
2026-06-28 16:20:05,GRID-BMK-102,6.248,228.88,30.65,0.891,0
2026-06-28 17:20:05,GRID-BMK-102,5.146,230.02,24.97,0.896,0
2026-06-28 18:20:05,GRID-BMK-102,5.976,233.07,26.45,0.969,0
2026-06-28 19:20:05,GRID-BMK-102,4.873,228.85,22.06,0.965,0
2026-06-28 20:20:05,GRID-BMK-102,4.639,234.62,21.88,0.903,0
2026-06-28 21:20:05,GRID-BMK-102,3.673,230.67,17.03,0.935,0
2026-06-28 22:20:05,GRID-BMK-102,0.096,224.77,0.46,0.932,1
2026-06-28 23:20:05,GRID-BMK-102,3.106,225.67,14.63,0.941,0
2026-06-29 00:20:05,GRID-BMK-102,3.625,232.91,16.69,0.933,0
2026-06-29 01:20:05,GRID-BMK-102,3.756,230.23,18.57,0.878,0
2026-06-29 02:20:05,GRID-BMK-102,3.887,235.3,17.37,0.951,0
2026-06-29 03:20:05,GRID-BMK-102,3.718,227.67,17.77,0.919,0
2026-06-29 04:20:05,GRID-BMK-102,3.807,229.54,18.22,0.91,0
2026-06-29 05:20:05,GRID-BMK-102,3.156,229.85,15.56,0.882,0
2026-06-29 06:20:05,GRID-BMK-102,4.508,232.86,21.61,0.896,0
2026-06-29 07:20:05,GRID-BMK-102,4.986,231.05,23.82,0.906,0
2026-06-29 08:20:05,GRID-BMK-102,5.355,230.9,25.87,0.897,0
2026-06-29 09:20:05,GRID-BMK-102,5.894,234.0,26.87,0.937,0
2026-06-29 10:20:05,GRID-BMK-102,6.204,228.32,32.54,0.835,0
2026-06-29 11:20:05,GRID-BMK-102,6.556,234.8,29.8,0.937,0
2026-06-29 12:20:05,GRID-BMK-102,6.644,232.82,31.2,0.915,0
2026-06-29 13:20:05,GRID-BMK-102,6.173,224.95,30.12,0.911,0
2026-06-29 14:20:05,GRID-BMK-102,6.272,229.87,28.38,0.961,0
2026-06-29 15:20:05,GRID-BMK-102,5.481,230.75,25.83,0.92,0
2026-06-29 16:20:05,GRID-BMK-102,5.312,225.56,26.01,0.905,0
2026-06-29 17:20:05,GRID-BMK-102,4.445,227.82,20.72,0.942,0
2026-06-29 18:20:05,GRID-BMK-102,3.891,234.0,16.79,0.99,0
2026-06-29 19:20:05,GRID-BMK-102,3.958,233.85,20.79,0.814,0
2026-06-29 20:20:05,GRID-BMK-102,3.563,234.04,16.36,0.931,0
2026-06-29 21:20:05,GRID-BMK-102,2.987,229.55,13.91,0.935,0
2026-06-29 22:20:05,GRID-BMK-102,2.549,230.14,12.26,0.903,0
2026-06-29 23:20:05,GRID-BMK-102,2.223,229.37,10.07,0.963,0
2026-06-30 00:20:05,GRID-BMK-102,3.71,224.76,17.75,0.93,0
2026-06-30 01:20:05,GRID-BMK-102,3.375,230.86,15.82,0.924,0
2026-06-30 02:20:05,GRID-BMK-102,0.005,227.76,0.02,0.917,1
2026-06-30 03:20:05,GRID-BMK-102,3.873,223.94,18.47,0.936,0
2026-06-30 04:20:05,GRID-BMK-102,3.982,230.9,19.23,0.897,0
2026-06-30 05:20:05,GRID-BMK-102,4.259,224.59,20.44,0.928,0
2026-06-30 06:20:05,GRID-BMK-102,4.667,231.19,21.66,0.932,0
2026-06-30 07:20:05,GRID-BMK-102,4.748,229.35,22.22,0.932,0
2026-06-30 08:20:05,GRID-BMK-102,5.476,224.29,26.92,0.907,0
2026-06-30 09:20:05,GRID-BMK-102,22.679,231.7,110.1,0.889,1
2026-06-30 10:20:05,GRID-BMK-102,5.834,226.36,30.19,0.854,0
2026-06-30 11:20:05,GRID-BMK-102,0.088,230.31,0.41,0.93,1
2026-06-30 12:20:05,GRID-BMK-102,6.037,229.16,28.11,0.937,0
2026-06-30 13:20:05,GRID-BMK-102,6.572,226.26,31.04,0.936,0
2026-06-30 14:20:05,GRID-BMK-102,5.438,231.1,25.9,0.908,0
2026-06-30 15:20:05,GRID-BMK-102,5.743,226.27,27.61,0.919,0
2026-06-30 16:20:05,GRID-BMK-102,5.296,226.3,24.33,0.962,0
2026-06-30 17:20:05,GRID-BMK-102,4.469,225.03,21.95,0.905,0
2026-06-30 18:20:05,GRID-BMK-102,4.254,232.56,19.86,0.921,0
2026-06-30 19:20:05,GRID-BMK-102,4.099,228.24,19.64,0.914,0
2026-06-30 20:20:05,GRID-BMK-102,3.542,229.04,16.47,0.939,0
2026-06-30 21:20:05,GRID-BMK-102,3.113,225.33,13.95,0.99,0
2026-06-30 22:20:05,GRID-BMK-102,3.06,227.49,14.48,0.929,0
2026-06-30 23:20:05,GRID-BMK-102,2.28,223.45,10.99,0.928,0
2026-07-01 00:20:05,GRID-BMK-102,3.827,236.29,17.68,0.916,0
2026-07-01 01:20:05,GRID-BMK-102,3.867,238.45,19.12,0.848,0
2026-07-01 02:20:05,GRID-BMK-102,3.202,222.48,15.49,0.929,0
2026-07-01 03:20:05,GRID-BMK-102,3.731,229.99,17.98,0.902,0
2026-07-01 04:20:05,GRID-BMK-102,3.843,228.05,18.14,0.929,0
2026-07-01 05:20:05,GRID-BMK-102,3.618,235.74,17.96,0.855,0
2026-07-01 06:20:05,GRID-BMK-102,3.718,228.92,16.41,0.99,0
2026-07-01 07:20:05,GRID-BMK-102,4.806,230.88,22.14,0.94,0
2026-07-01 08:20:05,GRID-BMK-102,5.375,227.47,27.9,0.847,0
2026-07-01 09:20:05,GRID-BMK-102,5.888,229.58,28.66,0.895,0
2026-07-01 10:20:05,GRID-BMK-102,5.979,230.81,29.22,0.887,0
2026-07-01 11:20:05,GRID-BMK-102,29.759,235.58,141.68,0.892,1
2026-07-01 12:20:05,GRID-BMK-102,6.139,229.64,30.14,0.887,0
2026-07-01 13:20:05,GRID-BMK-102,6.394,232.02,28.32,0.973,0
2026-07-01 14:20:05,GRID-BMK-102,5.6,228.23,26.36,0.931,0
2026-07-01 15:20:05,GRID-BMK-102,5.323,225.14,26.0,0.909,0
2026-07-01 16:20:05,GRID-BMK-102,6.188,227.02,30.54,0.892,0
2026-07-01 17:20:05,GRID-BMK-102,4.706,227.33,22.05,0.939,0
2026-07-01 18:20:05,GRID-BMK-102,3.995,224.61,20.85,0.853,0
2026-07-01 19:20:05,GRID-BMK-102,3.788,233.25,18.41,0.882,0
2026-07-01 20:20:05,GRID-BMK-102,13.369,224.62,65.91,0.903,1
2026-07-01 21:20:05,GRID-BMK-102,2.957,227.75,14.55,0.892,0
2026-07-01 22:20:05,GRID-BMK-102,2.66,230.62,12.39,0.931,0
2026-07-01 23:20:05,GRID-BMK-102,2.398,231.46,10.65,0.973,0
2026-07-02 00:20:05,GRID-BMK-102,3.444,230.96,17.59,0.848,0
2026-07-02 01:20:05,GRID-BMK-102,4.107,232.94,19.0,0.928,0
2026-07-02 02:20:05,GRID-BMK-102,3.246,235.02,15.38,0.898,0
2026-07-02 03:20:05,GRID-BMK-102,3.439,232.14,16.23,0.913,0
2026-07-02 04:20:05,GRID-BMK-102,3.27,225.44,15.54,0.934,0
2026-07-02 05:20:05,GRID-BMK-102,18.064,233.07,85.74,0.904,1
2026-07-02 06:20:05,GRID-BMK-102,4.389,222.43,21.55,0.915,0
2026-07-02 07:20:05,GRID-BMK-102,5.194,229.45,25.52,0.887,0
2026-07-02 08:20:05,GRID-BMK-102,5.811,227.3,27.34,0.935,0
2026-07-02 09:20:05,GRID-BMK-102,5.656,229.64,26.69,0.923,0
2026-07-02 10:20:05,GRID-BMK-102,6.208,224.38,29.45,0.939,0
2026-07-02 11:20:05,GRID-BMK-102,5.819,230.49,28.42,0.888,0
2026-07-02 12:20:05,GRID-BMK-102,5.684,227.42,26.58,0.94,0
2026-07-02 13:20:05,GRID-BMK-102,6.198,230.76,30.08,0.893,0
2026-07-02 14:20:05,GRID-BMK-102,5.678,227.61,27.03,0.923,0
2026-07-02 15:20:05,GRID-BMK-102,4.988,227.48,22.85,0.96,0
2026-07-02 16:20:05,GRID-BMK-102,5.683,236.69,27.27,0.88,0
2026-07-02 17:20:05,GRID-BMK-102,5.107,229.12,24.55,0.908,0
2026-07-02 18:20:05,GRID-BMK-102,4.557,232.5,21.73,0.902,0
2026-07-02 19:20:05,GRID-BMK-102,4.293,226.29,20.91,0.907,0
2026-07-02 20:20:05,GRID-BMK-102,3.551,230.08,17.18,0.899,0
2026-07-02 21:20:05,GRID-BMK-102,3.38,230.77,15.86,0.924,0
2026-07-02 22:20:05,GRID-BMK-102,2.717,236.16,12.85,0.896,0
2026-07-02 23:20:05,GRID-BMK-102,3.303,239.72,14.55,0.947,0
2026-07-03 00:20:05,GRID-BMK-102,3.945,233.67,18.15,0.93,0
2026-07-03 01:20:05,GRID-BMK-102,3.512,229.67,16.83,0.909,0
2026-07-03 02:20:05,GRID-BMK-102,3.824,228.08,17.29,0.97,0
2026-07-03 03:20:05,GRID-BMK-102,3.877,233.04,17.39,0.956,0
2026-07-03 04:20:05,GRID-BMK-102,4.287,231.18,19.16,0.968,0
2026-07-03 05:20:05,GRID-BMK-102,3.519,231.5,16.13,0.943,0
2026-07-03 06:20:05,GRID-BMK-102,4.11,231.56,18.76,0.946,0
2026-07-03 07:20:05,GRID-BMK-102,4.927,226.92,23.18,0.937,0
2026-07-03 08:20:05,GRID-BMK-102,4.975,228.11,24.46,0.892,0
2026-07-03 09:20:05,GRID-BMK-102,5.518,225.69,27.09,0.903,0
2026-07-03 10:20:05,GRID-BMK-102,6.31,227.49,30.21,0.918,0
2026-07-03 11:20:05,GRID-BMK-102,6.282,226.47,29.93,0.927,0
2026-07-03 12:20:05,GRID-BMK-102,6.863,230.58,32.51,0.916,0
2026-07-03 13:20:05,GRID-BMK-102,6.437,229.77,28.89,0.97,0
2026-07-03 14:20:05,GRID-BMK-102,5.873,230.35,26.78,0.952,0
2026-07-03 15:20:05,GRID-BMK-102,5.23,229.87,25.07,0.908,0
2026-07-03 16:20:05,GRID-BMK-102,4.819,228.73,22.53,0.935,0
2026-07-03 17:20:05,GRID-BMK-102,4.608,228.15,22.71,0.889,0
2026-07-03 18:20:05,GRID-BMK-102,4.656,232.45,21.11,0.949,0
2026-07-03 19:20:05,GRID-BMK-102,4.309,228.94,20.39,0.923,0
2026-07-03 20:20:05,GRID-BMK-102,3.51,234.6,17.01,0.88,0
2026-07-03 21:20:05,GRID-BMK-102,2.878,232.25,13.3,0.932,0
2026-07-03 22:20:05,GRID-BMK-102,2.953,234.5,13.66,0.922,0
2026-07-03 23:20:05,GRID-BMK-102,2.979,234.61,13.59,0.934,0
2026-07-04 00:20:05,GRID-BMK-102,4.445,232.17,21.06,0.909,0
2026-07-04 01:20:05,GRID-BMK-102,5.287,232.29,24.09,0.945,0
2026-07-04 02:20:05,GRID-BMK-102,4.74,228.51,22.13,0.937,0
2026-07-04 03:20:05,GRID-BMK-102,3.884,227.5,17.56,0.972,0
2026-07-04 04:20:05,GRID-BMK-102,3.967,227.31,19.84,0.88,0
2026-07-04 05:20:05,GRID-BMK-102,4.909,230.17,23.55,0.906,0
2026-07-04 06:20:05,GRID-BMK-102,5.731,230.4,27.12,0.917,0
2026-07-04 07:20:05,GRID-BMK-102,5.731,227.7,27.44,0.917,0
2026-07-04 08:20:05,GRID-BMK-102,34.313,229.88,158.39,0.942,1
2026-07-04 09:20:05,GRID-BMK-102,6.853,232.11,32.22,0.916,0
2026-07-04 10:20:05,GRID-BMK-102,6.751,230.26,31.63,0.927,0
2026-07-04 11:20:05,GRID-BMK-102,7.119,231.87,34.62,0.887,0
2026-07-04 12:20:05,GRID-BMK-102,7.043,231.05,34.13,0.893,0
2026-07-04 13:20:05,GRID-BMK-102,7.761,226.48,36.82,0.931,0
2026-07-04 14:20:05,GRID-BMK-102,7.537,226.2,35.66,0.934,0
2026-07-04 15:20:05,GRID-BMK-102,6.505,225.4,31.84,0.906,0
2026-07-04 16:20:05,GRID-BMK-102,6.57,228.97,31.31,0.917,0
2026-07-04 17:20:05,GRID-BMK-102,5.904,229.39,28.7,0.897,0
2026-07-04 18:20:05,GRID-BMK-102,5.713,234.49,27.21,0.896,0
2026-07-04 19:20:05,GRID-BMK-102,4.209,230.1,18.77,0.974,0
2026-07-04 20:20:05,GRID-BMK-102,3.923,226.56,18.17,0.953,0
2026-07-04 21:20:05,GRID-BMK-102,12.547,221.5,59.33,0.955,1
2026-07-04 22:20:05,GRID-BMK-102,15.701,232.05,72.16,0.938,1
2026-07-04 23:20:05,GRID-BMK-102,3.126,228.91,15.57,0.877,0
2026-07-05 00:20:05,GRID-BMK-102,4.149,227.39,19.38,0.942,0
2026-07-05 01:20:05,GRID-BMK-102,4.589,225.55,22.39,0.909,0
2026-07-05 02:20:05,GRID-BMK-102,4.479,232.61,21.82,0.882,0
2026-07-05 03:20:05,GRID-BMK-102,3.876,228.91,17.43,0.971,0
2026-07-05 04:20:05,GRID-BMK-102,4.369,231.32,21.14,0.893,0
2026-07-05 05:20:05,GRID-BMK-102,4.475,225.97,21.81,0.908,0
2026-07-05 06:20:05,GRID-BMK-102,5.235,226.37,23.9,0.968,0
2026-07-05 07:20:05,GRID-BMK-102,6.166,230.58,28.1,0.952,0
2026-07-05 08:20:05,GRID-BMK-102,6.35,227.75,29.9,0.933,0
2026-07-05 09:20:05,GRID-BMK-102,0.07,226.88,0.33,0.92,1
2026-07-05 10:20:05,GRID-BMK-102,6.92,232.87,35.43,0.839,0
2026-07-05 11:20:05,GRID-BMK-102,7.324,228.47,35.28,0.909,0
2026-07-05 12:20:05,GRID-BMK-102,7.253,226.71,32.36,0.989,0
2026-07-05 13:20:05,GRID-BMK-102,8.05,234.74,38.81,0.884,0
2026-07-05 14:20:05,GRID-BMK-102,7.139,228.02,32.97,0.95,0
2026-07-05 15:20:05,GRID-BMK-102,6.864,228.49,32.07,0.937,0
2026-07-05 16:20:05,GRID-BMK-102,6.05,225.08,29.2,0.92,0
2026-07-05 17:20:05,GRID-BMK-102,5.42,228.61,28.44,0.833,0
2026-07-05 18:20:05,GRID-BMK-102,5.26,235.64,23.86,0.936,0
2026-07-05 19:20:05,GRID-BMK-102,4.614,227.83,22.66,0.894,0
2026-07-05 20:20:05,GRID-BMK-102,4.316,228.91,20.62,0.914,0
2026-07-05 21:20:05,GRID-BMK-102,2.869,233.06,14.5,0.849,0
2026-07-05 22:20:05,GRID-BMK-102,3.149,231.08,14.92,0.914,0
2026-07-05 23:20:05,GRID-BMK-102,2.867,227.44,13.45,0.937,0
2026-07-06 00:20:05,GRID-BMK-102,3.508,231.49,16.19,0.936,0
2026-07-06 01:20:05,GRID-BMK-102,3.882,226.32,19.17,0.895,0
2026-07-06 02:20:05,GRID-BMK-102,4.481,230.91,21.36,0.908,0
2026-07-06 03:20:05,GRID-BMK-102,3.028,232.28,14.05,0.928,0
2026-07-06 04:20:05,GRID-BMK-102,3.389,229.01,15.37,0.962,0
2026-07-06 05:20:05,GRID-BMK-102,3.922,230.45,18.89,0.901,0
2026-07-06 06:20:05,GRID-BMK-102,4.432,232.91,20.05,0.949,0
2026-07-06 07:20:05,GRID-BMK-102,5.024,227.68,24.29,0.908,0
2026-07-06 08:20:05,GRID-BMK-102,5.189,230.25,23.79,0.947,0
2026-07-06 09:20:05,GRID-BMK-102,5.627,226.88,26.59,0.933,0
2026-07-06 10:20:05,GRID-BMK-102,5.606,230.17,26.37,0.923,0
2026-07-06 11:20:05,GRID-BMK-102,6.204,227.25,29.07,0.939,0
2026-07-06 12:20:05,GRID-BMK-102,5.898,232.1,26.37,0.963,0
2026-07-06 13:20:05,GRID-BMK-102,6.054,234.29,28.3,0.913,0
2026-07-06 14:20:05,GRID-BMK-102,5.611,232.04,27.11,0.892,0
2026-07-06 15:20:05,GRID-BMK-102,5.342,227.39,26.12,0.9,0
2026-07-06 16:20:05,GRID-BMK-102,5.597,233.38,27.84,0.862,0
2026-07-06 17:20:05,GRID-BMK-102,22.725,232.58,110.08,0.888,1
2026-07-06 18:20:05,GRID-BMK-102,4.038,231.82,18.28,0.953,0
2026-07-06 19:20:05,GRID-BMK-102,4.159,227.55,18.53,0.986,0
2026-07-06 20:20:05,GRID-BMK-102,3.88,229.98,18.57,0.908,0
2026-07-06 21:20:05,GRID-BMK-102,3.529,233.59,16.61,0.91,0
2026-07-06 22:20:05,GRID-BMK-102,3.268,230.33,14.79,0.96,0
2026-07-06 23:20:05,GRID-BMK-102,2.263,230.53,10.75,0.913,0
2026-07-07 00:20:05,GRID-BMK-102,3.897,228.67,18.44,0.924,0
2026-07-07 01:20:05,GRID-BMK-102,3.676,228.7,16.5,0.974,0
2026-07-07 02:20:05,GRID-BMK-102,3.646,229.5,17.25,0.921,0
2026-07-07 03:20:05,GRID-BMK-102,3.712,225.04,18.56,0.889,0
2026-07-07 04:20:05,GRID-BMK-102,4.524,226.89,22.67,0.879,0
2026-07-07 05:20:05,GRID-BMK-102,3.91,229.96,18.69,0.91,0
2026-07-07 06:20:05,GRID-BMK-102,5.053,225.37,26.06,0.861,0
2026-07-07 07:20:05,GRID-BMK-102,4.426,232.72,20.33,0.935,0
2026-07-07 08:20:05,GRID-BMK-102,5.727,235.36,26.66,0.913,0
2026-07-07 09:20:05,GRID-BMK-102,4.992,228.9,24.07,0.906,0
2026-07-07 10:20:05,GRID-BMK-102,6.304,233.82,29.47,0.915,0
2026-07-07 11:20:05,GRID-BMK-102,6.478,230.09,30.18,0.933,0
2026-07-07 12:20:05,GRID-BMK-102,6.827,225.68,33.44,0.905,0
2026-07-07 13:20:05,GRID-BMK-102,6.11,226.2,28.95,0.933,0
2026-07-07 14:20:05,GRID-BMK-102,6.221,232.26,31.08,0.862,0
2026-07-07 15:20:05,GRID-BMK-102,5.681,227.09,25.74,0.972,0
2026-07-07 16:20:05,GRID-BMK-102,5.039,232.43,23.47,0.924,0
2026-07-07 17:20:05,GRID-BMK-102,4.49,227.36,21.26,0.929,0
2026-07-07 18:20:05,GRID-BMK-102,4.3,231.51,19.85,0.936,0
2026-07-07 19:20:05,GRID-BMK-102,4.345,234.45,20.85,0.889,0
2026-07-07 20:20:05,GRID-BMK-102,3.641,229.71,18.31,0.866,0
2026-07-07 21:20:05,GRID-BMK-102,3.236,232.9,14.46,0.961,0
2026-07-07 22:20:05,GRID-BMK-102,2.998,229.31,14.76,0.886,0
2026-07-07 23:20:05,GRID-BMK-102,2.424,231.72,11.7,0.894,0
2026-07-08 00:20:05,GRID-BMK-102,4.095,228.6,19.88,0.901,0
2026-07-08 01:20:05,GRID-BMK-102,2.904,228.53,13.88,0.916,0
2026-07-08 02:20:05,GRID-BMK-102,3.286,229.16,15.33,0.935,0
2026-07-08 03:20:05,GRID-BMK-102,3.848,232.87,18.82,0.878,0
2026-07-08 04:20:05,GRID-BMK-102,3.925,227.31,19.25,0.897,0
2026-07-08 05:20:05,GRID-BMK-102,3.551,230.1,16.38,0.942,0
2026-07-08 06:20:05,GRID-BMK-102,4.328,232.91,20.95,0.887,0
2026-07-08 07:20:05,GRID-BMK-102,4.69,233.42,22.71,0.885,0
2026-07-08 08:20:05,GRID-BMK-102,5.1,230.37,24.37,0.909,0
2026-07-08 09:20:05,GRID-BMK-102,5.302,234.54,25.51,0.886,0
2026-07-08 10:20:05,GRID-BMK-102,24.333,228.55,113.76,0.936,1
2026-07-08 11:20:05,GRID-BMK-102,5.949,238.58,26.84,0.929,0
2026-07-08 12:20:05,GRID-BMK-102,6.521,227.27,31.44,0.913,0
2026-07-08 13:20:05,GRID-BMK-102,6.237,229.15,28.87,0.943,0
2026-07-08 14:20:05,GRID-BMK-102,5.703,229.0,26.46,0.941,0
2026-07-08 15:20:05,GRID-BMK-102,6.432,234.22,30.07,0.913,0
2026-07-08 16:20:05,GRID-BMK-102,5.342,227.28,24.77,0.949,0
2026-07-08 17:20:05,GRID-BMK-102,5.075,231.42,24.46,0.897,0
2026-07-08 18:20:05,GRID-BMK-102,4.39,228.93,20.04,0.957,0
2026-07-08 19:20:05,GRID-BMK-102,3.581,232.4,16.65,0.925,0
2026-07-08 20:20:05,GRID-BMK-102,3.829,229.23,17.44,0.958,0
2026-07-08 21:20:05,GRID-BMK-102,11.586,231.7,55.62,0.899,1
2026-07-08 22:20:05,GRID-BMK-102,2.484,234.27,10.97,0.967,0
2026-07-08 23:20:05,GRID-BMK-102,2.936,231.77,12.79,0.99,0
2026-07-09 00:20:05,GRID-BMK-102,2.879,231.02,13.7,0.91,0
2026-07-09 01:20:05,GRID-BMK-102,3.667,232.69,18.16,0.868,0
2026-07-09 02:20:05,GRID-BMK-102,3.588,229.88,16.95,0.921,0
2026-07-09 03:20:05,GRID-BMK-102,3.449,228.65,16.29,0.926,0
2026-07-09 04:20:05,GRID-BMK-102,19.612,231.38,87.73,0.966,1
2026-07-09 05:20:05,GRID-BMK-102,4.066,232.64,19.65,0.89,0
2026-07-09 06:20:05,GRID-BMK-102,4.255,226.93,20.19,0.928,0
2026-07-09 07:20:05,GRID-BMK-102,4.073,225.34,18.69,0.967,0
2026-07-09 08:20:05,GRID-BMK-102,5.427,231.75,25.47,0.92,0
2026-07-09 09:20:05,GRID-BMK-102,6.029,227.06,28.26,0.94,0
2026-07-09 10:20:05,GRID-BMK-102,5.936,233.34,27.05,0.941,0
2026-07-09 11:20:05,GRID-BMK-102,6.569,234.26,30.82,0.91,0
2026-07-09 12:20:05,GRID-BMK-102,6.203,232.12,27.71,0.964,0
2026-07-09 13:20:05,GRID-BMK-102,6.09,226.12,29.07,0.927,0
2026-07-09 14:20:05,GRID-BMK-102,6.611,228.59,31.28,0.925,0
2026-07-09 15:20:05,GRID-BMK-102,6.029,226.55,29.87,0.891,0
2026-07-09 16:20:05,GRID-BMK-102,5.223,230.74,24.82,0.912,0
2026-07-09 17:20:05,GRID-BMK-102,4.412,229.07,19.93,0.966,0
2026-07-09 18:20:05,GRID-BMK-102,4.146,230.81,19.66,0.914,0
2026-07-09 19:20:05,GRID-BMK-102,3.59,231.54,16.04,0.967,0
2026-07-09 20:20:05,GRID-BMK-102,3.358,228.18,16.98,0.867,0
2026-07-09 21:20:05,GRID-BMK-102,3.659,231.48,17.76,0.89,0
2026-07-09 22:20:05,GRID-BMK-102,2.833,224.9,14.06,0.896,0
2026-07-09 23:20:05,GRID-BMK-102,2.727,232.75,12.46,0.941,0
2026-07-10 00:20:05,GRID-BMK-102,3.322,236.59,14.89,0.943,0
2026-07-10 01:20:05,GRID-BMK-102,3.689,223.31,16.92,0.976,0
2026-07-10 02:20:05,GRID-BMK-102,2.976,230.58,13.86,0.931,0
2026-07-10 03:20:05,GRID-BMK-102,3.678,226.73,17.71,0.916,0
2026-07-10 04:20:05,GRID-BMK-102,3.802,234.37,17.98,0.902,0
2026-07-10 05:20:05,GRID-BMK-102,0.031,227.53,0.15,0.898,1
2026-07-10 06:20:05,GRID-BMK-102,4.181,228.82,19.62,0.931,0
2026-07-10 07:20:05,GRID-BMK-102,19.397,229.06,97.1,0.872,1
2026-07-10 08:20:05,GRID-BMK-102,5.054,227.99,24.89,0.891,0
2026-07-10 09:20:05,GRID-BMK-102,6.222,231.87,27.54,0.974,0
2026-07-10 10:20:05,GRID-BMK-102,6.046,228.97,29.42,0.898,0
2026-07-10 11:20:05,GRID-BMK-102,6.25,231.96,29.37,0.917,0
2026-07-10 12:20:05,GRID-BMK-102,5.829,234.61,27.1,0.917,0
2026-07-10 13:20:05,GRID-BMK-102,6.238,229.17,29.13,0.935,0
2026-07-10 14:20:05,GRID-BMK-102,6.228,221.88,31.24,0.898,0
2026-07-10 15:20:05,GRID-BMK-102,5.405,230.32,25.59,0.917,0
2026-07-10 16:20:05,GRID-BMK-102,0.093,228.0,0.44,0.931,1
2026-07-10 17:20:05,GRID-BMK-102,4.913,230.47,22.94,0.929,0
2026-07-10 18:20:05,GRID-BMK-102,4.419,227.31,21.59,0.9,0
2026-07-10 19:20:05,GRID-BMK-102,3.779,229.71,18.55,0.887,0
2026-07-10 20:20:05,GRID-BMK-102,3.514,230.43,16.86,0.905,0
2026-07-10 21:20:05,GRID-BMK-102,2.859,226.66,14.16,0.891,0
2026-07-10 22:20:05,GRID-BMK-102,2.993,227.89,14.39,0.913,0
2026-07-10 23:20:05,GRID-BMK-102,2.811,233.94,12.67,0.948,0
2026-07-11 00:20:05,GRID-BMK-102,4.021,227.53,18.49,0.956,0
2026-07-11 01:20:05,GRID-BMK-102,4.375,226.52,21.17,0.912,0
2026-07-11 02:20:05,GRID-BMK-102,4.279,230.1,19.29,0.964,0
2026-07-11 03:20:05,GRID-BMK-102,21.938,232.19,101.9,0.927,1
2026-07-11 04:20:05,GRID-BMK-102,3.721,231.38,16.9,0.951,0
2026-07-11 05:20:05,GRID-BMK-102,4.398,233.1,20.12,0.938,0
2026-07-11 06:20:05,GRID-BMK-102,5.412,222.52,26.87,0.905,0
2026-07-11 07:20:05,GRID-BMK-102,6.282,230.76,30.28,0.899,0
2026-07-11 08:20:05,GRID-BMK-102,6.977,227.35,33.2,0.924,0
2026-07-11 09:20:05,GRID-BMK-102,6.574,228.86,30.84,0.931,0
2026-07-11 10:20:05,GRID-BMK-102,7.454,231.0,32.6,0.99,0
2026-07-11 11:20:05,GRID-BMK-102,7.008,229.64,32.2,0.948,0
2026-07-11 12:20:05,GRID-BMK-102,6.887,225.52,34.31,0.89,0
2026-07-11 13:20:05,GRID-BMK-102,7.046,230.61,33.75,0.905,0
2026-07-11 14:20:05,GRID-BMK-102,6.98,229.46,32.13,0.947,0
2026-07-11 15:20:05,GRID-BMK-102,6.543,229.41,32.6,0.875,0
2026-07-11 16:20:05,GRID-BMK-102,6.496,231.48,28.58,0.982,0
2026-07-11 17:20:05,GRID-BMK-102,5.907,229.99,27.93,0.92,0
2026-07-11 18:20:05,GRID-BMK-102,5.399,235.0,26.83,0.856,0
2026-07-11 19:20:05,GRID-BMK-102,4.881,227.14,22.06,0.974,0
2026-07-11 20:20:05,GRID-BMK-102,4.2,230.1,21.39,0.853,0
2026-07-11 21:20:05,GRID-BMK-102,3.344,232.19,16.35,0.881,0
2026-07-11 22:20:05,GRID-BMK-102,15.071,229.51,68.69,0.956,1
2026-07-11 23:20:05,GRID-BMK-102,3.208,228.73,14.9,0.941,0
2026-07-12 00:20:05,GRID-BMK-102,4.032,232.06,18.94,0.917,0
2026-07-12 01:20:05,GRID-BMK-102,4.264,231.61,19.66,0.937,0
2026-07-12 02:20:05,GRID-BMK-102,4.982,234.72,23.28,0.912,0
2026-07-12 03:20:05,GRID-BMK-102,4.871,230.79,24.29,0.869,0
2026-07-12 04:20:05,GRID-BMK-102,4.116,229.62,20.08,0.893,0
2026-07-12 05:20:05,GRID-BMK-102,4.678,225.73,22.87,0.906,0
2026-07-12 06:20:05,GRID-BMK-102,4.99,223.68,25.43,0.877,0
2026-07-12 07:20:05,GRID-BMK-102,5.915,229.48,27.13,0.95,0
2026-07-12 08:20:05,GRID-BMK-102,6.371,228.37,28.47,0.98,0
2026-07-12 09:20:05,GRID-BMK-102,7.479,228.34,36.46,0.898,0
2026-07-12 10:20:05,GRID-BMK-102,6.624,229.96,31.49,0.915,0
2026-07-12 11:20:05,GRID-BMK-102,7.221,230.88,32.09,0.975,0
2026-07-12 12:20:05,GRID-BMK-102,7.59,226.47,35.36,0.948,0
2026-07-12 13:20:05,GRID-BMK-102,6.741,229.76,32.01,0.916,0
2026-07-12 14:20:05,GRID-BMK-102,7.836,227.45,34.8,0.99,0
2026-07-12 15:20:05,GRID-BMK-102,6.976,227.62,30.96,0.99,0
2026-07-12 16:20:05,GRID-BMK-102,5.968,227.74,28.46,0.921,0
2026-07-12 17:20:05,GRID-BMK-102,5.229,227.71,24.96,0.92,0
2026-07-12 18:20:05,GRID-BMK-102,5.069,232.7,24.33,0.895,0
2026-07-12 19:20:05,GRID-BMK-102,5.397,230.27,24.51,0.956,0
2026-07-12 20:20:05,GRID-BMK-102,4.207,233.09,18.94,0.953,0
2026-07-12 21:20:05,GRID-BMK-102,3.474,232.97,16.37,0.911,0
2026-07-12 22:20:05,GRID-BMK-102,2.935,228.63,14.59,0.88,0
2026-07-12 23:20:05,GRID-BMK-102,2.882,227.42,13.4,0.945,0
2026-07-13 00:20:05,GRID-BMK-102,3.746,229.87,18.14,0.898,0
2026-07-13 01:20:05,GRID-BMK-102,3.633,235.08,15.99,0.966,0
2026-07-13 02:20:05,GRID-BMK-102,3.5,229.71,16.03,0.95,0
2026-07-13 03:20:05,GRID-BMK-102,4.748,230.69,23.0,0.895,0
2026-07-13 04:20:05,GRID-BMK-102,3.477,228.38,16.95,0.898,0
2026-07-13 05:20:05,GRID-BMK-102,3.352,228.8,15.93,0.92,0
2026-07-13 06:20:05,GRID-BMK-102,4.694,230.17,21.86,0.933,0
2026-07-13 07:20:05,GRID-BMK-102,4.736,229.2,23.2,0.891,0
2026-07-13 08:20:05,GRID-BMK-102,5.052,227.33,25.94,0.857,0
2026-07-13 09:20:05,GRID-BMK-102,6.084,232.2,29.17,0.898,0
2026-07-13 10:20:05,GRID-BMK-102,6.289,226.14,31.34,0.887,0
2026-07-13 11:20:05,GRID-BMK-102,6.916,228.77,32.62,0.927,0
2026-07-13 12:20:05,GRID-BMK-102,6.339,227.85,32.39,0.859,0
2026-07-13 13:20:05,GRID-BMK-102,5.752,226.76,27.55,0.921,0
2026-07-13 14:20:05,GRID-BMK-102,5.734,232.56,26.58,0.927,0
2026-07-13 15:20:05,GRID-BMK-102,5.679,229.14,25.97,0.955,0
2026-07-13 16:20:05,GRID-BMK-102,5.181,226.1,25.26,0.907,0
2026-07-13 17:20:05,GRID-BMK-102,5.165,232.03,22.96,0.969,0
2026-07-13 18:20:05,GRID-BMK-102,3.858,232.69,18.24,0.909,0
2026-07-13 19:20:05,GRID-BMK-102,4.154,226.94,21.0,0.872,0
2026-07-13 20:20:05,GRID-BMK-102,3.21,224.74,15.48,0.923,0
2026-07-13 21:20:05,GRID-BMK-102,3.679,230.01,17.73,0.902,0
2026-07-13 22:20:05,GRID-BMK-102,17.095,230.7,79.26,0.935,1
2026-07-13 23:20:05,GRID-BMK-102,2.568,227.74,11.53,0.978,0
2026-07-14 00:20:05,GRID-BMK-102,3.672,232.48,17.79,0.888,0
2026-07-14 01:20:05,GRID-BMK-102,3.674,230.35,17.74,0.899,0
2026-07-14 02:20:05,GRID-BMK-102,17.753,230.07,83.0,0.93,1
2026-07-14 03:20:05,GRID-BMK-102,3.99,235.82,17.89,0.946,0
2026-07-14 04:20:05,GRID-BMK-102,3.607,227.98,17.93,0.882,0
2026-07-14 05:20:05,GRID-BMK-102,3.523,228.5,16.79,0.918,0
2026-07-14 06:20:05,GRID-BMK-102,4.586,232.89,20.76,0.948,0
2026-07-14 07:20:05,GRID-BMK-102,5.198,229.15,25.06,0.905,0
2026-07-14 08:20:05,GRID-BMK-102,5.308,231.2,24.33,0.944,0
2026-07-14 09:20:05,GRID-BMK-102,5.149,229.52,23.97,0.936,0
2026-07-14 10:20:05,GRID-BMK-102,6.181,232.33,27.48,0.968,0
2026-07-14 11:20:05,GRID-BMK-102,6.554,232.61,28.68,0.983,0
2026-07-14 12:20:05,GRID-BMK-102,6.471,232.2,30.6,0.911,0
2026-07-14 13:20:05,GRID-BMK-102,6.27,236.73,31.6,0.838,0
2026-07-14 14:20:05,GRID-BMK-102,6.583,225.12,32.37,0.903,0
2026-07-14 15:20:05,GRID-BMK-102,5.692,229.0,26.74,0.93,0
2026-07-14 16:20:05,GRID-BMK-102,4.963,230.97,24.44,0.879,0
2026-07-14 17:20:05,GRID-BMK-102,4.716,233.14,20.9,0.968,0
2026-07-14 18:20:05,GRID-BMK-102,3.938,227.2,20.36,0.851,0
2026-07-14 19:20:05,GRID-BMK-102,3.709,229.4,17.33,0.933,0
2026-07-14 20:20:05,GRID-BMK-102,15.242,225.43,71.63,0.944,1
2026-07-14 21:20:05,GRID-BMK-102,2.97,233.36,14.48,0.879,0
2026-07-14 22:20:05,GRID-BMK-102,3.166,230.97,14.83,0.924,0
2026-07-14 23:20:05,GRID-BMK-102,2.153,230.09,10.26,0.912,0
2026-07-15 00:20:05,GRID-BMK-102,4.15,231.79,19.92,0.899,0
2026-07-15 01:20:05,GRID-BMK-102,3.725,225.34,17.58,0.94,0
2026-07-15 02:20:05,GRID-BMK-102,4.171,223.76,19.5,0.956,0
2026-07-15 03:20:05,GRID-BMK-102,3.409,233.53,16.27,0.897,0
2026-07-15 04:20:05,GRID-BMK-102,3.93,236.18,17.76,0.937,0
2026-07-15 05:20:05,GRID-BMK-102,3.643,225.46,17.26,0.936,0
2026-07-15 06:20:05,GRID-BMK-102,4.317,223.69,20.88,0.924,0
2026-07-15 07:20:05,GRID-BMK-102,4.31,235.31,19.78,0.926,0
2026-07-15 08:20:05,GRID-BMK-102,4.871,233.57,22.18,0.94,0
2026-07-15 09:20:05,GRID-BMK-102,5.168,225.01,24.47,0.939,0
2026-07-15 10:20:05,GRID-BMK-102,5.902,229.62,27.85,0.923,0
2026-07-15 11:20:05,GRID-BMK-102,6.059,229.87,27.67,0.953,0
2026-07-15 12:20:05,GRID-BMK-102,5.499,231.06,26.72,0.891,0
2026-07-15 13:20:05,GRID-BMK-102,6.197,224.39,30.95,0.892,0
2026-07-15 14:20:05,GRID-BMK-102,6.287,228.7,28.26,0.973,0
2026-07-15 15:20:05,GRID-BMK-102,5.573,231.42,25.59,0.941,0
2026-07-15 16:20:05,GRID-BMK-102,5.179,227.48,25.14,0.906,0
2026-07-15 17:20:05,GRID-BMK-102,4.862,231.74,22.74,0.923,0
2026-07-15 18:20:05,GRID-BMK-102,4.468,233.93,20.81,0.918,0
2026-07-15 19:20:05,GRID-BMK-102,3.888,227.85,18.98,0.899,0
2026-07-15 20:20:05,GRID-BMK-102,3.351,234.06,17.39,0.823,0
2026-07-15 21:20:05,GRID-BMK-102,3.255,228.5,15.48,0.92,0
2026-07-15 22:20:05,GRID-BMK-102,2.944,231.43,13.56,0.938,0
2026-07-15 23:20:05,GRID-BMK-102,1.875,232.48,8.57,0.941,0
2026-07-16 00:20:05,GRID-BMK-102,3.427,231.98,16.26,0.908,0
2026-07-16 01:20:05,GRID-BMK-102,3.068,227.67,14.11,0.955,0
2026-07-16 02:20:05,GRID-BMK-102,3.771,229.83,17.52,0.936,0
2026-07-16 03:20:05,GRID-BMK-102,3.288,229.93,15.95,0.897,0
2026-07-16 04:20:05,GRID-BMK-102,4.015,230.12,19.27,0.905,0
2026-07-16 05:20:05,GRID-BMK-102,3.616,233.56,17.93,0.863,0
2026-07-16 06:20:05,GRID-BMK-102,4.766,227.11,23.12,0.908,0
2026-07-16 07:20:05,GRID-BMK-102,4.658,228.3,21.73,0.939,0
2026-07-16 08:20:05,GRID-BMK-102,5.323,232.06,26.73,0.858,0
2026-07-16 09:20:05,GRID-BMK-102,6.319,237.28,29.5,0.903,0
2026-07-16 10:20:05,GRID-BMK-102,5.944,232.97,27.07,0.942,0
2026-07-16 11:20:05,GRID-BMK-102,6.238,229.73,29.04,0.935,0
2026-07-16 12:20:05,GRID-BMK-102,6.251,230.2,28.76,0.944,0
2026-07-16 13:20:05,GRID-BMK-102,5.895,232.63,28.22,0.898,0
2026-07-16 14:20:05,GRID-BMK-102,5.587,233.46,24.17,0.99,0
2026-07-16 15:20:05,GRID-BMK-102,5.569,235.22,25.66,0.923,0
2026-07-16 16:20:05,GRID-BMK-102,4.975,224.78,23.22,0.953,0
2026-07-16 17:20:05,GRID-BMK-102,4.193,226.64,20.12,0.92,0
2026-07-16 18:20:05,GRID-BMK-102,4.392,229.85,20.66,0.925,0
2026-07-16 19:20:05,GRID-BMK-102,4.142,232.43,19.5,0.914,0
2026-07-16 20:20:05,GRID-BMK-102,3.321,233.86,15.57,0.912,0
2026-07-16 21:20:05,GRID-BMK-102,3.22,227.01,15.9,0.892,0
2026-07-16 22:20:05,GRID-BMK-102,2.595,228.07,12.09,0.941,0
2026-07-16 23:20:05,GRID-BMK-102,2.482,229.97,11.76,0.918,0
2026-07-17 00:20:05,GRID-BMK-102,3.79,227.79,17.48,0.952,0
2026-07-17 01:20:05,GRID-BMK-102,3.98,231.31,18.46,0.932,0
2026-07-17 02:20:05,GRID-BMK-102,3.905,235.46,18.08,0.918,0
2026-07-17 03:20:05,GRID-BMK-102,3.884,232.26,18.2,0.919,0
2026-07-17 04:20:05,GRID-BMK-102,4.285,230.04,19.99,0.932,0
2026-07-17 05:20:05,GRID-BMK-102,4.097,229.03,19.49,0.918,0
2026-07-17 06:20:05,GRID-BMK-102,4.672,230.24,21.93,0.925,0
2026-07-17 07:20:05,GRID-BMK-102,4.625,231.44,21.92,0.912,0
2026-07-17 08:20:05,GRID-BMK-102,5.581,229.32,25.27,0.963,0
2026-07-17 09:20:05,GRID-BMK-102,5.471,235.06,25.58,0.91,0
2026-07-17 10:20:05,GRID-BMK-102,6.559,229.88,29.8,0.957,0
2026-07-17 11:20:05,GRID-BMK-102,5.831,229.79,25.98,0.977,0
2026-07-17 12:20:05,GRID-BMK-102,5.323,228.07,25.9,0.901,0
2026-07-17 13:20:05,GRID-BMK-102,5.855,226.02,27.52,0.941,0
2026-07-17 14:20:05,GRID-BMK-102,5.754,233.36,27.39,0.9,0
2026-07-17 15:20:05,GRID-BMK-102,5.528,229.6,27.12,0.888,0
2026-07-17 16:20:05,GRID-BMK-102,5.616,234.31,26.98,0.888,0
2026-07-17 17:20:05,GRID-BMK-102,4.584,226.98,22.78,0.886,0
2026-07-17 18:20:05,GRID-BMK-102,4.074,234.62,19.46,0.892,0
2026-07-17 19:20:05,GRID-BMK-102,4.317,228.73,20.49,0.921,0
2026-07-17 20:20:05,GRID-BMK-102,3.7,229.65,17.78,0.906,0
2026-07-17 21:20:05,GRID-BMK-102,3.21,232.11,14.35,0.964,0
2026-07-17 22:20:05,GRID-BMK-102,2.438,228.58,10.77,0.99,0
2026-07-17 23:20:05,GRID-BMK-102,2.888,231.86,13.5,0.923,0
2026-07-18 00:20:05,GRID-BMK-102,4.515,230.9,21.28,0.919,0
2026-07-18 01:20:05,GRID-BMK-102,3.802,235.02,17.56,0.921,0
2026-07-18 02:20:05,GRID-BMK-102,4.734,227.27,22.98,0.906,0
2026-07-18 03:20:05,GRID-BMK-102,4.061,233.97,19.47,0.891,0
2026-07-18 04:20:05,GRID-BMK-102,4.098,230.38,19.66,0.905,0
2026-07-18 05:20:05,GRID-BMK-102,4.852,227.37,22.69,0.94,0
2026-07-18 06:20:05,GRID-BMK-102,4.862,235.83,22.98,0.897,0
2026-07-18 07:20:05,GRID-BMK-102,6.089,231.79,27.7,0.948,0
2026-07-18 08:20:05,GRID-BMK-102,6.994,228.59,34.71,0.881,0
2026-07-18 09:20:05,GRID-BMK-102,6.637,235.94,31.02,0.907,0
2026-07-18 10:20:05,GRID-BMK-102,7.329,231.83,33.73,0.937,0
2026-07-18 11:20:05,GRID-BMK-102,7.521,232.54,35.55,0.91,0
2026-07-18 12:20:05,GRID-BMK-102,7.338,230.94,34.05,0.933,0
2026-07-18 13:20:05,GRID-BMK-102,7.678,229.11,35.05,0.956,0
2026-07-18 14:20:05,GRID-BMK-102,7.178,224.49,33.25,0.962,0
2026-07-18 15:20:05,GRID-BMK-102,6.87,234.22,31.46,0.932,0
2026-07-18 16:20:05,GRID-BMK-102,6.332,229.45,30.77,0.897,0
2026-07-18 17:20:05,GRID-BMK-102,6.45,232.02,32.01,0.869,0
2026-07-18 18:20:05,GRID-BMK-102,5.67,230.29,26.96,0.913,0
2026-07-18 19:20:05,GRID-BMK-102,4.876,231.9,22.81,0.922,0
2026-07-18 20:20:05,GRID-BMK-102,4.493,227.27,21.5,0.919,0
2026-07-18 21:20:05,GRID-BMK-102,3.675,231.54,18.31,0.867,0
2026-07-18 22:20:05,GRID-BMK-102,3.303,226.49,15.75,0.926,0
2026-07-18 23:20:05,GRID-BMK-102,2.645,226.31,12.69,0.921,0
2026-07-19 00:20:05,GRID-BMK-102,4.265,230.88,20.6,0.897,0
2026-07-19 01:20:05,GRID-BMK-102,4.407,230.6,22.0,0.869,0
2026-07-19 02:20:05,GRID-BMK-102,4.46,232.36,22.15,0.867,0
2026-07-19 03:20:05,GRID-BMK-102,4.968,227.81,23.0,0.948,0
2026-07-19 04:20:05,GRID-BMK-102,4.873,229.24,23.46,0.906,0
2026-07-19 05:20:05,GRID-BMK-102,4.599,226.93,22.81,0.888,0
2026-07-19 06:20:05,GRID-BMK-102,4.964,232.28,23.71,0.901,0
2026-07-19 07:20:05,GRID-BMK-102,5.365,227.1,24.73,0.955,0
2026-07-19 08:20:05,GRID-BMK-102,7.132,227.42,34.45,0.91,0
2026-07-19 09:20:05,GRID-BMK-102,6.687,227.93,33.41,0.878,0
2026-07-19 10:20:05,GRID-BMK-102,6.717,233.82,31.32,0.917,0
2026-07-19 11:20:05,GRID-BMK-102,8.001,230.08,36.73,0.947,0
2026-07-19 12:20:05,GRID-BMK-102,8.142,228.94,38.94,0.913,0
2026-07-19 13:20:05,GRID-BMK-102,7.484,228.92,34.83,0.939,0
2026-07-19 14:20:05,GRID-BMK-102,7.041,228.12,32.25,0.957,0
2026-07-19 15:20:05,GRID-BMK-102,6.985,230.07,35.65,0.852,0
2026-07-19 16:20:05,GRID-BMK-102,5.99,228.5,28.98,0.905,0
2026-07-19 17:20:05,GRID-BMK-102,6.615,231.67,31.13,0.917,0
2026-07-19 18:20:05,GRID-BMK-102,5.913,230.37,27.23,0.943,0
2026-07-19 19:20:05,GRID-BMK-102,4.768,227.39,22.85,0.918,0
2026-07-19 20:20:05,GRID-BMK-102,3.923,228.5,17.66,0.972,0
2026-07-19 21:20:05,GRID-BMK-102,4.63,232.77,20.62,0.964,0
2026-07-19 22:20:05,GRID-BMK-102,4.063,229.26,20.88,0.849,0
2026-07-19 23:20:05,GRID-BMK-102,3.446,231.83,16.08,0.925,0
2026-07-20 00:20:05,GRID-BMK-102,3.668,227.63,16.95,0.95,0
2026-07-20 01:20:05,GRID-BMK-102,3.569,236.08,16.92,0.893,0
2026-07-20 02:20:05,GRID-BMK-102,3.716,228.68,17.97,0.904,0
2026-07-20 03:20:05,GRID-BMK-102,3.367,223.85,16.55,0.909,0
2026-07-20 04:20:05,GRID-BMK-102,3.873,229.88,17.85,0.944,0
2026-07-20 05:20:05,GRID-BMK-102,4.094,235.79,18.85,0.921,0
2026-07-20 06:20:05,GRID-BMK-102,4.512,235.75,21.89,0.874,0
2026-07-20 07:20:05,GRID-BMK-102,4.529,229.97,20.74,0.95,0
2026-07-20 08:20:05,GRID-BMK-102,5.049,229.36,25.19,0.874,0
2026-07-20 09:20:05,GRID-BMK-102,5.344,227.83,26.26,0.893,0
2026-07-20 10:20:05,GRID-BMK-102,5.861,226.33,27.11,0.955,0
2026-07-20 11:20:05,GRID-BMK-102,5.973,231.14,28.64,0.902,0
2026-07-20 12:20:05,GRID-BMK-102,5.989,225.8,31.01,0.855,0
2026-07-20 13:20:05,GRID-BMK-102,6.139,229.23,29.16,0.918,0
2026-07-20 14:20:05,GRID-BMK-102,6.325,232.0,29.66,0.919,0
2026-07-20 15:20:05,GRID-BMK-102,6.092,232.67,27.51,0.952,0
2026-07-20 16:20:05,GRID-BMK-102,5.429,230.51,26.32,0.895,0
2026-07-20 17:20:05,GRID-BMK-102,5.058,229.48,24.5,0.9,0
2026-07-20 18:20:05,GRID-BMK-102,3.938,226.84,18.28,0.95,0
2026-07-20 19:20:05,GRID-BMK-102,4.02,226.75,19.5,0.909,0
2026-07-20 20:20:05,GRID-BMK-102,3.601,227.81,17.7,0.893,0
2026-07-20 21:20:05,GRID-BMK-102,0.05,229.87,0.24,0.91,1
2026-07-20 22:20:05,GRID-BMK-102,2.608,228.83,11.81,0.965,0
2026-07-20 23:20:05,GRID-BMK-102,2.347,237.32,10.46,0.945,0
2026-07-21 00:20:05,GRID-BMK-102,3.449,228.49,16.85,0.896,0
2026-07-21 01:20:05,GRID-BMK-102,3.47,231.94,16.21,0.923,0
2026-07-21 02:20:05,GRID-BMK-102,4.02,231.48,19.92,0.872,0
2026-07-21 03:20:05,GRID-BMK-102,3.808,232.14,18.41,0.891,0
2026-07-21 04:20:05,GRID-BMK-102,4.245,228.75,20.92,0.887,0
2026-07-21 05:20:05,GRID-BMK-102,3.581,231.81,16.73,0.923,0
2026-07-21 06:20:05,GRID-BMK-102,3.789,230.27,18.15,0.907,0
2026-07-21 07:20:05,GRID-BMK-102,4.878,230.66,22.05,0.959,0
2026-07-21 08:20:05,GRID-BMK-102,5.01,226.82,23.18,0.953,0
2026-07-21 09:20:05,GRID-BMK-102,5.567,223.84,28.12,0.885,0
2026-07-21 10:20:05,GRID-BMK-102,6.424,223.59,30.48,0.943,0
2026-07-21 11:20:05,GRID-BMK-102,5.896,231.71,27.1,0.939,0
2026-07-21 12:20:05,GRID-BMK-102,0.035,231.93,0.17,0.889,1
2026-07-21 13:20:05,GRID-BMK-102,6.003,226.01,28.65,0.927,0
2026-07-21 14:20:05,GRID-BMK-102,5.717,227.77,27.47,0.914,0
2026-07-21 15:20:05,GRID-BMK-102,4.602,227.69,22.36,0.904,0
2026-07-21 16:20:05,GRID-BMK-102,5.245,234.63,23.54,0.95,0
2026-07-21 17:20:05,GRID-BMK-102,5.146,228.32,24.93,0.904,0
2026-07-21 18:20:05,GRID-BMK-102,4.533,228.21,20.59,0.965,0
2026-07-21 19:20:05,GRID-BMK-102,0.064,234.82,0.29,0.947,1
2026-07-21 20:20:05,GRID-BMK-102,3.643,232.55,16.55,0.947,0
2026-07-21 21:20:05,GRID-BMK-102,2.803,229.41,13.05,0.936,0
2026-07-21 22:20:05,GRID-BMK-102,3.324,229.86,16.1,0.898,0
2026-07-21 23:20:05,GRID-BMK-102,2.408,232.26,11.22,0.924,0
2026-07-22 00:20:05,GRID-BMK-102,3.615,231.0,16.32,0.959,0
2026-07-22 01:20:05,GRID-BMK-102,3.89,231.65,18.65,0.9,0
2026-07-22 02:20:05,GRID-BMK-102,3.6,226.29,17.39,0.915,0
2026-07-22 03:20:05,GRID-BMK-102,4.121,225.36,19.05,0.96,0
2026-07-22 04:20:05,GRID-BMK-102,3.801,230.5,17.07,0.966,0
2026-07-22 05:20:05,GRID-BMK-102,0.052,230.03,0.26,0.876,1
2026-07-22 06:20:05,GRID-BMK-102,5.223,231.56,24.35,0.926,0
2026-07-22 07:20:05,GRID-BMK-102,5.06,228.96,24.24,0.912,0
2026-07-22 08:20:05,GRID-BMK-102,5.735,230.88,26.37,0.942,0
2026-07-22 09:20:05,GRID-BMK-102,6.1,227.0,29.13,0.923,0
2026-07-22 10:20:05,GRID-BMK-102,6.211,227.83,29.58,0.922,0
2026-07-22 11:20:05,GRID-BMK-102,6.186,223.52,30.71,0.901,0
2026-07-22 12:20:05,GRID-BMK-102,6.604,232.14,31.99,0.889,0
2026-07-22 13:20:05,GRID-BMK-102,6.33,229.64,28.6,0.964,0
2026-07-22 14:20:05,GRID-BMK-102,6.177,233.5,27.94,0.947,0
2026-07-22 15:20:05,GRID-BMK-102,5.621,232.46,27.09,0.893,0
2026-07-22 16:20:05,GRID-BMK-102,5.622,226.94,27.13,0.913,0
2026-07-22 17:20:05,GRID-BMK-102,4.593,233.62,22.67,0.867,0
2026-07-22 18:20:05,GRID-BMK-102,4.468,230.18,21.02,0.923,0
2026-07-22 19:20:05,GRID-BMK-102,3.752,227.53,17.95,0.919,0
2026-07-22 20:20:05,GRID-BMK-102,3.232,228.65,15.33,0.922,0
2026-07-22 21:20:05,GRID-BMK-102,0.02,231.82,0.09,0.949,1
2026-07-22 22:20:05,GRID-BMK-102,2.894,224.5,14.4,0.895,0
2026-07-22 23:20:05,GRID-BMK-102,2.467,234.26,11.76,0.895,0
2026-07-23 00:20:05,GRID-BMK-102,4.181,224.23,19.89,0.937,0
2026-07-23 01:20:05,GRID-BMK-102,3.636,232.16,16.85,0.93,0
2026-07-23 02:20:05,GRID-BMK-102,3.516,227.31,17.06,0.907,0
2026-07-23 03:20:05,GRID-BMK-102,3.76,232.93,17.03,0.948,0
2026-07-23 04:20:05,GRID-BMK-102,3.978,233.5,18.56,0.918,0
2026-07-23 05:20:05,GRID-BMK-102,3.623,232.46,16.88,0.923,0
2026-07-23 06:20:05,GRID-BMK-102,4.602,229.19,21.67,0.927,0
2026-07-23 07:20:05,GRID-BMK-102,4.628,224.96,22.73,0.905,0
2026-07-23 08:20:05,GRID-BMK-102,5.787,234.4,27.64,0.893,0
2026-07-23 09:20:05,GRID-BMK-102,0.011,229.34,0.05,0.91,1
2026-07-23 10:20:05,GRID-BMK-102,6.569,229.08,30.81,0.931,0
2026-07-23 11:20:05,GRID-BMK-102,6.311,226.21,29.4,0.949,0
2026-07-23 12:20:05,GRID-BMK-102,5.848,227.34,30.82,0.834,0
2026-07-23 13:20:05,GRID-BMK-102,6.312,226.91,28.76,0.967,0
2026-07-23 14:20:05,GRID-BMK-102,5.831,226.95,27.16,0.946,0
2026-07-23 15:20:05,GRID-BMK-102,5.925,231.44,29.21,0.877,0
2026-07-23 16:20:05,GRID-BMK-102,6.169,227.29,27.42,0.99,0
2026-07-23 17:20:05,GRID-BMK-102,4.769,230.89,22.8,0.906,0
2026-07-23 18:20:05,GRID-BMK-102,4.014,229.28,18.26,0.959,0
2026-07-23 19:20:05,GRID-BMK-102,3.927,225.75,18.14,0.959,0
2026-07-23 20:20:05,GRID-BMK-102,3.685,229.2,17.38,0.925,0
2026-07-23 21:20:05,GRID-BMK-102,3.455,229.38,15.7,0.96,0
2026-07-23 22:20:05,GRID-BMK-102,3.25,229.64,16.09,0.88,0
2026-07-23 23:20:05,GRID-BMK-102,2.525,227.0,12.3,0.905,0
2026-07-24 00:20:05,GRID-BMK-102,4.023,229.79,18.98,0.923,0
2026-07-24 01:20:05,GRID-BMK-102,3.606,231.34,16.78,0.929,0
2026-07-24 02:20:05,GRID-BMK-102,0.01,231.63,0.05,0.91,1
2026-07-24 03:20:05,GRID-BMK-102,12.977,227.75,63.07,0.903,1
2026-07-24 04:20:05,GRID-BMK-102,18.305,231.4,82.46,0.959,1
2026-07-24 05:20:05,GRID-BMK-102,4.041,230.9,18.57,0.942,0
2026-07-24 06:20:05,GRID-BMK-102,4.314,231.8,20.85,0.893,0
2026-07-24 07:20:05,GRID-BMK-102,4.918,228.85,23.75,0.905,0
2026-07-24 08:20:05,GRID-BMK-102,5.492,234.04,25.65,0.915,0
2026-07-24 09:20:05,GRID-BMK-102,6.09,232.07,31.05,0.845,0
2026-07-24 10:20:05,GRID-BMK-102,6.417,229.15,32.53,0.861,0
2026-07-24 11:20:05,GRID-BMK-102,6.235,230.27,29.91,0.905,0
2026-07-24 12:20:05,GRID-BMK-102,6.333,227.18,29.23,0.954,0
2026-07-24 13:20:05,GRID-BMK-102,6.39,231.53,28.91,0.955,0
2026-07-24 14:20:05,GRID-BMK-102,5.887,225.83,27.14,0.961,0
2026-07-24 15:20:05,GRID-BMK-102,6.312,228.46,30.04,0.92,0
2026-07-24 16:20:05,GRID-BMK-102,5.12,234.91,24.31,0.897,0
2026-07-24 17:20:05,GRID-BMK-102,5.096,228.79,25.08,0.888,0
2026-07-24 18:20:05,GRID-BMK-102,4.288,233.4,18.98,0.968,0
2026-07-24 19:20:05,GRID-BMK-102,4.137,230.55,19.48,0.921,0
2026-07-24 20:20:05,GRID-BMK-102,3.213,232.17,15.0,0.923,0
2026-07-24 21:20:05,GRID-BMK-102,11.758,228.43,57.32,0.898,1
2026-07-24 22:20:05,GRID-BMK-102,0.089,227.48,0.42,0.927,1
2026-07-24 23:20:05,GRID-BMK-102,2.565,228.91,12.11,0.926,0
2026-07-25 00:20:05,GRID-BMK-102,4.863,229.93,21.82,0.969,0
2026-07-25 01:20:05,GRID-BMK-102,4.754,231.83,23.29,0.88,0
2026-07-25 02:20:05,GRID-BMK-102,0.092,227.49,0.42,0.97,1
2026-07-25 03:20:05,GRID-BMK-102,5.176,234.93,25.05,0.88,0
2026-07-25 04:20:05,GRID-BMK-102,4.464,234.49,20.91,0.911,0
2026-07-25 05:20:05,GRID-BMK-102,4.799,227.6,23.65,0.892,0
2026-07-25 06:20:05,GRID-BMK-102,5.156,234.03,24.53,0.898,0
2026-07-25 07:20:05,GRID-BMK-102,5.584,230.59,25.3,0.957,0
2026-07-25 08:20:05,GRID-BMK-102,5.513,228.3,27.9,0.866,0
2026-07-25 09:20:05,GRID-BMK-102,6.477,233.77,33.16,0.836,0
2026-07-25 10:20:05,GRID-BMK-102,6.577,230.25,31.47,0.908,0
2026-07-25 11:20:05,GRID-BMK-102,7.919,232.74,35.63,0.955,0
2026-07-25 12:20:05,GRID-BMK-102,6.892,225.79,33.27,0.917,0
2026-07-25 13:20:05,GRID-BMK-102,8.189,229.82,38.65,0.922,0
2026-07-25 14:20:05,GRID-BMK-102,6.643,232.84,30.08,0.949,0
2026-07-25 15:20:05,GRID-BMK-102,7.103,230.38,35.33,0.873,0
2026-07-25 16:20:05,GRID-BMK-102,5.983,226.47,29.12,0.907,0
2026-07-25 17:20:05,GRID-BMK-102,5.674,230.68,26.69,0.922,0
2026-07-25 18:20:05,GRID-BMK-102,5.357,227.03,25.56,0.923,0
2026-07-25 19:20:05,GRID-BMK-102,4.787,231.3,24.0,0.862,0
2026-07-25 20:20:05,GRID-BMK-102,4.631,232.78,21.6,0.921,0
2026-07-25 21:20:05,GRID-BMK-102,3.634,228.21,16.99,0.937,0
2026-07-25 22:20:05,GRID-BMK-102,2.675,230.46,12.65,0.918,0
2026-07-25 23:20:05,GRID-BMK-102,3.614,234.32,16.54,0.933,0
2026-07-26 00:20:05,GRID-BMK-102,4.237,232.33,20.81,0.876,0
2026-07-26 01:20:05,GRID-BMK-102,4.512,226.57,22.29,0.893,0
2026-07-26 02:20:05,GRID-BMK-102,4.586,228.44,22.6,0.888,0
2026-07-26 03:20:05,GRID-BMK-102,21.308,231.98,100.32,0.916,1
2026-07-26 04:20:05,GRID-BMK-102,4.843,233.49,22.23,0.933,0
2026-07-26 05:20:05,GRID-BMK-102,4.487,229.89,21.63,0.902,0
2026-07-26 06:20:05,GRID-BMK-102,5.119,224.38,25.77,0.885,0
2026-07-26 07:20:05,GRID-BMK-102,5.137,236.97,23.85,0.909,0
2026-07-26 08:20:05,GRID-BMK-102,6.025,224.2,30.98,0.867,0
2026-07-26 09:20:05,GRID-BMK-102,6.362,229.48,31.08,0.892,0
2026-07-26 10:20:05,GRID-BMK-102,6.797,231.02,32.22,0.913,0
2026-07-26 11:20:05,GRID-BMK-102,7.382,229.45,32.8,0.981,0
2026-07-26 12:20:05,GRID-BMK-102,7.331,232.66,33.3,0.946,0
2026-07-26 13:20:05,GRID-BMK-102,7.037,230.84,33.33,0.915,0
2026-07-26 14:20:05,GRID-BMK-102,7.263,235.5,35.29,0.874,0
2026-07-26 15:20:05,GRID-BMK-102,6.775,230.69,33.39,0.88,0
2026-07-26 16:20:05,GRID-BMK-102,6.145,227.8,30.77,0.877,0
2026-07-26 17:20:05,GRID-BMK-102,5.683,231.17,26.14,0.94,0
2026-07-26 18:20:05,GRID-BMK-102,5.386,228.32,25.26,0.934,0
2026-07-26 19:20:05,GRID-BMK-102,4.537,224.57,22.7,0.89,0
2026-07-26 20:20:05,GRID-BMK-102,4.277,226.89,20.2,0.933,0
2026-07-26 21:20:05,GRID-BMK-102,3.49,228.47,18.27,0.836,0
2026-07-26 22:20:05,GRID-BMK-102,2.784,238.98,11.98,0.972,0
2026-07-26 23:20:05,GRID-BMK-102,3.465,229.23,15.78,0.958,0
2026-07-27 00:20:05,GRID-BMK-102,3.527,233.79,16.26,0.928,0
2026-07-27 01:20:05,GRID-BMK-102,3.454,233.48,16.31,0.907,0
2026-07-27 02:20:05,GRID-BMK-102,4.17,234.58,18.85,0.943,0
2026-07-27 03:20:05,GRID-BMK-102,3.614,230.3,17.06,0.92,0
2026-07-27 04:20:05,GRID-BMK-102,3.706,226.02,17.5,0.937,0
2026-07-27 05:20:05,GRID-BMK-102,3.879,226.96,18.07,0.946,0
2026-07-27 06:20:05,GRID-BMK-102,4.388,230.27,20.64,0.923,0
2026-07-27 07:20:05,GRID-BMK-102,5.175,228.08,24.61,0.922,0
2026-07-27 08:20:05,GRID-BMK-102,5.972,230.24,32.22,0.805,0
2026-07-27 09:20:05,GRID-BMK-102,6.053,227.71,29.37,0.905,0
2026-07-27 10:20:05,GRID-BMK-102,6.152,225.32,30.76,0.888,0
2026-07-27 11:20:05,GRID-BMK-102,6.251,227.95,29.1,0.942,0
2026-07-27 12:20:05,GRID-BMK-102,6.058,230.72,27.22,0.965,0
2026-07-27 13:20:05,GRID-BMK-102,5.534,236.5,26.39,0.887,0
2026-07-27 14:20:05,GRID-BMK-102,6.132,231.35,27.97,0.948,0
2026-07-27 15:20:05,GRID-BMK-102,5.538,229.23,26.05,0.927,0
2026-07-27 16:20:05,GRID-BMK-102,5.18,236.56,23.99,0.913,0
2026-07-27 17:20:05,GRID-BMK-102,5.096,220.65,25.06,0.922,0
2026-07-27 18:20:05,GRID-BMK-102,4.726,232.36,21.47,0.947,0
2026-07-27 19:20:05,GRID-BMK-102,3.648,229.18,16.24,0.98,0
2026-07-27 20:20:05,GRID-BMK-102,15.593,234.02,74.13,0.899,1
2026-07-27 21:20:05,GRID-BMK-102,2.732,231.37,12.82,0.921,0
2026-07-27 22:20:05,GRID-BMK-102,2.728,226.83,13.93,0.864,0
2026-07-27 23:20:05,GRID-BMK-102,2.363,237.81,10.5,0.946,0
2026-07-28 00:20:05,GRID-BMK-102,3.593,230.81,17.21,0.904,0
2026-07-28 01:20:05,GRID-BMK-102,4.205,229.94,20.31,0.901,0
2026-07-28 02:20:05,GRID-BMK-102,3.941,226.8,19.36,0.897,0
2026-07-28 03:20:05,GRID-BMK-102,3.927,230.51,18.17,0.938,0
2026-07-28 04:20:05,GRID-BMK-102,3.53,228.83,17.41,0.886,0
2026-07-28 05:20:05,GRID-BMK-102,0.003,225.05,0.01,0.942,1
2026-07-28 06:20:05,GRID-BMK-102,4.15,233.41,19.53,0.91,0
2026-07-28 07:20:05,GRID-BMK-102,5.288,235.53,24.32,0.923,0
2026-07-28 08:20:05,GRID-BMK-102,5.355,226.93,26.19,0.901,0
2026-07-28 09:20:05,GRID-BMK-102,5.111,237.15,23.51,0.917,0
2026-07-28 10:20:05,GRID-BMK-102,6.233,233.08,27.31,0.979,0
2026-07-28 11:20:05,GRID-BMK-102,6.261,224.18,31.93,0.875,0
2026-07-28 12:20:05,GRID-BMK-102,5.993,230.42,27.53,0.945,0
2026-07-28 13:20:05,GRID-BMK-102,6.388,230.39,30.73,0.902,0
2026-07-28 14:20:05,GRID-BMK-102,5.776,229.2,28.22,0.893,0
2026-07-28 15:20:05,GRID-BMK-102,6.492,234.35,29.45,0.941,0
2026-07-28 16:20:05,GRID-BMK-102,5.253,232.52,25.24,0.895,0
2026-07-28 17:20:05,GRID-BMK-102,4.728,234.33,23.35,0.864,0
2026-07-28 18:20:05,GRID-BMK-102,4.429,234.99,20.6,0.915,0
2026-07-28 19:20:05,GRID-BMK-102,3.871,232.36,17.84,0.934,0
2026-07-28 20:20:05,GRID-BMK-102,3.555,232.14,16.1,0.951,0
2026-07-28 21:20:05,GRID-BMK-102,3.253,232.17,15.36,0.912,0
2026-07-28 22:20:05,GRID-BMK-102,2.895,229.49,13.67,0.923,0
2026-07-28 23:20:05,GRID-BMK-102,2.666,234.2,11.5,0.99,0
2026-07-29 00:20:05,GRID-BMK-102,3.577,230.95,16.52,0.938,0
2026-07-29 01:20:05,GRID-BMK-102,4.075,231.84,19.37,0.907,0
2026-06-14 01:20:05,GRID-BMK-103,3.71,230.63,18.31,0.878,0
2026-06-14 02:20:05,GRID-BMK-103,3.951,231.97,18.36,0.928,0
2026-06-14 03:20:05,GRID-BMK-103,4.205,226.53,19.94,0.931,0
2026-06-14 04:20:05,GRID-BMK-103,4.194,234.88,19.26,0.927,0
2026-06-14 05:20:05,GRID-BMK-103,3.574,225.2,16.82,0.943,0
2026-06-14 06:20:05,GRID-BMK-103,4.865,229.45,23.2,0.914,0
2026-06-14 07:20:05,GRID-BMK-103,5.714,225.48,26.68,0.95,0
2026-06-14 08:20:05,GRID-BMK-103,6.1,230.37,30.22,0.876,0
2026-06-14 09:20:05,GRID-BMK-103,6.087,232.15,29.88,0.878,0
2026-06-14 10:20:05,GRID-BMK-103,6.234,234.72,29.2,0.91,0
2026-06-14 11:20:05,GRID-BMK-103,7.122,225.16,34.45,0.918,0
2026-06-14 12:20:05,GRID-BMK-103,7.366,230.7,33.44,0.955,0
2026-06-14 13:20:05,GRID-BMK-103,6.904,232.12,34.96,0.851,0
2026-06-14 14:20:05,GRID-BMK-103,7.326,228.12,34.95,0.919,0
2026-06-14 15:20:05,GRID-BMK-103,7.148,226.03,33.48,0.945,0
2026-06-14 16:20:05,GRID-BMK-103,5.571,229.81,26.27,0.923,0
2026-06-14 17:20:05,GRID-BMK-103,5.578,230.97,27.32,0.884,0
2026-06-14 18:20:05,GRID-BMK-103,5.016,231.84,23.54,0.919,0
2026-06-14 19:20:05,GRID-BMK-103,4.142,234.98,19.41,0.908,0
2026-06-14 20:20:05,GRID-BMK-103,3.116,228.09,14.5,0.942,0
2026-06-14 21:20:05,GRID-BMK-103,3.407,229.48,15.26,0.973,0
2026-06-14 22:20:05,GRID-BMK-103,2.925,229.29,14.49,0.881,0
2026-06-14 23:20:05,GRID-BMK-103,3.408,233.75,14.86,0.981,0
2026-06-15 00:20:05,GRID-BMK-103,3.472,224.73,16.55,0.934,0
2026-06-15 01:20:05,GRID-BMK-103,3.561,226.63,17.05,0.922,0
2026-06-15 02:20:05,GRID-BMK-103,2.856,227.41,12.98,0.968,0
2026-06-15 03:20:05,GRID-BMK-103,2.939,229.47,14.59,0.878,0
2026-06-15 04:20:05,GRID-BMK-103,3.741,231.81,16.78,0.962,0
2026-06-15 05:20:05,GRID-BMK-103,3.523,227.95,17.69,0.874,0
2026-06-15 06:20:05,GRID-BMK-103,4.025,231.43,19.27,0.903,0
2026-06-15 07:20:05,GRID-BMK-103,3.733,234.29,16.77,0.95,0
2026-06-15 08:20:05,GRID-BMK-103,5.011,229.03,23.81,0.919,0
2026-06-15 09:20:05,GRID-BMK-103,5.662,236.28,26.9,0.891,0
2026-06-15 10:20:05,GRID-BMK-103,5.734,231.71,27.55,0.898,0
2026-06-15 11:20:05,GRID-BMK-103,5.756,230.14,25.81,0.969,0
2026-06-15 12:20:05,GRID-BMK-103,5.628,231.61,25.41,0.956,0
2026-06-15 13:20:05,GRID-BMK-103,5.708,223.42,28.41,0.899,0
2026-06-15 14:20:05,GRID-BMK-103,6.336,225.88,30.8,0.911,0
2026-06-15 15:20:05,GRID-BMK-103,5.554,231.98,25.32,0.946,0
2026-06-15 16:20:05,GRID-BMK-103,4.949,228.7,23.35,0.927,0
2026-06-15 17:20:05,GRID-BMK-103,4.858,228.13,22.39,0.951,0
2026-06-15 18:20:05,GRID-BMK-103,3.891,228.52,19.14,0.89,0
2026-06-15 19:20:05,GRID-BMK-103,3.949,227.89,19.0,0.912,0
2026-06-15 20:20:05,GRID-BMK-103,2.929,227.35,14.69,0.877,0
2026-06-15 21:20:05,GRID-BMK-103,3.289,233.42,15.56,0.906,0
2026-06-15 22:20:05,GRID-BMK-103,2.585,231.92,11.48,0.971,0
2026-06-15 23:20:05,GRID-BMK-103,2.023,231.92,9.55,0.913,0
2026-06-16 00:20:05,GRID-BMK-103,12.962,230.18,57.59,0.978,1
2026-06-16 01:20:05,GRID-BMK-103,2.862,230.42,13.64,0.91,0
2026-06-16 02:20:05,GRID-BMK-103,3.065,231.58,14.38,0.92,0
2026-06-16 03:20:05,GRID-BMK-103,3.419,232.37,15.41,0.955,0
2026-06-16 04:20:05,GRID-BMK-103,3.303,228.8,15.34,0.941,0
2026-06-16 05:20:05,GRID-BMK-103,3.408,233.26,15.88,0.92,0
2026-06-16 06:20:05,GRID-BMK-103,3.846,233.69,17.58,0.936,0
2026-06-16 07:20:05,GRID-BMK-103,5.044,231.44,23.5,0.927,0
2026-06-16 08:20:05,GRID-BMK-103,4.86,229.57,22.71,0.932,0
2026-06-16 09:20:05,GRID-BMK-103,5.06,230.04,23.78,0.925,0
2026-06-16 10:20:05,GRID-BMK-103,6.097,230.52,29.34,0.901,0
2026-06-16 11:20:05,GRID-BMK-103,5.929,229.24,28.55,0.906,0
2026-06-16 12:20:05,GRID-BMK-103,5.295,227.9,25.43,0.914,0
2026-06-16 13:20:05,GRID-BMK-103,5.889,237.52,27.23,0.91,0
2026-06-16 14:20:05,GRID-BMK-103,5.648,228.69,25.96,0.951,0
2026-06-16 15:20:05,GRID-BMK-103,5.198,229.07,24.55,0.925,0
2026-06-16 16:20:05,GRID-BMK-103,4.356,231.84,19.69,0.954,0
2026-06-16 17:20:05,GRID-BMK-103,4.291,222.52,20.21,0.954,0
2026-06-16 18:20:05,GRID-BMK-103,3.962,230.66,18.77,0.915,0
2026-06-16 19:20:05,GRID-BMK-103,4.321,229.67,19.83,0.949,0
2026-06-16 20:20:05,GRID-BMK-103,2.851,227.63,13.32,0.941,0
2026-06-16 21:20:05,GRID-BMK-103,3.287,224.71,16.56,0.883,0
2026-06-16 22:20:05,GRID-BMK-103,2.326,226.02,11.29,0.911,0
2026-06-16 23:20:05,GRID-BMK-103,2.324,229.42,11.49,0.882,0
2026-06-17 00:20:05,GRID-BMK-103,3.654,233.82,17.64,0.886,0
2026-06-17 01:20:05,GRID-BMK-103,3.112,232.12,14.71,0.912,0
2026-06-17 02:20:05,GRID-BMK-103,3.644,233.43,16.86,0.926,0
2026-06-17 03:20:05,GRID-BMK-103,2.792,238.67,12.39,0.944,0
2026-06-17 04:20:05,GRID-BMK-103,3.239,230.74,15.84,0.886,0
2026-06-17 05:20:05,GRID-BMK-103,3.195,226.28,14.77,0.956,0
2026-06-17 06:20:05,GRID-BMK-103,4.299,230.2,20.22,0.924,0
2026-06-17 07:20:05,GRID-BMK-103,5.047,231.92,22.93,0.949,0
2026-06-17 08:20:05,GRID-BMK-103,0.087,227.05,0.43,0.899,1
2026-06-17 09:20:05,GRID-BMK-103,5.664,233.82,25.46,0.952,0
2026-06-17 10:20:05,GRID-BMK-103,5.71,228.97,26.33,0.947,0
2026-06-17 11:20:05,GRID-BMK-103,5.469,232.59,24.54,0.958,0
2026-06-17 12:20:05,GRID-BMK-103,6.59,224.94,31.0,0.945,0
2026-06-17 13:20:05,GRID-BMK-103,5.831,231.41,27.07,0.931,0
2026-06-17 14:20:05,GRID-BMK-103,5.84,236.11,26.76,0.924,0
2026-06-17 15:20:05,GRID-BMK-103,5.486,228.92,25.86,0.927,0
2026-06-17 16:20:05,GRID-BMK-103,5.115,231.59,24.1,0.916,0
2026-06-17 17:20:05,GRID-BMK-103,3.637,226.57,18.12,0.886,0
2026-06-17 18:20:05,GRID-BMK-103,4.113,234.78,19.41,0.902,0
2026-06-17 19:20:05,GRID-BMK-103,3.624,231.72,16.86,0.927,0
2026-06-17 20:20:05,GRID-BMK-103,3.105,235.23,14.04,0.94,0
2026-06-17 21:20:05,GRID-BMK-103,2.512,234.25,12.22,0.878,0
2026-06-17 22:20:05,GRID-BMK-103,1.977,233.32,9.04,0.937,0
2026-06-17 23:20:05,GRID-BMK-103,2.636,224.95,12.35,0.949,0
2026-06-18 00:20:05,GRID-BMK-103,0.005,230.83,0.02,0.93,1
2026-06-18 01:20:05,GRID-BMK-103,3.363,223.7,17.31,0.868,0
2026-06-18 02:20:05,GRID-BMK-103,3.4,228.65,16.23,0.916,0
2026-06-18 03:20:05,GRID-BMK-103,2.6,232.47,12.42,0.901,0
2026-06-18 04:20:05,GRID-BMK-103,3.208,234.43,15.63,0.876,0
2026-06-18 05:20:05,GRID-BMK-103,3.571,229.35,17.94,0.868,0
2026-06-18 06:20:05,GRID-BMK-103,4.678,229.7,22.34,0.912,0
2026-06-18 07:20:05,GRID-BMK-103,4.856,226.83,22.86,0.936,0
2026-06-18 08:20:05,GRID-BMK-103,5.179,231.86,24.58,0.909,0
2026-06-18 09:20:05,GRID-BMK-103,5.724,227.62,27.19,0.925,0
2026-06-18 10:20:05,GRID-BMK-103,5.539,232.91,26.99,0.881,0
2026-06-18 11:20:05,GRID-BMK-103,6.344,224.68,29.14,0.969,0
2026-06-18 12:20:05,GRID-BMK-103,5.903,227.64,27.6,0.94,0
2026-06-18 13:20:05,GRID-BMK-103,6.019,231.54,29.32,0.886,0
2026-06-18 14:20:05,GRID-BMK-103,4.957,227.8,22.94,0.949,0
2026-06-18 15:20:05,GRID-BMK-103,5.517,235.57,25.88,0.905,0
2026-06-18 16:20:05,GRID-BMK-103,20.79,232.04,99.7,0.899,1
2026-06-18 17:20:05,GRID-BMK-103,4.784,228.86,23.97,0.872,0
2026-06-18 18:20:05,GRID-BMK-103,4.444,228.46,20.54,0.947,0
2026-06-18 19:20:05,GRID-BMK-103,3.738,226.93,18.61,0.885,0
2026-06-18 20:20:05,GRID-BMK-103,3.391,231.49,15.6,0.939,0
2026-06-18 21:20:05,GRID-BMK-103,2.56,230.17,12.12,0.918,0
2026-06-18 22:20:05,GRID-BMK-103,2.049,231.46,9.39,0.943,0
2026-06-18 23:20:05,GRID-BMK-103,2.417,230.47,10.66,0.984,0
2026-06-19 00:20:05,GRID-BMK-103,3.676,229.19,17.39,0.922,0
2026-06-19 01:20:05,GRID-BMK-103,3.857,232.59,18.78,0.883,0
2026-06-19 02:20:05,GRID-BMK-103,3.612,226.76,17.13,0.93,0
2026-06-19 03:20:05,GRID-BMK-103,3.045,230.92,14.0,0.942,0
2026-06-19 04:20:05,GRID-BMK-103,3.174,232.12,14.87,0.919,0
2026-06-19 05:20:05,GRID-BMK-103,3.781,225.31,18.02,0.931,0
2026-06-19 06:20:05,GRID-BMK-103,0.014,227.88,0.07,0.942,1
2026-06-19 07:20:05,GRID-BMK-103,4.804,233.8,22.65,0.907,0
2026-06-19 08:20:05,GRID-BMK-103,4.48,225.0,23.15,0.86,0
2026-06-19 09:20:05,GRID-BMK-103,5.745,228.42,27.49,0.915,0
2026-06-19 10:20:05,GRID-BMK-103,5.845,230.89,27.4,0.924,0
2026-06-19 11:20:05,GRID-BMK-103,6.204,229.16,30.3,0.893,0
2026-06-19 12:20:05,GRID-BMK-103,5.923,230.13,29.28,0.879,0
2026-06-19 13:20:05,GRID-BMK-103,5.755,233.16,27.67,0.892,0
2026-06-19 14:20:05,GRID-BMK-103,5.377,229.17,26.57,0.883,0
2026-06-19 15:20:05,GRID-BMK-103,5.277,234.63,25.52,0.881,0
2026-06-19 16:20:05,GRID-BMK-103,4.532,235.21,20.65,0.933,0
2026-06-19 17:20:05,GRID-BMK-103,4.427,232.03,20.19,0.945,0
2026-06-19 18:20:05,GRID-BMK-103,3.971,227.19,19.69,0.888,0
2026-06-19 19:20:05,GRID-BMK-103,4.085,228.63,19.23,0.929,0
2026-06-19 20:20:05,GRID-BMK-103,3.358,229.65,15.78,0.926,0
2026-06-19 21:20:05,GRID-BMK-103,2.815,227.44,13.94,0.888,0
2026-06-19 22:20:05,GRID-BMK-103,2.196,231.69,10.08,0.941,0
2026-06-19 23:20:05,GRID-BMK-103,2.088,224.15,9.9,0.941,0
2026-06-20 00:20:05,GRID-BMK-103,4.586,235.05,20.94,0.932,0
2026-06-20 01:20:05,GRID-BMK-103,3.985,229.18,18.67,0.931,0
2026-06-20 02:20:05,GRID-BMK-103,3.688,225.95,17.92,0.911,0
2026-06-20 03:20:05,GRID-BMK-103,4.151,227.75,22.07,0.826,0
2026-06-20 04:20:05,GRID-BMK-103,4.279,227.03,19.09,0.987,0
2026-06-20 05:20:05,GRID-BMK-103,4.041,231.72,19.9,0.876,0
2026-06-20 06:20:05,GRID-BMK-103,5.013,229.56,23.47,0.93,0
2026-06-20 07:20:05,GRID-BMK-103,5.146,231.54,25.68,0.866,0
2026-06-20 08:20:05,GRID-BMK-103,6.167,229.15,28.28,0.952,0
2026-06-20 09:20:05,GRID-BMK-103,6.241,226.63,30.26,0.91,0
2026-06-20 10:20:05,GRID-BMK-103,7.054,230.77,33.48,0.913,0
2026-06-20 11:20:05,GRID-BMK-103,7.409,231.27,34.67,0.924,0
2026-06-20 12:20:05,GRID-BMK-103,7.1,228.83,32.17,0.964,0
2026-06-20 13:20:05,GRID-BMK-103,6.463,227.99,31.39,0.903,0
2026-06-20 14:20:05,GRID-BMK-103,7.306,231.88,34.5,0.913,0
2026-06-20 15:20:05,GRID-BMK-103,6.65,228.09,30.88,0.944,0
2026-06-20 16:20:05,GRID-BMK-103,5.891,229.32,26.48,0.97,0
2026-06-20 17:20:05,GRID-BMK-103,5.296,225.97,25.0,0.938,0
2026-06-20 18:20:05,GRID-BMK-103,5.37,229.54,27.03,0.866,0
2026-06-20 19:20:05,GRID-BMK-103,4.252,229.93,19.79,0.934,0
2026-06-20 20:20:05,GRID-BMK-103,3.409,227.95,15.84,0.944,0
2026-06-20 21:20:05,GRID-BMK-103,2.929,233.55,14.16,0.885,0
2026-06-20 22:20:05,GRID-BMK-103,3.04,229.39,13.96,0.949,0
2026-06-20 23:20:05,GRID-BMK-103,2.311,231.12,10.8,0.926,0
2026-06-21 00:20:05,GRID-BMK-103,4.961,229.36,24.28,0.891,0
2026-06-21 01:20:05,GRID-BMK-103,3.927,227.38,18.49,0.934,0
2026-06-21 02:20:05,GRID-BMK-103,3.916,230.57,17.54,0.968,0
2026-06-21 03:20:05,GRID-BMK-103,4.451,230.35,21.55,0.897,0
2026-06-21 04:20:05,GRID-BMK-103,3.898,229.96,18.57,0.913,0
2026-06-21 05:20:05,GRID-BMK-103,4.055,230.14,18.36,0.96,0
2026-06-21 06:20:05,GRID-BMK-103,4.804,232.32,22.48,0.92,0
2026-06-21 07:20:05,GRID-BMK-103,5.168,232.91,25.36,0.875,0
2026-06-21 08:20:05,GRID-BMK-103,6.026,233.83,28.06,0.918,0
2026-06-21 09:20:05,GRID-BMK-103,6.283,229.85,29.92,0.913,0
2026-06-21 10:20:05,GRID-BMK-103,6.815,229.79,32.6,0.91,0
2026-06-21 11:20:05,GRID-BMK-103,6.882,227.32,32.28,0.938,0
2026-06-21 12:20:05,GRID-BMK-103,6.915,229.45,32.88,0.917,0
2026-06-21 13:20:05,GRID-BMK-103,7.394,226.43,36.73,0.889,0
2026-06-21 14:20:05,GRID-BMK-103,6.969,227.31,32.71,0.937,0
2026-06-21 15:20:05,GRID-BMK-103,6.05,233.4,27.84,0.931,0
2026-06-21 16:20:05,GRID-BMK-103,6.356,236.16,27.85,0.966,0
2026-06-21 17:20:05,GRID-BMK-103,4.805,226.84,22.0,0.963,0
2026-06-21 18:20:05,GRID-BMK-103,4.662,229.58,21.86,0.929,0
2026-06-21 19:20:05,GRID-BMK-103,4.382,234.36,20.77,0.9,0
2026-06-21 20:20:05,GRID-BMK-103,3.802,232.09,18.01,0.91,0
2026-06-21 21:20:05,GRID-BMK-103,3.53,223.91,17.4,0.906,0
2026-06-21 22:20:05,GRID-BMK-103,2.638,230.32,12.66,0.905,0
2026-06-21 23:20:05,GRID-BMK-103,3.281,227.9,16.41,0.877,0
2026-06-22 00:20:05,GRID-BMK-103,3.764,232.28,17.36,0.933,0
2026-06-22 01:20:05,GRID-BMK-103,3.363,227.81,16.28,0.907,0
2026-06-22 02:20:05,GRID-BMK-103,3.415,235.54,15.49,0.936,0
2026-06-22 03:20:05,GRID-BMK-103,3.245,227.11,14.43,0.99,0
2026-06-22 04:20:05,GRID-BMK-103,3.38,229.75,15.3,0.961,0
2026-06-22 05:20:05,GRID-BMK-103,3.426,221.84,16.75,0.922,0
2026-06-22 06:20:05,GRID-BMK-103,4.246,231.71,20.46,0.896,0
2026-06-22 07:20:05,GRID-BMK-103,4.801,234.82,21.46,0.953,0
2026-06-22 08:20:05,GRID-BMK-103,5.007,225.43,24.57,0.904,0
2026-06-22 09:20:05,GRID-BMK-103,5.718,229.12,27.99,0.892,0
2026-06-22 10:20:05,GRID-BMK-103,5.603,228.71,28.2,0.869,0
2026-06-22 11:20:05,GRID-BMK-103,6.068,227.86,28.56,0.932,0
2026-06-22 12:20:05,GRID-BMK-103,5.556,232.99,25.44,0.937,0
2026-06-22 13:20:05,GRID-BMK-103,5.92,229.16,27.29,0.947,0
2026-06-22 14:20:05,GRID-BMK-103,6.018,228.38,28.74,0.917,0
2026-06-22 15:20:05,GRID-BMK-103,5.229,235.98,24.32,0.911,0
2026-06-22 16:20:05,GRID-BMK-103,5.16,230.82,24.03,0.93,0
2026-06-22 17:20:05,GRID-BMK-103,4.417,228.75,21.81,0.885,0
2026-06-22 18:20:05,GRID-BMK-103,4.518,233.77,21.38,0.904,0
2026-06-22 19:20:05,GRID-BMK-103,3.824,229.31,18.57,0.898,0
2026-06-22 20:20:05,GRID-BMK-103,2.952,229.49,14.01,0.918,0
2026-06-22 21:20:05,GRID-BMK-103,2.823,226.65,13.65,0.912,0
2026-06-22 22:20:05,GRID-BMK-103,2.45,229.73,11.01,0.968,0
2026-06-22 23:20:05,GRID-BMK-103,2.526,229.59,11.86,0.928,0
2026-06-23 00:20:05,GRID-BMK-103,3.473,226.97,17.51,0.874,0
2026-06-23 01:20:05,GRID-BMK-103,3.224,236.99,14.71,0.925,0
2026-06-23 02:20:05,GRID-BMK-103,3.317,234.99,15.59,0.906,0
2026-06-23 03:20:05,GRID-BMK-103,3.245,227.75,15.6,0.913,0
2026-06-23 04:20:05,GRID-BMK-103,3.314,233.16,16.44,0.865,0
2026-06-23 05:20:05,GRID-BMK-103,3.489,230.39,16.06,0.943,0
2026-06-23 06:20:05,GRID-BMK-103,3.918,233.64,17.91,0.936,0
2026-06-23 07:20:05,GRID-BMK-103,0.014,224.34,0.07,0.935,1
2026-06-23 08:20:05,GRID-BMK-103,0.031,230.86,0.15,0.914,1
2026-06-23 09:20:05,GRID-BMK-103,5.52,236.85,25.8,0.903,0
2026-06-23 10:20:05,GRID-BMK-103,5.467,224.7,26.43,0.921,0
2026-06-23 11:20:05,GRID-BMK-103,5.578,229.83,27.17,0.893,0
2026-06-23 12:20:05,GRID-BMK-103,6.207,231.61,30.81,0.87,0
2026-06-23 13:20:05,GRID-BMK-103,5.745,230.74,27.46,0.907,0
2026-06-23 14:20:05,GRID-BMK-103,4.996,229.96,24.5,0.887,0
2026-06-23 15:20:05,GRID-BMK-103,5.038,228.76,23.57,0.934,0
2026-06-23 16:20:05,GRID-BMK-103,4.991,233.99,24.53,0.87,0
2026-06-23 17:20:05,GRID-BMK-103,4.62,227.86,23.04,0.88,0
2026-06-23 18:20:05,GRID-BMK-103,3.924,230.66,18.78,0.906,0
2026-06-23 19:20:05,GRID-BMK-103,3.363,228.91,15.98,0.919,0
2026-06-23 20:20:05,GRID-BMK-103,3.485,224.22,16.11,0.965,0
2026-06-23 21:20:05,GRID-BMK-103,2.606,231.11,12.13,0.929,0
2026-06-23 22:20:05,GRID-BMK-103,2.314,229.26,11.71,0.862,0
2026-06-23 23:20:05,GRID-BMK-103,2.569,234.39,11.41,0.96,0
2026-06-24 00:20:05,GRID-BMK-103,3.601,228.05,18.27,0.864,0
2026-06-24 01:20:05,GRID-BMK-103,3.354,226.98,15.84,0.933,0
2026-06-24 02:20:05,GRID-BMK-103,3.523,230.59,18.1,0.844,0
2026-06-24 03:20:05,GRID-BMK-103,3.91,230.28,18.36,0.925,0
2026-06-24 04:20:05,GRID-BMK-103,3.038,235.86,14.47,0.89,0
2026-06-24 05:20:05,GRID-BMK-103,3.243,228.73,15.79,0.898,0
2026-06-24 06:20:05,GRID-BMK-103,3.932,231.26,17.98,0.945,0
2026-06-24 07:20:05,GRID-BMK-103,5.031,231.48,22.96,0.947,0
2026-06-24 08:20:05,GRID-BMK-103,5.314,230.66,24.23,0.951,0
2026-06-24 09:20:05,GRID-BMK-103,5.65,231.47,26.64,0.916,0
2026-06-24 10:20:05,GRID-BMK-103,5.205,229.61,25.94,0.874,0
2026-06-24 11:20:05,GRID-BMK-103,5.431,228.85,26.99,0.879,0
2026-06-24 12:20:05,GRID-BMK-103,5.41,228.65,26.06,0.908,0
2026-06-24 13:20:05,GRID-BMK-103,6.603,231.82,30.26,0.941,0
2026-06-24 14:20:05,GRID-BMK-103,5.374,230.68,24.83,0.938,0
2026-06-24 15:20:05,GRID-BMK-103,5.492,231.57,26.62,0.891,0
2026-06-24 16:20:05,GRID-BMK-103,4.567,234.17,21.34,0.914,0
2026-06-24 17:20:05,GRID-BMK-103,4.533,232.48,21.06,0.926,0
2026-06-24 18:20:05,GRID-BMK-103,3.786,230.09,17.98,0.915,0
2026-06-24 19:20:05,GRID-BMK-103,3.41,232.9,15.72,0.931,0
2026-06-24 20:20:05,GRID-BMK-103,3.611,223.52,17.29,0.934,0
2026-06-24 21:20:05,GRID-BMK-103,2.864,230.56,13.48,0.921,0
2026-06-24 22:20:05,GRID-BMK-103,2.438,229.91,11.47,0.924,0
2026-06-24 23:20:05,GRID-BMK-103,2.646,231.29,11.71,0.977,0
2026-06-25 00:20:05,GRID-BMK-103,3.016,225.48,14.56,0.919,0
2026-06-25 01:20:05,GRID-BMK-103,3.24,228.66,15.14,0.936,0
2026-06-25 02:20:05,GRID-BMK-103,2.794,228.8,13.2,0.925,0
2026-06-25 03:20:05,GRID-BMK-103,2.693,229.97,12.89,0.909,0
2026-06-25 04:20:05,GRID-BMK-103,3.274,227.83,15.44,0.931,0
2026-06-25 05:20:05,GRID-BMK-103,3.834,227.93,17.83,0.943,0
2026-06-25 06:20:05,GRID-BMK-103,4.26,229.35,20.21,0.919,0
2026-06-25 07:20:05,GRID-BMK-103,4.128,231.34,19.18,0.93,0
2026-06-25 08:20:05,GRID-BMK-103,0.047,232.15,0.22,0.908,1
2026-06-25 09:20:05,GRID-BMK-103,5.554,226.79,27.31,0.897,0
2026-06-25 10:20:05,GRID-BMK-103,5.643,226.41,27.47,0.907,0
2026-06-25 11:20:05,GRID-BMK-103,5.533,229.48,26.99,0.893,0
2026-06-25 12:20:05,GRID-BMK-103,5.837,231.68,27.75,0.908,0
2026-06-25 13:20:05,GRID-BMK-103,5.635,232.99,25.97,0.931,0
2026-06-25 14:20:05,GRID-BMK-103,5.094,230.32,24.24,0.913,0
2026-06-25 15:20:05,GRID-BMK-103,5.458,232.66,25.49,0.92,0
2026-06-25 16:20:05,GRID-BMK-103,5.134,227.07,25.08,0.902,0
2026-06-25 17:20:05,GRID-BMK-103,4.825,229.61,23.04,0.912,0
2026-06-25 18:20:05,GRID-BMK-103,3.915,229.15,18.96,0.901,0
2026-06-25 19:20:05,GRID-BMK-103,3.263,231.15,15.42,0.915,0
2026-06-25 20:20:05,GRID-BMK-103,3.482,224.73,16.98,0.912,0
2026-06-25 21:20:05,GRID-BMK-103,2.778,229.56,13.26,0.913,0
2026-06-25 22:20:05,GRID-BMK-103,2.227,227.6,10.83,0.903,0
2026-06-25 23:20:05,GRID-BMK-103,2.423,229.5,11.08,0.953,0
2026-06-26 00:20:05,GRID-BMK-103,2.934,232.33,14.06,0.898,0
2026-06-26 01:20:05,GRID-BMK-103,3.291,232.23,15.48,0.916,0
2026-06-26 02:20:05,GRID-BMK-103,3.649,229.71,17.12,0.928,0
2026-06-26 03:20:05,GRID-BMK-103,3.206,231.46,15.39,0.9,0
2026-06-26 04:20:05,GRID-BMK-103,3.385,234.3,16.72,0.864,0
2026-06-26 05:20:05,GRID-BMK-103,3.312,231.26,16.46,0.87,0
2026-06-26 06:20:05,GRID-BMK-103,4.675,223.62,22.7,0.921,0
2026-06-26 07:20:05,GRID-BMK-103,4.827,230.36,24.0,0.873,0
2026-06-26 08:20:05,GRID-BMK-103,5.026,225.77,23.98,0.928,0
2026-06-26 09:20:05,GRID-BMK-103,5.621,228.76,25.29,0.972,0
2026-06-26 10:20:05,GRID-BMK-103,5.5,230.63,25.96,0.919,0
2026-06-26 11:20:05,GRID-BMK-103,5.637,227.71,25.91,0.955,0
2026-06-26 12:20:05,GRID-BMK-103,5.448,230.2,24.4,0.97,0
2026-06-26 13:20:05,GRID-BMK-103,5.478,229.48,25.45,0.938,0
2026-06-26 14:20:05,GRID-BMK-103,5.632,235.54,25.18,0.95,0
2026-06-26 15:20:05,GRID-BMK-103,4.767,227.65,23.07,0.908,0
2026-06-26 16:20:05,GRID-BMK-103,4.355,232.94,20.49,0.913,0
2026-06-26 17:20:05,GRID-BMK-103,4.388,230.13,20.43,0.934,0
2026-06-26 18:20:05,GRID-BMK-103,4.49,229.4,21.56,0.908,0
2026-06-26 19:20:05,GRID-BMK-103,4.181,233.54,20.61,0.869,0
2026-06-26 20:20:05,GRID-BMK-103,3.259,226.43,15.42,0.933,0
2026-06-26 21:20:05,GRID-BMK-103,2.887,231.72,14.0,0.89,0
2026-06-26 22:20:05,GRID-BMK-103,3.006,232.46,14.27,0.906,0
2026-06-26 23:20:05,GRID-BMK-103,2.122,224.83,10.27,0.919,0
2026-06-27 00:20:05,GRID-BMK-103,3.987,232.35,19.0,0.903,0
2026-06-27 01:20:05,GRID-BMK-103,3.975,227.57,18.63,0.938,0
2026-06-27 02:20:05,GRID-BMK-103,4.213,228.12,21.52,0.858,0
2026-06-27 03:20:05,GRID-BMK-103,3.927,231.01,17.2,0.988,0
2026-06-27 04:20:05,GRID-BMK-103,3.729,228.28,17.95,0.91,0
2026-06-27 05:20:05,GRID-BMK-103,4.433,227.88,21.75,0.894,0
2026-06-27 06:20:05,GRID-BMK-103,4.94,231.41,23.13,0.923,0
2026-06-27 07:20:05,GRID-BMK-103,0.025,226.09,0.12,0.914,1
2026-06-27 08:20:05,GRID-BMK-103,5.96,228.53,31.13,0.838,0
2026-06-27 09:20:05,GRID-BMK-103,6.72,235.05,31.27,0.914,0
2026-06-27 10:20:05,GRID-BMK-103,6.47,234.4,31.45,0.878,0
2026-06-27 11:20:05,GRID-BMK-103,6.694,226.42,31.12,0.95,0
2026-06-27 12:20:05,GRID-BMK-103,7.132,223.82,33.76,0.944,0
2026-06-27 13:20:05,GRID-BMK-103,6.885,230.19,32.89,0.909,0
2026-06-27 14:20:05,GRID-BMK-103,7.614,231.71,36.1,0.91,0
2026-06-27 15:20:05,GRID-BMK-103,6.123,229.56,28.08,0.95,0
2026-06-27 16:20:05,GRID-BMK-103,6.317,221.59,30.55,0.933,0
2026-06-27 17:20:05,GRID-BMK-103,4.807,232.39,21.53,0.961,0
2026-06-27 18:20:05,GRID-BMK-103,4.776,233.05,23.16,0.885,0
2026-06-27 19:20:05,GRID-BMK-103,4.161,230.91,20.83,0.865,0
2026-06-27 20:20:05,GRID-BMK-103,4.138,230.55,18.13,0.99,0
2026-06-27 21:20:05,GRID-BMK-103,3.168,221.29,15.9,0.9,0
2026-06-27 22:20:05,GRID-BMK-103,3.096,229.8,15.35,0.878,0
2026-06-27 23:20:05,GRID-BMK-103,2.016,229.45,9.52,0.923,0
2026-06-28 00:20:05,GRID-BMK-103,3.696,230.79,17.37,0.922,0
2026-06-28 01:20:05,GRID-BMK-103,3.944,225.58,19.19,0.911,0
2026-06-28 02:20:05,GRID-BMK-103,4.248,233.37,19.36,0.94,0
2026-06-28 03:20:05,GRID-BMK-103,4.505,230.5,22.46,0.87,0
2026-06-28 04:20:05,GRID-BMK-103,4.302,233.91,19.9,0.924,0
2026-06-28 05:20:05,GRID-BMK-103,4.516,228.53,21.35,0.926,0
2026-06-28 06:20:05,GRID-BMK-103,4.76,229.66,22.81,0.909,0
2026-06-28 07:20:05,GRID-BMK-103,5.055,233.66,22.45,0.964,0
2026-06-28 08:20:05,GRID-BMK-103,5.7,226.92,25.96,0.968,0
2026-06-28 09:20:05,GRID-BMK-103,5.784,228.03,26.91,0.943,0
2026-06-28 10:20:05,GRID-BMK-103,7.003,224.35,35.7,0.874,0
2026-06-28 11:20:05,GRID-BMK-103,6.341,229.38,30.07,0.919,0
2026-06-28 12:20:05,GRID-BMK-103,7.374,229.31,35.88,0.896,0
2026-06-28 13:20:05,GRID-BMK-103,6.312,233.03,28.74,0.942,0
2026-06-28 14:20:05,GRID-BMK-103,6.81,231.76,31.93,0.92,0
2026-06-28 15:20:05,GRID-BMK-103,6.664,234.46,32.06,0.887,0
2026-06-28 16:20:05,GRID-BMK-103,6.421,226.86,30.1,0.94,0
2026-06-28 17:20:05,GRID-BMK-103,5.393,231.34,26.48,0.88,0
2026-06-28 18:20:05,GRID-BMK-103,4.996,229.03,23.53,0.927,0
2026-06-28 19:20:05,GRID-BMK-103,4.462,226.31,21.51,0.916,0
2026-06-28 20:20:05,GRID-BMK-103,3.904,230.01,19.32,0.879,0
2026-06-28 21:20:05,GRID-BMK-103,3.483,227.2,17.32,0.885,0
2026-06-28 22:20:05,GRID-BMK-103,2.525,234.07,11.78,0.916,0
2026-06-28 23:20:05,GRID-BMK-103,2.971,226.73,14.45,0.907,0
2026-06-29 00:20:05,GRID-BMK-103,3.515,225.62,16.83,0.926,0
2026-06-29 01:20:05,GRID-BMK-103,3.17,231.21,14.2,0.966,0
2026-06-29 02:20:05,GRID-BMK-103,3.268,228.55,15.47,0.924,0
2026-06-29 03:20:05,GRID-BMK-103,3.412,229.11,16.93,0.88,0
2026-06-29 04:20:05,GRID-BMK-103,3.062,229.62,14.76,0.903,0
2026-06-29 05:20:05,GRID-BMK-103,3.472,229.25,16.34,0.927,0
2026-06-29 06:20:05,GRID-BMK-103,4.592,232.11,22.83,0.867,0
2026-06-29 07:20:05,GRID-BMK-103,3.608,227.85,16.85,0.94,0
2026-06-29 08:20:05,GRID-BMK-103,4.722,231.2,22.08,0.925,0
2026-06-29 09:20:05,GRID-BMK-103,5.36,230.45,24.33,0.956,0
2026-06-29 10:20:05,GRID-BMK-103,5.103,225.36,24.45,0.926,0
2026-06-29 11:20:05,GRID-BMK-103,5.045,232.34,23.81,0.912,0
2026-06-29 12:20:05,GRID-BMK-103,5.955,230.54,28.98,0.891,0
2026-06-29 13:20:05,GRID-BMK-103,5.837,229.86,28.68,0.886,0
2026-06-29 14:20:05,GRID-BMK-103,5.542,232.8,25.46,0.935,0
2026-06-29 15:20:05,GRID-BMK-103,4.858,231.86,24.02,0.872,0
2026-06-29 16:20:05,GRID-BMK-103,5.067,223.78,24.78,0.914,0
2026-06-29 17:20:05,GRID-BMK-103,4.713,228.47,21.88,0.943,0
2026-06-29 18:20:05,GRID-BMK-103,4.11,230.34,19.4,0.92,0
2026-06-29 19:20:05,GRID-BMK-103,3.801,228.89,18.39,0.903,0
2026-06-29 20:20:05,GRID-BMK-103,3.421,229.47,17.06,0.874,0
2026-06-29 21:20:05,GRID-BMK-103,2.523,228.38,12.3,0.898,0
2026-06-29 22:20:05,GRID-BMK-103,2.784,228.63,13.39,0.909,0
2026-06-29 23:20:05,GRID-BMK-103,2.778,232.41,13.51,0.885,0
2026-06-30 00:20:05,GRID-BMK-103,3.632,226.68,16.69,0.96,0
2026-06-30 01:20:05,GRID-BMK-103,2.903,227.66,14.04,0.908,0
2026-06-30 02:20:05,GRID-BMK-103,3.479,227.52,16.26,0.941,0
2026-06-30 03:20:05,GRID-BMK-103,3.505,231.71,16.78,0.901,0
2026-06-30 04:20:05,GRID-BMK-103,2.997,231.67,13.18,0.982,0
2026-06-30 05:20:05,GRID-BMK-103,3.447,231.32,16.86,0.884,0
2026-06-30 06:20:05,GRID-BMK-103,4.498,230.96,21.09,0.923,0
2026-06-30 07:20:05,GRID-BMK-103,4.393,232.47,19.61,0.964,0
2026-06-30 08:20:05,GRID-BMK-103,4.972,230.96,23.42,0.919,0
2026-06-30 09:20:05,GRID-BMK-103,5.146,230.41,23.94,0.933,0
2026-06-30 10:20:05,GRID-BMK-103,0.062,230.14,0.29,0.913,1
2026-06-30 11:20:05,GRID-BMK-103,5.632,228.45,27.2,0.906,0
2026-06-30 12:20:05,GRID-BMK-103,5.895,230.77,28.82,0.886,0
2026-06-30 13:20:05,GRID-BMK-103,5.499,232.59,25.18,0.939,0
2026-06-30 14:20:05,GRID-BMK-103,5.575,228.67,26.74,0.912,0
2026-06-30 15:20:05,GRID-BMK-103,5.65,234.14,26.26,0.919,0
2026-06-30 16:20:05,GRID-BMK-103,5.289,232.91,25.74,0.882,0
2026-06-30 17:20:05,GRID-BMK-103,5.103,231.0,23.35,0.946,0
2026-06-30 18:20:05,GRID-BMK-103,4.141,227.85,19.25,0.944,0
2026-06-30 19:20:05,GRID-BMK-103,3.513,232.44,16.05,0.942,0
2026-06-30 20:20:05,GRID-BMK-103,3.417,226.91,16.25,0.927,0
2026-06-30 21:20:05,GRID-BMK-103,2.757,230.14,12.92,0.927,0
2026-06-30 22:20:05,GRID-BMK-103,2.199,230.14,10.56,0.904,0
2026-06-30 23:20:05,GRID-BMK-103,2.358,230.8,11.3,0.905,0
2026-07-01 00:20:05,GRID-BMK-103,3.504,231.97,16.81,0.898,0
2026-07-01 01:20:05,GRID-BMK-103,3.516,231.07,17.26,0.882,0
2026-07-01 02:20:05,GRID-BMK-103,3.801,228.3,17.09,0.974,0
2026-07-01 03:20:05,GRID-BMK-103,2.816,231.33,14.39,0.846,0
2026-07-01 04:20:05,GRID-BMK-103,2.715,229.41,12.34,0.959,0
2026-07-01 05:20:05,GRID-BMK-103,3.232,231.62,14.94,0.934,0
2026-07-01 06:20:05,GRID-BMK-103,3.971,231.18,19.32,0.889,0
2026-07-01 07:20:05,GRID-BMK-103,4.324,227.02,21.18,0.899,0
2026-07-01 08:20:05,GRID-BMK-103,4.566,234.77,20.8,0.935,0
2026-07-01 09:20:05,GRID-BMK-103,5.853,230.92,26.93,0.941,0
2026-07-01 10:20:05,GRID-BMK-103,5.336,234.55,25.18,0.904,0
2026-07-01 11:20:05,GRID-BMK-103,6.12,232.25,29.78,0.885,0
2026-07-01 12:20:05,GRID-BMK-103,5.754,231.58,26.8,0.927,0
2026-07-01 13:20:05,GRID-BMK-103,5.616,227.46,28.51,0.866,0
2026-07-01 14:20:05,GRID-BMK-103,5.491,234.3,25.31,0.926,0
2026-07-01 15:20:05,GRID-BMK-103,5.813,233.01,27.75,0.899,0
2026-07-01 16:20:05,GRID-BMK-103,5.545,231.49,25.5,0.939,0
2026-07-01 17:20:05,GRID-BMK-103,4.566,227.45,21.93,0.916,0
2026-07-01 18:20:05,GRID-BMK-103,3.926,233.0,18.79,0.897,0
2026-07-01 19:20:05,GRID-BMK-103,3.829,227.25,18.68,0.902,0
2026-07-01 20:20:05,GRID-BMK-103,3.585,232.47,16.74,0.921,0
2026-07-01 21:20:05,GRID-BMK-103,2.932,227.19,13.22,0.977,0
2026-07-01 22:20:05,GRID-BMK-103,2.039,234.08,9.45,0.922,0
2026-07-01 23:20:05,GRID-BMK-103,1.993,231.04,9.39,0.919,0
2026-07-02 00:20:05,GRID-BMK-103,2.989,232.47,13.56,0.948,0
2026-07-02 01:20:05,GRID-BMK-103,3.285,230.51,15.59,0.914,0
2026-07-02 02:20:05,GRID-BMK-103,3.752,229.09,17.98,0.911,0
2026-07-02 03:20:05,GRID-BMK-103,3.018,230.41,13.85,0.946,0
2026-07-02 04:20:05,GRID-BMK-103,3.627,227.52,17.26,0.924,0
2026-07-02 05:20:05,GRID-BMK-103,3.41,231.7,15.86,0.928,0
2026-07-02 06:20:05,GRID-BMK-103,4.418,227.99,21.84,0.887,0
2026-07-02 07:20:05,GRID-BMK-103,4.352,227.81,21.88,0.873,0
2026-07-02 08:20:05,GRID-BMK-103,4.892,230.42,22.9,0.927,0
2026-07-02 09:20:05,GRID-BMK-103,5.205,237.94,24.05,0.91,0
2026-07-02 10:20:05,GRID-BMK-103,0.017,228.68,0.09,0.887,1
2026-07-02 11:20:05,GRID-BMK-103,5.834,228.65,28.1,0.908,0
2026-07-02 12:20:05,GRID-BMK-103,6.17,228.03,30.48,0.888,0
2026-07-02 13:20:05,GRID-BMK-103,5.417,235.56,23.92,0.961,0
2026-07-02 14:20:05,GRID-BMK-103,5.785,231.8,26.97,0.925,0
2026-07-02 15:20:05,GRID-BMK-103,5.729,227.36,28.48,0.885,0
2026-07-02 16:20:05,GRID-BMK-103,5.07,222.63,25.57,0.891,0
2026-07-02 17:20:05,GRID-BMK-103,4.528,230.23,20.07,0.98,0
2026-07-02 18:20:05,GRID-BMK-103,3.985,228.8,19.3,0.903,0
2026-07-02 19:20:05,GRID-BMK-103,3.573,231.0,17.6,0.879,0
2026-07-02 20:20:05,GRID-BMK-103,2.868,231.69,13.5,0.917,0
2026-07-02 21:20:05,GRID-BMK-103,3.386,229.33,15.17,0.973,0
2026-07-02 22:20:05,GRID-BMK-103,1.901,229.16,8.98,0.924,0
2026-07-02 23:20:05,GRID-BMK-103,2.149,231.97,10.14,0.914,0
2026-07-03 00:20:05,GRID-BMK-103,2.72,232.1,13.44,0.872,0
2026-07-03 01:20:05,GRID-BMK-103,3.365,229.49,15.98,0.918,0
2026-07-03 02:20:05,GRID-BMK-103,3.482,230.5,17.06,0.886,0
2026-07-03 03:20:05,GRID-BMK-103,0.011,230.5,0.05,0.938,1
2026-07-03 04:20:05,GRID-BMK-103,3.118,226.84,15.17,0.906,0
2026-07-03 05:20:05,GRID-BMK-103,2.819,227.9,13.18,0.939,0
2026-07-03 06:20:05,GRID-BMK-103,4.118,228.16,20.16,0.895,0
2026-07-03 07:20:05,GRID-BMK-103,4.088,236.77,18.87,0.915,0
2026-07-03 08:20:05,GRID-BMK-103,4.599,230.1,22.35,0.894,0
2026-07-03 09:20:05,GRID-BMK-103,5.616,229.3,28.54,0.858,0
2026-07-03 10:20:05,GRID-BMK-103,5.709,231.51,25.79,0.956,0
2026-07-03 11:20:05,GRID-BMK-103,5.589,226.63,26.78,0.921,0
2026-07-03 12:20:05,GRID-BMK-103,6.02,234.56,27.79,0.923,0
2026-07-03 13:20:05,GRID-BMK-103,5.884,226.29,27.16,0.957,0
2026-07-03 14:20:05,GRID-BMK-103,5.896,228.02,28.29,0.914,0
2026-07-03 15:20:05,GRID-BMK-103,5.92,226.84,27.86,0.937,0
2026-07-03 16:20:05,GRID-BMK-103,5.544,232.21,25.44,0.939,0
2026-07-03 17:20:05,GRID-BMK-103,4.209,229.91,20.06,0.913,0
2026-07-03 18:20:05,GRID-BMK-103,3.858,230.7,17.0,0.984,0
2026-07-03 19:20:05,GRID-BMK-103,3.566,230.61,16.82,0.92,0
2026-07-03 20:20:05,GRID-BMK-103,14.918,229.0,69.53,0.937,1
2026-07-03 21:20:05,GRID-BMK-103,3.211,235.64,14.55,0.936,0
2026-07-03 22:20:05,GRID-BMK-103,2.668,231.47,12.51,0.922,0
2026-07-03 23:20:05,GRID-BMK-103,1.576,229.99,7.59,0.903,0
2026-07-04 00:20:05,GRID-BMK-103,4.046,229.07,18.95,0.932,0
2026-07-04 01:20:05,GRID-BMK-103,3.954,232.02,19.05,0.895,0
2026-07-04 02:20:05,GRID-BMK-103,3.272,233.56,14.97,0.936,0
2026-07-04 03:20:05,GRID-BMK-103,4.044,234.0,18.05,0.957,0
2026-07-04 04:20:05,GRID-BMK-103,3.534,228.01,16.8,0.923,0
2026-07-04 05:20:05,GRID-BMK-103,3.634,227.04,17.87,0.895,0
2026-07-04 06:20:05,GRID-BMK-103,5.178,225.53,24.84,0.924,0
2026-07-04 07:20:05,GRID-BMK-103,5.376,227.49,25.4,0.93,0
2026-07-04 08:20:05,GRID-BMK-103,6.315,235.06,29.83,0.901,0
2026-07-04 09:20:05,GRID-BMK-103,6.276,232.27,29.78,0.907,0
2026-07-04 10:20:05,GRID-BMK-103,6.189,226.0,29.16,0.939,0
2026-07-04 11:20:05,GRID-BMK-103,6.829,230.45,33.08,0.896,0
2026-07-04 12:20:05,GRID-BMK-103,7.227,232.06,34.14,0.912,0
2026-07-04 13:20:05,GRID-BMK-103,6.939,229.41,33.76,0.896,0
2026-07-04 14:20:05,GRID-BMK-103,6.74,231.77,31.77,0.915,0
2026-07-04 15:20:05,GRID-BMK-103,6.263,232.79,28.99,0.928,0
2026-07-04 16:20:05,GRID-BMK-103,5.475,227.72,25.66,0.937,0
2026-07-04 17:20:05,GRID-BMK-103,5.777,231.2,29.4,0.85,0
2026-07-04 18:20:05,GRID-BMK-103,5.251,233.13,24.3,0.927,0
2026-07-04 19:20:05,GRID-BMK-103,4.493,235.81,21.08,0.904,0
2026-07-04 20:20:05,GRID-BMK-103,3.59,227.0,18.01,0.878,0
2026-07-04 21:20:05,GRID-BMK-103,3.484,235.96,15.04,0.982,0
2026-07-04 22:20:05,GRID-BMK-103,2.68,235.72,12.76,0.891,0
2026-07-04 23:20:05,GRID-BMK-103,2.678,233.53,12.92,0.888,0
2026-07-05 00:20:05,GRID-BMK-103,4.166,230.04,19.44,0.932,0
2026-07-05 01:20:05,GRID-BMK-103,15.399,230.28,76.67,0.872,1
2026-07-05 02:20:05,GRID-BMK-103,4.214,228.04,19.5,0.947,0
2026-07-05 03:20:05,GRID-BMK-103,3.971,230.65,17.78,0.968,0
2026-07-05 04:20:05,GRID-BMK-103,4.529,230.76,20.93,0.938,0
2026-07-05 05:20:05,GRID-BMK-103,3.904,230.84,18.01,0.939,0
2026-07-05 06:20:05,GRID-BMK-103,4.879,231.55,22.14,0.952,0
2026-07-05 07:20:05,GRID-BMK-103,5.403,230.22,25.56,0.918,0
2026-07-05 08:20:05,GRID-BMK-103,5.475,230.6,25.86,0.918,0
2026-07-05 09:20:05,GRID-BMK-103,5.931,228.79,29.18,0.888,0
2026-07-05 10:20:05,GRID-BMK-103,6.563,228.65,33.38,0.86,0
2026-07-05 11:20:05,GRID-BMK-103,6.598,228.09,30.7,0.942,0
2026-07-05 12:20:05,GRID-BMK-103,7.361,232.34,34.68,0.914,0
2026-07-05 13:20:05,GRID-BMK-103,6.76,228.2,33.16,0.893,0
2026-07-05 14:20:05,GRID-BMK-103,6.748,232.08,29.37,0.99,0
2026-07-05 15:20:05,GRID-BMK-103,6.59,230.16,30.53,0.938,0
2026-07-05 16:20:05,GRID-BMK-103,5.53,230.26,26.74,0.898,0
2026-07-05 17:20:05,GRID-BMK-103,6.049,231.68,27.83,0.938,0
2026-07-05 18:20:05,GRID-BMK-103,4.471,225.89,20.34,0.973,0
2026-07-05 19:20:05,GRID-BMK-103,4.012,225.58,19.28,0.923,0
2026-07-05 20:20:05,GRID-BMK-103,3.793,232.88,17.26,0.944,0
2026-07-05 21:20:05,GRID-BMK-103,2.882,227.84,13.7,0.924,0
2026-07-05 22:20:05,GRID-BMK-103,2.579,227.23,12.3,0.923,0
2026-07-05 23:20:05,GRID-BMK-103,2.724,228.33,12.86,0.928,0
2026-07-06 00:20:05,GRID-BMK-103,2.931,222.53,13.77,0.957,0
2026-07-06 01:20:05,GRID-BMK-103,3.194,231.63,14.57,0.947,0
2026-07-06 02:20:05,GRID-BMK-103,3.571,229.18,18.03,0.864,0
2026-07-06 03:20:05,GRID-BMK-103,3.333,225.89,16.27,0.907,0
2026-07-06 04:20:05,GRID-BMK-103,3.502,228.74,16.09,0.951,0
2026-07-06 05:20:05,GRID-BMK-103,3.837,235.97,19.01,0.855,0
2026-07-06 06:20:05,GRID-BMK-103,4.082,230.01,19.41,0.914,0
2026-07-06 07:20:05,GRID-BMK-103,4.519,233.94,20.85,0.927,0
2026-07-06 08:20:05,GRID-BMK-103,5.16,230.04,24.39,0.92,0
2026-07-06 09:20:05,GRID-BMK-103,5.191,228.62,26.34,0.862,0
2026-07-06 10:20:05,GRID-BMK-103,5.49,228.73,25.25,0.951,0
2026-07-06 11:20:05,GRID-BMK-103,5.744,232.77,27.25,0.906,0
2026-07-06 12:20:05,GRID-BMK-103,5.414,229.05,26.16,0.904,0
2026-07-06 13:20:05,GRID-BMK-103,6.159,229.23,28.23,0.952,0
2026-07-06 14:20:05,GRID-BMK-103,5.89,227.03,28.66,0.905,0
2026-07-06 15:20:05,GRID-BMK-103,5.849,229.62,29.56,0.862,0
2026-07-06 16:20:05,GRID-BMK-103,4.736,227.94,23.22,0.895,0
2026-07-06 17:20:05,GRID-BMK-103,4.425,229.71,20.55,0.938,0
2026-07-06 18:20:05,GRID-BMK-103,3.824,233.67,17.25,0.948,0
2026-07-06 19:20:05,GRID-BMK-103,3.529,230.58,17.18,0.891,0
2026-07-06 20:20:05,GRID-BMK-103,2.994,227.02,13.82,0.955,0
2026-07-06 21:20:05,GRID-BMK-103,2.56,235.22,11.67,0.932,0
2026-07-06 22:20:05,GRID-BMK-103,2.65,225.99,12.49,0.938,0
2026-07-06 23:20:05,GRID-BMK-103,1.827,227.79,8.67,0.926,0
2026-07-07 00:20:05,GRID-BMK-103,2.857,226.74,14.01,0.899,0
2026-07-07 01:20:05,GRID-BMK-103,3.07,233.9,14.25,0.921,0
2026-07-07 02:20:05,GRID-BMK-103,3.057,233.74,14.15,0.924,0
2026-07-07 03:20:05,GRID-BMK-103,3.526,236.47,17.3,0.862,0
2026-07-07 04:20:05,GRID-BMK-103,3.366,231.48,16.41,0.886,0
2026-07-07 05:20:05,GRID-BMK-103,3.31,229.76,15.16,0.95,0
2026-07-07 06:20:05,GRID-BMK-103,4.032,226.61,18.57,0.958,0
2026-07-07 07:20:05,GRID-BMK-103,5.109,228.03,24.36,0.92,0
2026-07-07 08:20:05,GRID-BMK-103,4.752,230.69,22.45,0.917,0
2026-07-07 09:20:05,GRID-BMK-103,5.352,224.09,26.16,0.913,0
2026-07-07 10:20:05,GRID-BMK-103,5.924,228.7,27.43,0.944,0
2026-07-07 11:20:05,GRID-BMK-103,6.099,228.65,29.07,0.918,0
2026-07-07 12:20:05,GRID-BMK-103,5.788,224.54,26.41,0.976,0
2026-07-07 13:20:05,GRID-BMK-103,5.694,225.96,26.58,0.948,0
2026-07-07 14:20:05,GRID-BMK-103,20.026,231.06,91.51,0.947,1
2026-07-07 15:20:05,GRID-BMK-103,5.009,227.4,25.2,0.874,0
2026-07-07 16:20:05,GRID-BMK-103,4.569,233.03,22.42,0.875,0
2026-07-07 17:20:05,GRID-BMK-103,4.62,231.18,20.92,0.955,0
2026-07-07 18:20:05,GRID-BMK-103,4.024,230.11,19.1,0.915,0
2026-07-07 19:20:05,GRID-BMK-103,3.854,230.46,18.13,0.922,0
2026-07-07 20:20:05,GRID-BMK-103,3.235,228.56,14.61,0.969,0
2026-07-07 21:20:05,GRID-BMK-103,3.041,225.25,14.46,0.934,0
2026-07-07 22:20:05,GRID-BMK-103,2.143,229.44,10.31,0.906,0
2026-07-07 23:20:05,GRID-BMK-103,11.405,226.13,55.95,0.901,1
2026-07-08 00:20:05,GRID-BMK-103,3.32,228.54,17.02,0.853,0
2026-07-08 01:20:05,GRID-BMK-103,3.71,226.03,17.9,0.917,0
2026-07-08 02:20:05,GRID-BMK-103,0.092,229.16,0.44,0.909,1
2026-07-08 03:20:05,GRID-BMK-103,3.086,229.77,14.34,0.937,0
2026-07-08 04:20:05,GRID-BMK-103,3.188,230.86,14.83,0.931,0
2026-07-08 05:20:05,GRID-BMK-103,3.105,232.57,14.86,0.898,0
2026-07-08 06:20:05,GRID-BMK-103,3.953,230.55,19.84,0.864,0
2026-07-08 07:20:05,GRID-BMK-103,4.483,230.86,20.77,0.935,0
2026-07-08 08:20:05,GRID-BMK-103,5.066,234.15,24.05,0.9,0
2026-07-08 09:20:05,GRID-BMK-103,5.084,232.21,24.0,0.912,0
2026-07-08 10:20:05,GRID-BMK-103,5.872,228.74,27.5,0.933,0
2026-07-08 11:20:05,GRID-BMK-103,6.054,230.65,28.81,0.911,0
2026-07-08 12:20:05,GRID-BMK-103,5.482,233.9,26.08,0.899,0
2026-07-08 13:20:05,GRID-BMK-103,6.061,237.46,28.17,0.906,0
2026-07-08 14:20:05,GRID-BMK-103,5.786,230.93,28.26,0.887,0
2026-07-08 15:20:05,GRID-BMK-103,5.214,223.84,25.9,0.899,0
2026-07-08 16:20:05,GRID-BMK-103,5.486,227.64,26.0,0.927,0
2026-07-08 17:20:05,GRID-BMK-103,4.518,230.74,22.07,0.887,0
2026-07-08 18:20:05,GRID-BMK-103,4.277,229.34,20.11,0.927,0
2026-07-08 19:20:05,GRID-BMK-103,4.11,228.64,19.13,0.94,0
2026-07-08 20:20:05,GRID-BMK-103,3.091,234.3,14.77,0.893,0
2026-07-08 21:20:05,GRID-BMK-103,2.477,231.39,11.6,0.923,0
2026-07-08 22:20:05,GRID-BMK-103,2.715,232.85,13.42,0.869,0
2026-07-08 23:20:05,GRID-BMK-103,1.825,237.29,8.39,0.916,0
2026-07-09 00:20:05,GRID-BMK-103,3.395,225.57,16.63,0.905,0
2026-07-09 01:20:05,GRID-BMK-103,3.383,233.36,15.66,0.926,0
2026-07-09 02:20:05,GRID-BMK-103,3.39,227.5,16.15,0.923,0
2026-07-09 03:20:05,GRID-BMK-103,2.829,225.51,13.8,0.909,0
2026-07-09 04:20:05,GRID-BMK-103,2.766,233.63,13.09,0.905,0
2026-07-09 05:20:05,GRID-BMK-103,3.238,224.3,15.81,0.913,0
2026-07-09 06:20:05,GRID-BMK-103,4.146,234.13,17.99,0.984,0
2026-07-09 07:20:05,GRID-BMK-103,4.428,227.77,20.24,0.961,0
2026-07-09 08:20:05,GRID-BMK-103,4.998,228.74,22.8,0.958,0
2026-07-09 09:20:05,GRID-BMK-103,5.23,230.58,25.26,0.898,0
2026-07-09 10:20:05,GRID-BMK-103,5.614,233.52,24.44,0.983,0
2026-07-09 11:20:05,GRID-BMK-103,5.347,228.86,24.9,0.938,0
2026-07-09 12:20:05,GRID-BMK-103,5.83,230.14,26.88,0.942,0
2026-07-09 13:20:05,GRID-BMK-103,5.578,233.15,25.58,0.935,0
2026-07-09 14:20:05,GRID-BMK-103,5.601,231.92,26.87,0.899,0
2026-07-09 15:20:05,GRID-BMK-103,5.09,227.72,23.7,0.943,0
2026-07-09 16:20:05,GRID-BMK-103,4.904,223.13,24.79,0.887,0
2026-07-09 17:20:05,GRID-BMK-103,4.475,225.77,21.82,0.908,0
2026-07-09 18:20:05,GRID-BMK-103,4.046,234.52,19.38,0.89,0
2026-07-09 19:20:05,GRID-BMK-103,4.042,223.82,19.84,0.91,0
2026-07-09 20:20:05,GRID-BMK-103,3.367,235.03,15.61,0.918,0
2026-07-09 21:20:05,GRID-BMK-103,2.683,229.86,12.69,0.919,0
2026-07-09 22:20:05,GRID-BMK-103,2.332,230.98,10.59,0.953,0
2026-07-09 23:20:05,GRID-BMK-103,2.286,222.2,10.74,0.958,0
2026-07-10 00:20:05,GRID-BMK-103,3.703,229.04,16.7,0.968,0
2026-07-10 01:20:05,GRID-BMK-103,3.368,235.91,14.49,0.985,0
2026-07-10 02:20:05,GRID-BMK-103,3.218,233.71,14.23,0.967,0
2026-07-10 03:20:05,GRID-BMK-103,3.419,236.63,15.98,0.904,0
2026-07-10 04:20:05,GRID-BMK-103,3.898,231.17,18.29,0.922,0
2026-07-10 05:20:05,GRID-BMK-103,2.945,228.64,13.72,0.939,0
2026-07-10 06:20:05,GRID-BMK-103,3.62,233.17,16.92,0.918,0
2026-07-10 07:20:05,GRID-BMK-103,0.029,229.08,0.14,0.915,1
2026-07-10 08:20:05,GRID-BMK-103,4.998,230.16,23.27,0.933,0
2026-07-10 09:20:05,GRID-BMK-103,5.285,232.95,24.35,0.932,0
2026-07-10 10:20:05,GRID-BMK-103,5.558,230.13,25.24,0.957,0
2026-07-10 11:20:05,GRID-BMK-103,22.535,226.21,108.45,0.919,1
2026-07-10 12:20:05,GRID-BMK-103,6.284,227.86,29.76,0.927,0
2026-07-10 13:20:05,GRID-BMK-103,5.494,227.78,25.39,0.95,0
2026-07-10 14:20:05,GRID-BMK-103,5.87,227.03,28.16,0.918,0
2026-07-10 15:20:05,GRID-BMK-103,5.203,233.99,23.85,0.932,0
2026-07-10 16:20:05,GRID-BMK-103,4.798,228.34,23.29,0.902,0
2026-07-10 17:20:05,GRID-BMK-103,4.313,233.11,20.16,0.918,0
2026-07-10 18:20:05,GRID-BMK-103,3.793,227.93,18.5,0.899,0
2026-07-10 19:20:05,GRID-BMK-103,3.427,231.53,16.42,0.901,0
2026-07-10 20:20:05,GRID-BMK-103,2.809,227.51,13.17,0.938,0
2026-07-10 21:20:05,GRID-BMK-103,2.668,231.05,12.71,0.908,0
2026-07-10 22:20:05,GRID-BMK-103,2.679,233.81,11.95,0.959,0
2026-07-10 23:20:05,GRID-BMK-103,2.658,232.7,12.81,0.892,0
2026-07-11 00:20:05,GRID-BMK-103,3.692,230.96,18.15,0.881,0
2026-07-11 01:20:05,GRID-BMK-103,3.829,231.39,18.17,0.911,0
2026-07-11 02:20:05,GRID-BMK-103,3.985,229.85,17.98,0.964,0
2026-07-11 03:20:05,GRID-BMK-103,4.518,231.56,21.01,0.929,0
2026-07-11 04:20:05,GRID-BMK-103,3.518,232.07,16.16,0.938,0
2026-07-11 05:20:05,GRID-BMK-103,3.943,231.95,17.67,0.962,0
2026-07-11 06:20:05,GRID-BMK-103,4.976,225.98,24.65,0.893,0
2026-07-11 07:20:05,GRID-BMK-103,5.678,227.11,27.0,0.926,0
2026-07-11 08:20:05,GRID-BMK-103,5.813,227.49,28.56,0.895,0
2026-07-11 09:20:05,GRID-BMK-103,6.558,231.01,30.04,0.945,0
2026-07-11 10:20:05,GRID-BMK-103,6.788,229.91,31.55,0.936,0
2026-07-11 11:20:05,GRID-BMK-103,6.846,227.08,33.8,0.892,0
2026-07-11 12:20:05,GRID-BMK-103,6.648,227.22,32.37,0.904,0
2026-07-11 13:20:05,GRID-BMK-103,6.636,227.38,29.62,0.985,0
2026-07-11 14:20:05,GRID-BMK-103,6.668,228.37,32.48,0.899,0
2026-07-11 15:20:05,GRID-BMK-103,6.944,225.16,33.59,0.918,0
2026-07-11 16:20:05,GRID-BMK-103,5.353,229.89,25.75,0.904,0
2026-07-11 17:20:05,GRID-BMK-103,5.565,227.61,26.24,0.932,0
2026-07-11 18:20:05,GRID-BMK-103,4.896,235.08,22.83,0.912,0
2026-07-11 19:20:05,GRID-BMK-103,3.649,230.3,17.37,0.912,0
2026-07-11 20:20:05,GRID-BMK-103,3.352,228.78,15.02,0.976,0
2026-07-11 21:20:05,GRID-BMK-103,3.419,230.13,16.3,0.912,0
2026-07-11 22:20:05,GRID-BMK-103,2.796,222.52,13.37,0.94,0
2026-07-11 23:20:05,GRID-BMK-103,2.393,226.71,11.35,0.93,0
2026-07-12 00:20:05,GRID-BMK-103,4.205,228.07,19.54,0.944,0
2026-07-12 01:20:05,GRID-BMK-103,4.527,229.37,20.76,0.951,0
2026-07-12 02:20:05,GRID-BMK-103,3.498,227.99,16.76,0.915,0
2026-07-12 03:20:05,GRID-BMK-103,4.465,226.49,21.44,0.919,0
2026-07-12 04:20:05,GRID-BMK-103,4.224,227.76,19.97,0.929,0
2026-07-12 05:20:05,GRID-BMK-103,4.079,231.76,18.47,0.953,0
2026-07-12 06:20:05,GRID-BMK-103,5.129,231.13,24.27,0.915,0
2026-07-12 07:20:05,GRID-BMK-103,5.705,234.89,26.71,0.909,0
2026-07-12 08:20:05,GRID-BMK-103,5.741,233.27,26.42,0.931,0
2026-07-12 09:20:05,GRID-BMK-103,6.633,229.4,30.86,0.937,0
2026-07-12 10:20:05,GRID-BMK-103,6.571,232.83,30.48,0.926,0
2026-07-12 11:20:05,GRID-BMK-103,7.22,231.86,33.53,0.929,0
2026-07-12 12:20:05,GRID-BMK-103,7.075,228.22,34.17,0.907,0
2026-07-12 13:20:05,GRID-BMK-103,6.313,233.39,29.35,0.922,0
2026-07-12 14:20:05,GRID-BMK-103,6.803,233.33,30.93,0.943,0
2026-07-12 15:20:05,GRID-BMK-103,6.209,229.2,30.1,0.9,0
2026-07-12 16:20:05,GRID-BMK-103,5.671,229.6,27.54,0.897,0
2026-07-12 17:20:05,GRID-BMK-103,5.252,230.68,23.45,0.971,0
2026-07-12 18:20:05,GRID-BMK-103,4.449,231.66,22.04,0.871,0
2026-07-12 19:20:05,GRID-BMK-103,3.779,230.3,16.98,0.967,0
2026-07-12 20:20:05,GRID-BMK-103,3.873,228.19,18.11,0.937,0
2026-07-12 21:20:05,GRID-BMK-103,3.246,229.46,15.62,0.905,0
2026-07-12 22:20:05,GRID-BMK-103,0.012,229.66,0.06,0.933,1
2026-07-12 23:20:05,GRID-BMK-103,2.317,231.13,10.57,0.948,0
2026-07-13 00:20:05,GRID-BMK-103,3.219,229.99,14.8,0.946,0
2026-07-13 01:20:05,GRID-BMK-103,3.275,230.31,15.33,0.928,0
2026-07-13 02:20:05,GRID-BMK-103,3.123,234.33,15.32,0.87,0
2026-07-13 03:20:05,GRID-BMK-103,3.265,231.06,15.74,0.898,0
2026-07-13 04:20:05,GRID-BMK-103,3.589,228.28,16.65,0.944,0
2026-07-13 05:20:05,GRID-BMK-103,0.01,225.84,0.05,0.959,1
2026-07-13 06:20:05,GRID-BMK-103,3.669,233.81,17.24,0.91,0
2026-07-13 07:20:05,GRID-BMK-103,4.647,225.42,22.98,0.897,0
2026-07-13 08:20:05,GRID-BMK-103,0.063,226.65,0.3,0.922,1
2026-07-13 09:20:05,GRID-BMK-103,5.143,229.32,23.2,0.967,0
2026-07-13 10:20:05,GRID-BMK-103,5.294,231.62,25.2,0.907,0
2026-07-13 11:20:05,GRID-BMK-103,5.681,233.63,26.41,0.92,0
2026-07-13 12:20:05,GRID-BMK-103,6.006,231.47,27.91,0.93,0
2026-07-13 13:20:05,GRID-BMK-103,6.1,228.16,28.85,0.927,0
2026-07-13 14:20:05,GRID-BMK-103,5.173,231.68,24.43,0.914,0
2026-07-13 15:20:05,GRID-BMK-103,5.687,235.22,26.59,0.909,0
2026-07-13 16:20:05,GRID-BMK-103,4.716,231.57,22.53,0.904,0
2026-07-13 17:20:05,GRID-BMK-103,4.333,228.35,19.58,0.969,0
2026-07-13 18:20:05,GRID-BMK-103,3.959,230.1,18.94,0.909,0
2026-07-13 19:20:05,GRID-BMK-103,3.175,224.47,15.14,0.935,0
2026-07-13 20:20:05,GRID-BMK-103,3.659,231.97,16.97,0.929,0
2026-07-13 21:20:05,GRID-BMK-103,2.504,233.04,11.31,0.95,0
2026-07-13 22:20:05,GRID-BMK-103,2.28,225.27,10.86,0.932,0
2026-07-13 23:20:05,GRID-BMK-103,1.941,231.21,9.68,0.867,0
2026-07-14 00:20:05,GRID-BMK-103,3.43,228.39,16.42,0.915,0
2026-07-14 01:20:05,GRID-BMK-103,3.346,229.48,15.13,0.964,0
2026-07-14 02:20:05,GRID-BMK-103,2.942,233.56,13.3,0.947,0
2026-07-14 03:20:05,GRID-BMK-103,3.424,227.63,17.21,0.874,0
2026-07-14 04:20:05,GRID-BMK-103,2.742,226.88,12.68,0.953,0
2026-07-14 05:20:05,GRID-BMK-103,3.378,228.82,17.12,0.862,0
2026-07-14 06:20:05,GRID-BMK-103,4.307,224.17,19.41,0.99,0
2026-07-14 07:20:05,GRID-BMK-103,4.939,233.62,23.54,0.898,0
2026-07-14 08:20:05,GRID-BMK-103,4.818,232.68,22.26,0.93,0
2026-07-14 09:20:05,GRID-BMK-103,0.009,228.0,0.04,0.951,1
2026-07-14 10:20:05,GRID-BMK-103,5.697,228.91,26.9,0.925,0
2026-07-14 11:20:05,GRID-BMK-103,5.204,229.16,24.78,0.916,0
2026-07-14 12:20:05,GRID-BMK-103,5.889,233.01,26.99,0.936,0
2026-07-14 13:20:05,GRID-BMK-103,5.676,232.3,27.23,0.897,0
2026-07-14 14:20:05,GRID-BMK-103,5.653,229.16,27.36,0.902,0
2026-07-14 15:20:05,GRID-BMK-103,5.558,224.14,28.27,0.877,0
2026-07-14 16:20:05,GRID-BMK-103,4.252,232.72,20.85,0.876,0
2026-07-14 17:20:05,GRID-BMK-103,4.508,227.84,20.97,0.943,0
2026-07-14 18:20:05,GRID-BMK-103,4.325,232.99,20.23,0.918,0
2026-07-14 19:20:05,GRID-BMK-103,3.731,231.49,17.88,0.901,0
2026-07-14 20:20:05,GRID-BMK-103,3.781,231.93,17.95,0.909,0
2026-07-14 21:20:05,GRID-BMK-103,2.632,228.04,11.81,0.977,0
2026-07-14 22:20:05,GRID-BMK-103,2.456,232.58,12.62,0.837,0
2026-07-14 23:20:05,GRID-BMK-103,2.694,238.56,12.67,0.892,0
2026-07-15 00:20:05,GRID-BMK-103,3.525,229.72,16.58,0.925,0
2026-07-15 01:20:05,GRID-BMK-103,3.467,228.53,15.7,0.966,0
2026-07-15 02:20:05,GRID-BMK-103,3.209,233.89,14.95,0.918,0
2026-07-15 03:20:05,GRID-BMK-103,3.255,231.51,15.35,0.916,0
2026-07-15 04:20:05,GRID-BMK-103,3.087,233.85,14.4,0.917,0
2026-07-15 05:20:05,GRID-BMK-103,3.328,224.19,16.81,0.883,0
2026-07-15 06:20:05,GRID-BMK-103,3.961,228.34,19.21,0.903,0
2026-07-15 07:20:05,GRID-BMK-103,4.945,229.84,22.69,0.948,0
2026-07-15 08:20:05,GRID-BMK-103,4.997,233.28,22.38,0.957,0
2026-07-15 09:20:05,GRID-BMK-103,5.184,230.6,24.14,0.931,0
2026-07-15 10:20:05,GRID-BMK-103,5.753,232.12,26.28,0.943,0
2026-07-15 11:20:05,GRID-BMK-103,5.787,229.43,28.16,0.896,0
2026-07-15 12:20:05,GRID-BMK-103,5.992,236.41,27.86,0.91,0
2026-07-15 13:20:05,GRID-BMK-103,5.629,228.32,27.48,0.897,0
2026-07-15 14:20:05,GRID-BMK-103,5.388,227.64,24.19,0.978,0
2026-07-15 15:20:05,GRID-BMK-103,5.124,231.15,24.06,0.922,0
2026-07-15 16:20:05,GRID-BMK-103,4.888,224.69,24.64,0.883,0
2026-07-15 17:20:05,GRID-BMK-103,4.277,226.83,20.44,0.923,0
2026-07-15 18:20:05,GRID-BMK-103,4.199,227.83,21.56,0.855,0
2026-07-15 19:20:05,GRID-BMK-103,3.485,229.14,17.26,0.881,0
2026-07-15 20:20:05,GRID-BMK-103,3.054,229.62,14.98,0.888,0
2026-07-15 21:20:05,GRID-BMK-103,2.559,229.21,12.02,0.929,0
2026-07-15 22:20:05,GRID-BMK-103,2.475,232.72,11.41,0.932,0
2026-07-15 23:20:05,GRID-BMK-103,2.391,229.94,11.15,0.932,0
2026-07-16 00:20:05,GRID-BMK-103,3.42,230.43,15.33,0.968,0
2026-07-16 01:20:05,GRID-BMK-103,16.026,230.97,78.51,0.884,1
2026-07-16 02:20:05,GRID-BMK-103,3.648,227.61,17.69,0.906,0
2026-07-16 03:20:05,GRID-BMK-103,3.445,231.26,16.91,0.881,0
2026-07-16 04:20:05,GRID-BMK-103,3.753,230.69,18.11,0.898,0
2026-07-16 05:20:05,GRID-BMK-103,3.565,230.15,17.22,0.899,0
2026-07-16 06:20:05,GRID-BMK-103,4.014,228.56,19.07,0.921,0
2026-07-16 07:20:05,GRID-BMK-103,4.882,231.35,21.68,0.973,0
2026-07-16 08:20:05,GRID-BMK-103,4.343,225.98,20.53,0.936,0
2026-07-16 09:20:05,GRID-BMK-103,5.737,232.28,26.55,0.93,0
2026-07-16 10:20:05,GRID-BMK-103,5.633,230.16,26.07,0.939,0
2026-07-16 11:20:05,GRID-BMK-103,5.714,227.57,26.63,0.943,0
2026-07-16 12:20:05,GRID-BMK-103,6.144,227.42,29.27,0.923,0
2026-07-16 13:20:05,GRID-BMK-103,6.185,227.34,27.79,0.979,0
2026-07-16 14:20:05,GRID-BMK-103,5.386,227.71,27.31,0.866,0
2026-07-16 15:20:05,GRID-BMK-103,5.18,233.07,23.48,0.946,0
2026-07-16 16:20:05,GRID-BMK-103,4.881,231.75,22.85,0.922,0
2026-07-16 17:20:05,GRID-BMK-103,4.483,226.17,21.6,0.918,0
2026-07-16 18:20:05,GRID-BMK-103,4.137,229.39,19.71,0.915,0
2026-07-16 19:20:05,GRID-BMK-103,3.362,232.35,16.41,0.882,0
2026-07-16 20:20:05,GRID-BMK-103,2.821,225.86,13.4,0.932,0
2026-07-16 21:20:05,GRID-BMK-103,2.683,233.03,12.18,0.946,0
2026-07-16 22:20:05,GRID-BMK-103,2.504,227.5,12.24,0.899,0
2026-07-16 23:20:05,GRID-BMK-103,2.226,230.11,10.77,0.898,0
2026-07-17 00:20:05,GRID-BMK-103,3.283,228.08,16.22,0.888,0
2026-07-17 01:20:05,GRID-BMK-103,3.084,232.13,14.35,0.926,0
2026-07-17 02:20:05,GRID-BMK-103,3.218,229.06,14.54,0.966,0
2026-07-17 03:20:05,GRID-BMK-103,3.813,229.05,18.41,0.905,0
2026-07-17 04:20:05,GRID-BMK-103,3.336,229.09,15.4,0.945,0
2026-07-17 05:20:05,GRID-BMK-103,3.508,230.54,16.75,0.908,0
2026-07-17 06:20:05,GRID-BMK-103,4.125,226.54,20.03,0.909,0
2026-07-17 07:20:05,GRID-BMK-103,4.693,229.89,21.2,0.963,0
2026-07-17 08:20:05,GRID-BMK-103,4.849,229.19,22.74,0.93,0
2026-07-17 09:20:05,GRID-BMK-103,4.989,224.96,23.29,0.952,0
2026-07-17 10:20:05,GRID-BMK-103,5.469,231.11,25.7,0.921,0
2026-07-17 11:20:05,GRID-BMK-103,6.251,229.8,29.24,0.93,0
2026-07-17 12:20:05,GRID-BMK-103,5.529,228.83,25.57,0.945,0
2026-07-17 13:20:05,GRID-BMK-103,5.419,231.14,26.02,0.901,0
2026-07-17 14:20:05,GRID-BMK-103,5.115,237.32,22.97,0.938,0
2026-07-17 15:20:05,GRID-BMK-103,4.927,233.16,22.71,0.93,0
2026-07-17 16:20:05,GRID-BMK-103,4.798,228.27,24.03,0.875,0
2026-07-17 17:20:05,GRID-BMK-103,5.136,231.3,24.17,0.918,0
2026-07-17 18:20:05,GRID-BMK-103,3.832,226.51,18.49,0.915,0
2026-07-17 19:20:05,GRID-BMK-103,3.66,231.13,17.95,0.883,0
2026-07-17 20:20:05,GRID-BMK-103,3.043,233.51,14.11,0.923,0
2026-07-17 21:20:05,GRID-BMK-103,2.432,230.21,11.52,0.917,0
2026-07-17 22:20:05,GRID-BMK-103,2.034,222.85,10.29,0.887,0
2026-07-17 23:20:05,GRID-BMK-103,2.414,226.31,11.51,0.927,0
2026-07-18 00:20:05,GRID-BMK-103,3.844,230.68,17.38,0.959,0
2026-07-18 01:20:05,GRID-BMK-103,3.866,229.36,17.8,0.947,0
2026-07-18 02:20:05,GRID-BMK-103,3.717,231.78,16.74,0.958,0
2026-07-18 03:20:05,GRID-BMK-103,3.704,234.61,16.9,0.934,0
2026-07-18 04:20:05,GRID-BMK-103,4.321,233.03,20.09,0.923,0
2026-07-18 05:20:05,GRID-BMK-103,4.463,228.32,20.58,0.95,0
2026-07-18 06:20:05,GRID-BMK-103,4.851,232.53,22.89,0.911,0
2026-07-18 07:20:05,GRID-BMK-103,4.668,230.6,21.38,0.947,0
2026-07-18 08:20:05,GRID-BMK-103,5.477,230.87,25.46,0.932,0
2026-07-18 09:20:05,GRID-BMK-103,6.69,234.81,31.57,0.902,0
2026-07-18 10:20:05,GRID-BMK-103,6.434,232.91,28.72,0.962,0
2026-07-18 11:20:05,GRID-BMK-103,7.215,232.35,32.4,0.958,0
2026-07-18 12:20:05,GRID-BMK-103,7.206,230.83,32.95,0.947,0
2026-07-18 13:20:05,GRID-BMK-103,6.412,230.73,32.5,0.855,0
2026-07-18 14:20:05,GRID-BMK-103,6.985,233.76,32.57,0.917,0
2026-07-18 15:20:05,GRID-BMK-103,6.007,232.05,28.74,0.901,0
2026-07-18 16:20:05,GRID-BMK-103,6.33,230.35,31.0,0.887,0
2026-07-18 17:20:05,GRID-BMK-103,6.144,232.16,28.8,0.919,0
2026-07-18 18:20:05,GRID-BMK-103,3.971,230.55,18.87,0.913,0
2026-07-18 19:20:05,GRID-BMK-103,15.307,234.28,70.85,0.922,1
2026-07-18 20:20:05,GRID-BMK-103,4.166,228.39,19.53,0.934,0
2026-07-18 21:20:05,GRID-BMK-103,3.725,228.72,17.41,0.936,0
2026-07-18 22:20:05,GRID-BMK-103,2.797,228.18,13.75,0.892,0
2026-07-18 23:20:05,GRID-BMK-103,2.321,228.52,11.03,0.921,0
2026-07-19 00:20:05,GRID-BMK-103,3.89,230.04,17.87,0.946,0
2026-07-19 01:20:05,GRID-BMK-103,3.369,229.36,16.03,0.916,0
2026-07-19 02:20:05,GRID-BMK-103,3.772,224.43,17.98,0.935,0
2026-07-19 03:20:05,GRID-BMK-103,4.405,225.27,21.44,0.912,0
2026-07-19 04:20:05,GRID-BMK-103,3.73,231.99,16.24,0.99,0
2026-07-19 05:20:05,GRID-BMK-103,4.159,235.88,18.67,0.944,0
2026-07-19 06:20:05,GRID-BMK-103,4.752,229.06,21.61,0.96,0
2026-07-19 07:20:05,GRID-BMK-103,4.886,223.14,24.56,0.892,0
2026-07-19 08:20:05,GRID-BMK-103,5.981,227.78,29.14,0.901,0
2026-07-19 09:20:05,GRID-BMK-103,5.528,234.41,25.55,0.923,0
2026-07-19 10:20:05,GRID-BMK-103,0.093,232.93,0.43,0.925,1
2026-07-19 11:20:05,GRID-BMK-103,6.731,223.71,32.8,0.918,0
2026-07-19 12:20:05,GRID-BMK-103,7.412,231.53,34.0,0.942,0
2026-07-19 13:20:05,GRID-BMK-103,6.938,228.9,34.59,0.876,0
2026-07-19 14:20:05,GRID-BMK-103,7.485,230.8,33.42,0.97,0
2026-07-19 15:20:05,GRID-BMK-103,6.355,232.35,28.47,0.961,0
2026-07-19 16:20:05,GRID-BMK-103,5.421,231.57,25.82,0.907,0
2026-07-19 17:20:05,GRID-BMK-103,5.282,226.25,26.92,0.867,0
2026-07-19 18:20:05,GRID-BMK-103,5.032,229.71,25.19,0.869,0
2026-07-19 19:20:05,GRID-BMK-103,4.479,225.63,22.98,0.864,0
2026-07-19 20:20:05,GRID-BMK-103,3.062,230.05,14.64,0.909,0
2026-07-19 21:20:05,GRID-BMK-103,3.067,225.44,14.77,0.921,0
2026-07-19 22:20:05,GRID-BMK-103,2.589,233.55,11.85,0.935,0
2026-07-19 23:20:05,GRID-BMK-103,3.266,230.25,14.59,0.972,0
2026-07-20 00:20:05,GRID-BMK-103,3.141,234.45,14.79,0.906,0
2026-07-20 01:20:05,GRID-BMK-103,2.981,227.97,14.82,0.883,0
2026-07-20 02:20:05,GRID-BMK-103,3.132,231.81,14.39,0.939,0
2026-07-20 03:20:05,GRID-BMK-103,3.335,230.4,15.17,0.954,0
2026-07-20 04:20:05,GRID-BMK-103,3.225,227.72,15.09,0.939,0
2026-07-20 05:20:05,GRID-BMK-103,3.332,233.41,15.11,0.945,0
2026-07-20 06:20:05,GRID-BMK-103,4.561,231.76,22.62,0.87,0
2026-07-20 07:20:05,GRID-BMK-103,4.845,232.72,22.55,0.923,0
2026-07-20 08:20:05,GRID-BMK-103,4.867,229.36,23.85,0.89,0
2026-07-20 09:20:05,GRID-BMK-103,4.779,226.04,22.36,0.946,0
2026-07-20 10:20:05,GRID-BMK-103,5.829,228.5,27.26,0.936,0
2026-07-20 11:20:05,GRID-BMK-103,5.053,226.95,24.33,0.915,0
2026-07-20 12:20:05,GRID-BMK-103,6.136,228.98,27.38,0.979,0
2026-07-20 13:20:05,GRID-BMK-103,5.806,227.73,28.71,0.888,0
2026-07-20 14:20:05,GRID-BMK-103,5.539,232.62,25.38,0.938,0
2026-07-20 15:20:05,GRID-BMK-103,5.165,230.02,24.49,0.917,0
2026-07-20 16:20:05,GRID-BMK-103,4.891,231.94,21.87,0.964,0
2026-07-20 17:20:05,GRID-BMK-103,4.596,228.88,20.91,0.96,0
2026-07-20 18:20:05,GRID-BMK-103,3.814,231.24,17.79,0.927,0
2026-07-20 19:20:05,GRID-BMK-103,3.884,239.2,17.54,0.925,0
2026-07-20 20:20:05,GRID-BMK-103,3.119,229.44,15.29,0.889,0
2026-07-20 21:20:05,GRID-BMK-103,3.643,230.36,17.51,0.903,0
2026-07-20 22:20:05,GRID-BMK-103,2.426,231.74,11.21,0.934,0
2026-07-20 23:20:05,GRID-BMK-103,2.282,234.83,10.67,0.911,0
2026-07-21 00:20:05,GRID-BMK-103,3.252,229.76,15.7,0.902,0
2026-07-21 01:20:05,GRID-BMK-103,3.515,224.76,16.78,0.932,0
2026-07-21 02:20:05,GRID-BMK-103,3.178,234.81,14.39,0.94,0
2026-07-21 03:20:05,GRID-BMK-103,3.436,233.37,15.97,0.922,0
2026-07-21 04:20:05,GRID-BMK-103,2.593,233.97,12.27,0.903,0
2026-07-21 05:20:05,GRID-BMK-103,3.052,224.78,15.5,0.876,0
2026-07-21 06:20:05,GRID-BMK-103,4.037,230.22,19.42,0.903,0
2026-07-21 07:20:05,GRID-BMK-103,4.709,227.06,23.2,0.894,0
2026-07-21 08:20:05,GRID-BMK-103,5.21,229.15,23.51,0.967,0
2026-07-21 09:20:05,GRID-BMK-103,5.535,233.44,27.08,0.876,0
2026-07-21 10:20:05,GRID-BMK-103,5.742,232.17,25.84,0.957,0
2026-07-21 11:20:05,GRID-BMK-103,5.826,229.02,27.66,0.92,0
2026-07-21 12:20:05,GRID-BMK-103,5.347,227.55,25.44,0.924,0
2026-07-21 13:20:05,GRID-BMK-103,5.572,227.51,26.47,0.925,0
2026-07-21 14:20:05,GRID-BMK-103,6.46,229.93,30.2,0.93,0
2026-07-21 15:20:05,GRID-BMK-103,5.332,233.6,25.57,0.893,0
2026-07-21 16:20:05,GRID-BMK-103,5.131,232.3,24.43,0.904,0
2026-07-21 17:20:05,GRID-BMK-103,4.425,230.6,21.11,0.909,0
2026-07-21 18:20:05,GRID-BMK-103,4.257,223.15,20.88,0.914,0
2026-07-21 19:20:05,GRID-BMK-103,3.639,232.21,17.29,0.906,0
2026-07-21 20:20:05,GRID-BMK-103,3.511,229.29,16.11,0.951,0
2026-07-21 21:20:05,GRID-BMK-103,3.182,232.66,15.41,0.887,0
2026-07-21 22:20:05,GRID-BMK-103,2.564,229.8,13.08,0.853,0
2026-07-21 23:20:05,GRID-BMK-103,2.289,230.14,10.83,0.918,0
2026-07-22 00:20:05,GRID-BMK-103,3.624,231.23,17.53,0.894,0
2026-07-22 01:20:05,GRID-BMK-103,3.231,229.88,15.46,0.909,0
2026-07-22 02:20:05,GRID-BMK-103,3.257,230.25,15.54,0.91,0
2026-07-22 03:20:05,GRID-BMK-103,3.494,226.01,17.14,0.902,0
2026-07-22 04:20:05,GRID-BMK-103,3.337,229.46,16.18,0.899,0
2026-07-22 05:20:05,GRID-BMK-103,2.634,228.2,12.68,0.91,0
2026-07-22 06:20:05,GRID-BMK-103,3.901,229.01,18.35,0.928,0
2026-07-22 07:20:05,GRID-BMK-103,4.161,227.98,20.27,0.9,0
2026-07-22 08:20:05,GRID-BMK-103,5.584,229.27,24.6,0.99,0
2026-07-22 09:20:05,GRID-BMK-103,5.894,232.0,27.64,0.919,0
2026-07-22 10:20:05,GRID-BMK-103,5.47,230.76,26.92,0.881,0
2026-07-22 11:20:05,GRID-BMK-103,6.306,224.94,30.06,0.933,0
2026-07-22 12:20:05,GRID-BMK-103,5.679,231.72,27.08,0.905,0
2026-07-22 13:20:05,GRID-BMK-103,6.203,235.86,28.57,0.92,0
2026-07-22 14:20:05,GRID-BMK-103,5.444,228.17,26.66,0.895,0
2026-07-22 15:20:05,GRID-BMK-103,5.664,229.7,27.95,0.882,0
2026-07-22 16:20:05,GRID-BMK-103,0.027,228.87,0.13,0.928,1
2026-07-22 17:20:05,GRID-BMK-103,4.685,232.59,20.74,0.971,0
2026-07-22 18:20:05,GRID-BMK-103,3.838,232.95,17.46,0.944,0
2026-07-22 19:20:05,GRID-BMK-103,3.685,228.06,17.55,0.921,0
2026-07-22 20:20:05,GRID-BMK-103,2.704,231.73,13.31,0.876,0
2026-07-22 21:20:05,GRID-BMK-103,2.572,224.22,13.59,0.844,0
2026-07-22 22:20:05,GRID-BMK-103,2.928,227.51,14.22,0.905,0
2026-07-22 23:20:05,GRID-BMK-103,2.415,226.06,11.83,0.903,0
2026-07-23 00:20:05,GRID-BMK-103,3.471,227.5,16.03,0.952,0
2026-07-23 01:20:05,GRID-BMK-103,3.037,233.6,14.03,0.926,0
2026-07-23 02:20:05,GRID-BMK-103,12.065,230.23,54.23,0.966,1
2026-07-23 03:20:05,GRID-BMK-103,2.88,230.17,13.43,0.931,0
2026-07-23 04:20:05,GRID-BMK-103,3.34,227.1,16.42,0.896,0
2026-07-23 05:20:05,GRID-BMK-103,3.675,228.67,16.33,0.984,0
2026-07-23 06:20:05,GRID-BMK-103,4.248,226.01,20.62,0.911,0
2026-07-23 07:20:05,GRID-BMK-103,4.905,228.69,23.72,0.904,0
2026-07-23 08:20:05,GRID-BMK-103,5.06,230.23,23.22,0.947,0
2026-07-23 09:20:05,GRID-BMK-103,5.333,227.91,24.53,0.954,0
2026-07-23 10:20:05,GRID-BMK-103,5.644,228.43,28.19,0.876,0
2026-07-23 11:20:05,GRID-BMK-103,6.095,228.59,28.32,0.942,0
2026-07-23 12:20:05,GRID-BMK-103,5.91,229.7,28.86,0.892,0
2026-07-23 13:20:05,GRID-BMK-103,5.313,235.99,25.79,0.873,0
2026-07-23 14:20:05,GRID-BMK-103,6.382,228.9,30.72,0.908,0
2026-07-23 15:20:05,GRID-BMK-103,5.562,228.07,27.79,0.878,0
2026-07-23 16:20:05,GRID-BMK-103,4.971,231.91,23.14,0.926,0
2026-07-23 17:20:05,GRID-BMK-103,4.663,228.41,21.23,0.962,0
2026-07-23 18:20:05,GRID-BMK-103,4.397,226.62,19.6,0.99,0
2026-07-23 19:20:05,GRID-BMK-103,3.312,228.28,16.5,0.88,0
2026-07-23 20:20:05,GRID-BMK-103,3.325,233.92,15.82,0.899,0
2026-07-23 21:20:05,GRID-BMK-103,2.008,228.84,9.96,0.881,0
2026-07-23 22:20:05,GRID-BMK-103,2.895,229.71,13.35,0.944,0
2026-07-23 23:20:05,GRID-BMK-103,2.569,233.21,11.85,0.93,0
2026-07-24 00:20:05,GRID-BMK-103,3.504,233.05,16.59,0.906,0
2026-07-24 01:20:05,GRID-BMK-103,3.0,233.6,13.86,0.926,0
2026-07-24 02:20:05,GRID-BMK-103,3.373,225.89,15.43,0.968,0
2026-07-24 03:20:05,GRID-BMK-103,2.862,229.64,12.9,0.966,0
2026-07-24 04:20:05,GRID-BMK-103,2.972,232.02,13.85,0.925,0
2026-07-24 05:20:05,GRID-BMK-103,3.072,231.5,14.08,0.943,0
2026-07-24 06:20:05,GRID-BMK-103,3.811,232.11,17.39,0.944,0
2026-07-24 07:20:05,GRID-BMK-103,4.441,231.04,19.59,0.981,0
2026-07-24 08:20:05,GRID-BMK-103,5.174,229.97,24.11,0.933,0
2026-07-24 09:20:05,GRID-BMK-103,5.36,232.0,24.92,0.927,0
2026-07-24 10:20:05,GRID-BMK-103,6.175,227.58,29.55,0.918,0
2026-07-24 11:20:05,GRID-BMK-103,5.335,227.89,25.75,0.909,0
2026-07-24 12:20:05,GRID-BMK-103,0.064,231.76,0.32,0.881,1
2026-07-24 13:20:05,GRID-BMK-103,5.725,232.16,26.36,0.936,0
2026-07-24 14:20:05,GRID-BMK-103,6.032,225.09,30.03,0.892,0
2026-07-24 15:20:05,GRID-BMK-103,5.286,229.97,26.04,0.883,0
2026-07-24 16:20:05,GRID-BMK-103,4.831,229.58,21.46,0.981,0
2026-07-24 17:20:05,GRID-BMK-103,4.805,231.33,22.0,0.944,0
2026-07-24 18:20:05,GRID-BMK-103,22.654,229.01,105.06,0.942,1
2026-07-24 19:20:05,GRID-BMK-103,3.223,232.08,15.21,0.913,0
2026-07-24 20:20:05,GRID-BMK-103,2.653,230.86,12.62,0.911,0
2026-07-24 21:20:05,GRID-BMK-103,2.2,226.91,10.49,0.924,0
2026-07-24 22:20:05,GRID-BMK-103,2.911,226.87,13.78,0.931,0
2026-07-24 23:20:05,GRID-BMK-103,2.562,227.3,12.66,0.891,0
2026-07-25 00:20:05,GRID-BMK-103,3.577,231.1,15.99,0.968,0
2026-07-25 01:20:05,GRID-BMK-103,4.39,226.68,21.49,0.901,0
2026-07-25 02:20:05,GRID-BMK-103,4.157,223.38,20.4,0.912,0
2026-07-25 03:20:05,GRID-BMK-103,3.619,232.05,16.77,0.93,0
2026-07-25 04:20:05,GRID-BMK-103,4.052,228.02,19.21,0.925,0
2026-07-25 05:20:05,GRID-BMK-103,4.282,225.51,20.6,0.922,0
2026-07-25 06:20:05,GRID-BMK-103,4.965,227.93,23.74,0.917,0
2026-07-25 07:20:05,GRID-BMK-103,5.435,226.31,26.98,0.89,0
2026-07-25 08:20:05,GRID-BMK-103,6.759,224.2,33.12,0.91,0
2026-07-25 09:20:05,GRID-BMK-103,6.715,224.14,34.12,0.878,0
2026-07-25 10:20:05,GRID-BMK-103,6.729,231.54,29.73,0.978,0
2026-07-25 11:20:05,GRID-BMK-103,6.775,233.4,30.7,0.946,0
2026-07-25 12:20:05,GRID-BMK-103,6.824,230.78,31.32,0.944,0
2026-07-25 13:20:05,GRID-BMK-103,7.141,233.98,33.15,0.92,0
2026-07-25 14:20:05,GRID-BMK-103,6.45,230.99,28.77,0.97,0
2026-07-25 15:20:05,GRID-BMK-103,6.53,226.39,30.84,0.935,0
2026-07-25 16:20:05,GRID-BMK-103,5.475,232.5,25.11,0.938,0
2026-07-25 17:20:05,GRID-BMK-103,5.336,228.19,25.43,0.92,0
2026-07-25 18:20:05,GRID-BMK-103,5.571,223.52,26.05,0.957,0
2026-07-25 19:20:05,GRID-BMK-103,4.162,233.8,20.02,0.889,0
2026-07-25 20:20:05,GRID-BMK-103,4.289,232.83,19.74,0.933,0
2026-07-25 21:20:05,GRID-BMK-103,3.182,223.0,15.81,0.902,0
2026-07-25 22:20:05,GRID-BMK-103,2.667,230.93,12.33,0.936,0
2026-07-25 23:20:05,GRID-BMK-103,2.54,223.32,12.32,0.924,0
2026-07-26 00:20:05,GRID-BMK-103,4.421,231.95,20.12,0.948,0
2026-07-26 01:20:05,GRID-BMK-103,3.678,230.09,17.0,0.94,0
2026-07-26 02:20:05,GRID-BMK-103,4.085,231.36,19.36,0.912,0
2026-07-26 03:20:05,GRID-BMK-103,4.164,236.28,20.17,0.874,0
2026-07-26 04:20:05,GRID-BMK-103,4.626,232.45,20.83,0.955,0
2026-07-26 05:20:05,GRID-BMK-103,3.979,234.16,18.86,0.901,0
2026-07-26 06:20:05,GRID-BMK-103,4.747,233.34,22.52,0.903,0
2026-07-26 07:20:05,GRID-BMK-103,5.438,232.69,24.87,0.94,0
2026-07-26 08:20:05,GRID-BMK-103,5.717,227.34,28.04,0.897,0
2026-07-26 09:20:05,GRID-BMK-103,6.064,228.62,27.87,0.952,0
2026-07-26 10:20:05,GRID-BMK-103,6.68,229.35,31.39,0.928,0
2026-07-26 11:20:05,GRID-BMK-103,6.524,237.21,28.85,0.953,0
2026-07-26 12:20:05,GRID-BMK-103,7.235,229.58,33.59,0.938,0
2026-07-26 13:20:05,GRID-BMK-103,6.593,230.38,32.07,0.892,0
2026-07-26 14:20:05,GRID-BMK-103,6.487,233.38,28.71,0.968,0
2026-07-26 15:20:05,GRID-BMK-103,6.103,230.98,29.39,0.899,0
2026-07-26 16:20:05,GRID-BMK-103,5.795,227.66,27.1,0.939,0
2026-07-26 17:20:05,GRID-BMK-103,5.448,231.3,26.15,0.901,0
2026-07-26 18:20:05,GRID-BMK-103,5.151,232.05,23.34,0.951,0
2026-07-26 19:20:05,GRID-BMK-103,5.043,235.14,24.02,0.893,0
2026-07-26 20:20:05,GRID-BMK-103,4.11,228.84,19.06,0.943,0
2026-07-26 21:20:05,GRID-BMK-103,2.644,224.86,12.62,0.932,0
2026-07-26 22:20:05,GRID-BMK-103,3.144,224.06,15.46,0.908,0
2026-07-26 23:20:05,GRID-BMK-103,2.709,227.18,12.79,0.932,0
2026-07-27 00:20:05,GRID-BMK-103,3.319,228.9,15.8,0.918,0
2026-07-27 01:20:05,GRID-BMK-103,3.252,234.86,14.62,0.947,0
2026-07-27 02:20:05,GRID-BMK-103,3.279,231.47,15.16,0.934,0
2026-07-27 03:20:05,GRID-BMK-103,3.555,227.82,16.53,0.944,0
2026-07-27 04:20:05,GRID-BMK-103,3.055,230.62,14.42,0.919,0
2026-07-27 05:20:05,GRID-BMK-103,2.884,227.24,13.81,0.919,0
2026-07-27 06:20:05,GRID-BMK-103,3.75,232.77,17.19,0.937,0
2026-07-27 07:20:05,GRID-BMK-103,4.541,228.91,21.46,0.924,0
2026-07-27 08:20:05,GRID-BMK-103,4.779,231.56,22.8,0.905,0
2026-07-27 09:20:05,GRID-BMK-103,5.146,232.81,23.42,0.944,0
2026-07-27 10:20:05,GRID-BMK-103,5.656,232.22,25.91,0.94,0
2026-07-27 11:20:05,GRID-BMK-103,5.696,228.71,26.78,0.93,0
2026-07-27 12:20:05,GRID-BMK-103,6.438,230.52,32.28,0.865,0
2026-07-27 13:20:05,GRID-BMK-103,6.046,234.42,29.89,0.863,0
2026-07-27 14:20:05,GRID-BMK-103,5.595,228.81,26.65,0.918,0
2026-07-27 15:20:05,GRID-BMK-103,4.745,225.23,22.82,0.923,0
2026-07-27 16:20:05,GRID-BMK-103,4.788,234.01,22.81,0.897,0
2026-07-27 17:20:05,GRID-BMK-103,4.505,228.04,21.99,0.898,0
2026-07-27 18:20:05,GRID-BMK-103,4.502,232.27,20.6,0.941,0
2026-07-27 19:20:05,GRID-BMK-103,3.618,222.92,18.44,0.88,0
2026-07-27 20:20:05,GRID-BMK-103,2.923,227.49,14.87,0.864,0
2026-07-27 21:20:05,GRID-BMK-103,2.911,230.69,13.87,0.91,0
2026-07-27 22:20:05,GRID-BMK-103,3.105,228.38,14.69,0.925,0
2026-07-27 23:20:05,GRID-BMK-103,2.294,228.37,11.11,0.904,0
2026-07-28 00:20:05,GRID-BMK-103,3.606,226.34,16.84,0.946,0
2026-07-28 01:20:05,GRID-BMK-103,3.462,224.63,16.5,0.934,0
2026-07-28 02:20:05,GRID-BMK-103,2.99,225.17,14.28,0.93,0
2026-07-28 03:20:05,GRID-BMK-103,3.274,229.2,15.2,0.94,0
2026-07-28 04:20:05,GRID-BMK-103,3.398,230.88,16.34,0.901,0
2026-07-28 05:20:05,GRID-BMK-103,3.813,226.41,19.3,0.873,0
2026-07-28 06:20:05,GRID-BMK-103,3.927,230.96,18.55,0.917,0
2026-07-28 07:20:05,GRID-BMK-103,4.093,229.42,19.66,0.908,0
2026-07-28 08:20:05,GRID-BMK-103,5.06,232.62,23.88,0.911,0
2026-07-28 09:20:05,GRID-BMK-103,5.315,226.82,25.05,0.935,0
2026-07-28 10:20:05,GRID-BMK-103,5.107,227.1,24.57,0.915,0
2026-07-28 11:20:05,GRID-BMK-103,5.661,229.14,26.73,0.924,0
2026-07-28 12:20:05,GRID-BMK-103,5.678,234.44,27.26,0.889,0
2026-07-28 13:20:05,GRID-BMK-103,5.879,231.17,28.39,0.896,0
2026-07-28 14:20:05,GRID-BMK-103,5.65,231.6,28.15,0.867,0
2026-07-28 15:20:05,GRID-BMK-103,5.37,229.09,25.84,0.907,0
2026-07-28 16:20:05,GRID-BMK-103,4.399,230.88,19.83,0.961,0
2026-07-28 17:20:05,GRID-BMK-103,4.725,229.98,22.2,0.925,0
2026-07-28 18:20:05,GRID-BMK-103,4.327,226.73,21.76,0.877,0
2026-07-28 19:20:05,GRID-BMK-103,4.06,231.92,19.37,0.904,0
2026-07-28 20:20:05,GRID-BMK-103,3.275,231.53,15.9,0.889,0
2026-07-28 21:20:05,GRID-BMK-103,2.718,230.85,12.48,0.943,0
2026-07-28 22:20:05,GRID-BMK-103,2.351,229.98,11.27,0.907,0
2026-07-28 23:20:05,GRID-BMK-103,2.322,230.69,10.79,0.933,0
2026-07-29 00:20:05,GRID-BMK-103,2.847,228.94,13.16,0.945,0
2026-07-29 01:20:05,GRID-BMK-103,3.356,229.15,17.19,0.852,0
2026-06-14 01:20:05,GRID-BMK-104,4.238,224.03,20.54,0.921,0
2026-06-14 02:20:05,GRID-BMK-104,3.259,231.96,15.83,0.888,0
2026-06-14 03:20:05,GRID-BMK-104,4.017,233.52,18.7,0.92,0
2026-06-14 04:20:05,GRID-BMK-104,3.284,225.4,15.48,0.941,0
2026-06-14 05:20:05,GRID-BMK-104,3.654,229.37,17.61,0.905,0
2026-06-14 06:20:05,GRID-BMK-104,4.092,227.83,19.73,0.91,0
2026-06-14 07:20:05,GRID-BMK-104,4.865,228.93,23.42,0.907,0
2026-06-14 08:20:05,GRID-BMK-104,5.399,230.5,25.73,0.911,0
2026-06-14 09:20:05,GRID-BMK-104,6.346,233.75,29.23,0.929,0
2026-06-14 10:20:05,GRID-BMK-104,6.116,225.51,29.47,0.92,0
2026-06-14 11:20:05,GRID-BMK-104,6.485,228.82,30.92,0.917,0
2026-06-14 12:20:05,GRID-BMK-104,6.411,229.75,31.46,0.887,0
2026-06-14 13:20:05,GRID-BMK-104,6.331,229.48,29.02,0.951,0
2026-06-14 14:20:05,GRID-BMK-104,5.887,230.8,27.44,0.93,0
2026-06-14 15:20:05,GRID-BMK-104,5.332,229.71,23.67,0.981,0
2026-06-14 16:20:05,GRID-BMK-104,5.033,226.57,23.87,0.93,0
2026-06-14 17:20:05,GRID-BMK-104,4.82,238.78,22.84,0.884,0
2026-06-14 18:20:05,GRID-BMK-104,4.913,230.81,24.41,0.872,0
2026-06-14 19:20:05,GRID-BMK-104,4.024,232.05,20.25,0.857,0
2026-06-14 20:20:05,GRID-BMK-104,3.85,227.61,18.37,0.921,0
2026-06-14 21:20:05,GRID-BMK-104,3.145,229.68,14.35,0.955,0
2026-06-14 22:20:05,GRID-BMK-104,2.399,228.96,11.08,0.946,0
2026-06-14 23:20:05,GRID-BMK-104,2.447,231.16,10.74,0.986,0
2026-06-15 00:20:05,GRID-BMK-104,3.013,235.01,14.67,0.874,0
2026-06-15 01:20:05,GRID-BMK-104,16.851,232.05,78.65,0.923,1
2026-06-15 02:20:05,GRID-BMK-104,3.068,230.73,14.68,0.905,0
2026-06-15 03:20:05,GRID-BMK-104,2.939,229.55,14.64,0.874,0
2026-06-15 04:20:05,GRID-BMK-104,2.247,231.29,10.6,0.916,0
2026-06-15 05:20:05,GRID-BMK-104,2.847,230.88,13.39,0.921,0
2026-06-15 06:20:05,GRID-BMK-104,4.247,229.69,20.19,0.916,0
2026-06-15 07:20:05,GRID-BMK-104,3.844,235.7,17.7,0.921,0
2026-06-15 08:20:05,GRID-BMK-104,4.732,228.92,23.58,0.876,0
2026-06-15 09:20:05,GRID-BMK-104,4.88,234.56,22.99,0.905,0
2026-06-15 10:20:05,GRID-BMK-104,5.586,228.63,28.21,0.866,0
2026-06-15 11:20:05,GRID-BMK-104,5.822,228.92,26.83,0.948,0
2026-06-15 12:20:05,GRID-BMK-104,5.921,231.15,27.7,0.925,0
2026-06-15 13:20:05,GRID-BMK-104,5.891,231.9,27.19,0.934,0
2026-06-15 14:20:05,GRID-BMK-104,5.107,229.83,24.88,0.893,0
2026-06-15 15:20:05,GRID-BMK-104,4.841,229.6,22.97,0.918,0
2026-06-15 16:20:05,GRID-BMK-104,4.719,225.13,22.87,0.917,0
2026-06-15 17:20:05,GRID-BMK-104,4.173,230.3,20.19,0.898,0
2026-06-15 18:20:05,GRID-BMK-104,3.862,231.48,17.54,0.951,0
2026-06-15 19:20:05,GRID-BMK-104,3.262,229.79,15.36,0.924,0
2026-06-15 20:20:05,GRID-BMK-104,2.5,234.76,12.58,0.846,0
2026-06-15 21:20:05,GRID-BMK-104,2.353,231.19,10.73,0.949,0
2026-06-15 22:20:05,GRID-BMK-104,2.003,230.09,9.68,0.899,0
2026-06-15 23:20:05,GRID-BMK-104,2.262,229.0,11.14,0.887,0
2026-06-16 00:20:05,GRID-BMK-104,2.893,231.52,14.04,0.89,0
2026-06-16 01:20:05,GRID-BMK-104,2.717,226.68,12.72,0.943,0
2026-06-16 02:20:05,GRID-BMK-104,3.933,232.35,18.56,0.912,0
2026-06-16 03:20:05,GRID-BMK-104,3.209,234.81,15.04,0.909,0
2026-06-16 04:20:05,GRID-BMK-104,2.914,225.66,13.2,0.978,0
2026-06-16 05:20:05,GRID-BMK-104,2.665,229.63,13.04,0.89,0
2026-06-16 06:20:05,GRID-BMK-104,3.379,229.84,15.63,0.941,0
2026-06-16 07:20:05,GRID-BMK-104,4.432,235.94,19.32,0.972,0
2026-06-16 08:20:05,GRID-BMK-104,4.131,236.12,19.27,0.908,0
2026-06-16 09:20:05,GRID-BMK-104,4.885,230.58,24.12,0.878,0
2026-06-16 10:20:05,GRID-BMK-104,4.762,234.51,21.24,0.956,0
2026-06-16 11:20:05,GRID-BMK-104,5.322,229.9,24.95,0.928,0
2026-06-16 12:20:05,GRID-BMK-104,5.512,228.72,27.48,0.877,0
2026-06-16 13:20:05,GRID-BMK-104,6.064,230.47,28.74,0.915,0
2026-06-16 14:20:05,GRID-BMK-104,4.705,228.8,22.05,0.933,0
2026-06-16 15:20:05,GRID-BMK-104,4.693,230.8,21.65,0.939,0
2026-06-16 16:20:05,GRID-BMK-104,4.392,230.23,20.61,0.926,0
2026-06-16 17:20:05,GRID-BMK-104,4.32,235.45,19.73,0.93,0
2026-06-16 18:20:05,GRID-BMK-104,4.057,231.94,18.59,0.941,0
2026-06-16 19:20:05,GRID-BMK-104,3.419,233.03,16.55,0.886,0
2026-06-16 20:20:05,GRID-BMK-104,1.933,229.74,8.82,0.954,0
2026-06-16 21:20:05,GRID-BMK-104,1.986,231.11,9.25,0.929,0
2026-06-16 22:20:05,GRID-BMK-104,2.168,223.9,10.87,0.891,0
2026-06-16 23:20:05,GRID-BMK-104,2.222,227.12,10.59,0.924,0
2026-06-17 00:20:05,GRID-BMK-104,3.453,228.97,15.23,0.99,0
2026-06-17 01:20:05,GRID-BMK-104,2.955,230.6,14.6,0.878,0
2026-06-17 02:20:05,GRID-BMK-104,3.426,226.95,16.53,0.913,0
2026-06-17 03:20:05,GRID-BMK-104,2.977,227.43,14.31,0.914,0
2026-06-17 04:20:05,GRID-BMK-104,2.831,230.67,12.75,0.963,0
2026-06-17 05:20:05,GRID-BMK-104,2.857,226.29,13.55,0.932,0
2026-06-17 06:20:05,GRID-BMK-104,3.697,231.64,18.01,0.886,0
2026-06-17 07:20:05,GRID-BMK-104,4.513,230.82,21.15,0.925,0
2026-06-17 08:20:05,GRID-BMK-104,4.404,231.44,20.57,0.925,0
2026-06-17 09:20:05,GRID-BMK-104,4.5,225.79,21.04,0.947,0
2026-06-17 10:20:05,GRID-BMK-104,5.178,234.12,23.66,0.935,0
2026-06-17 11:20:05,GRID-BMK-104,0.02,228.83,0.09,0.923,1
2026-06-17 12:20:05,GRID-BMK-104,5.586,231.07,27.02,0.895,0
2026-06-17 13:20:05,GRID-BMK-104,5.056,230.02,23.21,0.947,0
2026-06-17 14:20:05,GRID-BMK-104,5.771,226.49,29.19,0.873,0
2026-06-17 15:20:05,GRID-BMK-104,4.605,225.1,21.72,0.942,0
2026-06-17 16:20:05,GRID-BMK-104,0.019,224.57,0.09,0.942,1
2026-06-17 17:20:05,GRID-BMK-104,4.201,221.6,20.54,0.923,0
2026-06-17 18:20:05,GRID-BMK-104,3.828,225.64,18.56,0.914,0
2026-06-17 19:20:05,GRID-BMK-104,3.289,233.97,14.92,0.942,0
2026-06-17 20:20:05,GRID-BMK-104,2.837,230.22,13.98,0.882,0
2026-06-17 21:20:05,GRID-BMK-104,2.0,232.72,9.09,0.945,0
2026-06-17 22:20:05,GRID-BMK-104,2.201,223.6,11.07,0.889,0
2026-06-17 23:20:05,GRID-BMK-104,1.98,230.06,9.18,0.937,0
2026-06-18 00:20:05,GRID-BMK-104,2.984,228.08,13.78,0.949,0
2026-06-18 01:20:05,GRID-BMK-104,2.819,231.93,13.4,0.907,0
2026-06-18 02:20:05,GRID-BMK-104,2.935,229.44,14.5,0.883,0
2026-06-18 03:20:05,GRID-BMK-104,3.184,230.37,15.33,0.901,0
2026-06-18 04:20:05,GRID-BMK-104,2.459,224.69,11.92,0.918,0
2026-06-18 05:20:05,GRID-BMK-104,2.584,231.93,11.25,0.99,0
2026-06-18 06:20:05,GRID-BMK-104,3.584,231.06,16.81,0.923,0
2026-06-18 07:20:05,GRID-BMK-104,4.056,232.81,19.93,0.874,0
2026-06-18 08:20:05,GRID-BMK-104,4.412,222.27,21.27,0.933,0
2026-06-18 09:20:05,GRID-BMK-104,4.929,230.32,22.83,0.937,0
2026-06-18 10:20:05,GRID-BMK-104,4.783,223.31,23.84,0.898,0
2026-06-18 11:20:05,GRID-BMK-104,5.219,229.11,24.23,0.94,0
2026-06-18 12:20:05,GRID-BMK-104,5.757,232.16,28.85,0.859,0
2026-06-18 13:20:05,GRID-BMK-104,5.803,234.44,26.29,0.942,0
2026-06-18 14:20:05,GRID-BMK-104,4.871,232.5,22.18,0.945,0
2026-06-18 15:20:05,GRID-BMK-104,4.648,226.58,21.66,0.947,0
2026-06-18 16:20:05,GRID-BMK-104,5.203,226.33,24.18,0.951,0
2026-06-18 17:20:05,GRID-BMK-104,3.835,227.37,18.99,0.888,0
2026-06-18 18:20:05,GRID-BMK-104,3.995,233.13,19.21,0.892,0
2026-06-18 19:20:05,GRID-BMK-104,3.682,227.99,17.83,0.906,0
2026-06-18 20:20:05,GRID-BMK-104,2.847,230.72,13.49,0.914,0
2026-06-18 21:20:05,GRID-BMK-104,2.645,227.55,12.31,0.944,0
2026-06-18 22:20:05,GRID-BMK-104,2.266,227.36,11.31,0.882,0
2026-06-18 23:20:05,GRID-BMK-104,1.908,227.84,9.47,0.884,0
2026-06-19 00:20:05,GRID-BMK-104,2.699,225.62,13.2,0.906,0
2026-06-19 01:20:05,GRID-BMK-104,3.084,227.6,15.66,0.866,0
2026-06-19 02:20:05,GRID-BMK-104,3.319,228.37,15.84,0.918,0
2026-06-19 03:20:05,GRID-BMK-104,2.79,230.85,13.1,0.923,0
2026-06-19 04:20:05,GRID-BMK-104,2.465,227.24,11.85,0.916,0
2026-06-19 05:20:05,GRID-BMK-104,2.682,228.88,13.03,0.899,0
2026-06-19 06:20:05,GRID-BMK-104,3.991,227.01,19.93,0.882,0
2026-06-19 07:20:05,GRID-BMK-104,4.712,233.68,23.24,0.868,0
2026-06-19 08:20:05,GRID-BMK-104,4.465,229.24,21.28,0.915,0
2026-06-19 09:20:05,GRID-BMK-104,5.245,233.25,24.46,0.919,0
2026-06-19 10:20:05,GRID-BMK-104,5.468,229.89,26.36,0.902,0
2026-06-19 11:20:05,GRID-BMK-104,5.506,231.6,25.46,0.934,0
2026-06-19 12:20:05,GRID-BMK-104,6.089,232.56,26.83,0.976,0
2026-06-19 13:20:05,GRID-BMK-104,5.218,225.65,24.31,0.951,0
2026-06-19 14:20:05,GRID-BMK-104,5.748,227.07,28.77,0.88,0
2026-06-19 15:20:05,GRID-BMK-104,5.399,234.72,25.25,0.911,0
2026-06-19 16:20:05,GRID-BMK-104,4.639,236.5,21.97,0.893,0
2026-06-19 17:20:05,GRID-BMK-104,4.128,226.8,20.02,0.909,0
2026-06-19 18:20:05,GRID-BMK-104,3.622,231.25,16.74,0.936,0
2026-06-19 19:20:05,GRID-BMK-104,3.853,232.34,17.55,0.945,0
2026-06-19 20:20:05,GRID-BMK-104,3.487,231.59,16.92,0.89,0
2026-06-19 21:20:05,GRID-BMK-104,2.23,228.61,10.51,0.929,0
2026-06-19 22:20:05,GRID-BMK-104,2.319,231.38,10.89,0.92,0
2026-06-19 23:20:05,GRID-BMK-104,1.738,236.0,7.87,0.935,0
2026-06-20 00:20:05,GRID-BMK-104,3.908,228.89,18.87,0.905,0
2026-06-20 01:20:05,GRID-BMK-104,3.268,225.99,16.53,0.875,0
2026-06-20 02:20:05,GRID-BMK-104,3.248,235.83,15.2,0.906,0
2026-06-20 03:20:05,GRID-BMK-104,3.593,234.39,15.98,0.959,0
2026-06-20 04:20:05,GRID-BMK-104,4.098,227.96,19.48,0.923,0
2026-06-20 05:20:05,GRID-BMK-104,3.552,236.5,15.76,0.953,0
2026-06-20 06:20:05,GRID-BMK-104,4.441,225.72,21.14,0.931,0
2026-06-20 07:20:05,GRID-BMK-104,4.194,230.28,20.18,0.902,0
2026-06-20 08:20:05,GRID-BMK-104,5.285,227.04,24.29,0.958,0
2026-06-20 09:20:05,GRID-BMK-104,6.047,229.89,27.75,0.948,0
2026-06-20 10:20:05,GRID-BMK-104,6.9,229.82,34.5,0.87,0
2026-06-20 11:20:05,GRID-BMK-104,6.662,229.24,29.35,0.99,0
2026-06-20 12:20:05,GRID-BMK-104,6.687,222.59,31.57,0.952,0
2026-06-20 13:20:05,GRID-BMK-104,6.31,232.36,29.98,0.906,0
2026-06-20 14:20:05,GRID-BMK-104,6.43,230.0,30.54,0.915,0
2026-06-20 15:20:05,GRID-BMK-104,6.103,229.82,29.12,0.912,0
2026-06-20 16:20:05,GRID-BMK-104,5.494,233.27,25.69,0.917,0
2026-06-20 17:20:05,GRID-BMK-104,4.966,226.29,23.35,0.94,0
2026-06-20 18:20:05,GRID-BMK-104,4.687,230.76,22.75,0.893,0
2026-06-20 19:20:05,GRID-BMK-104,4.313,231.94,19.32,0.962,0
2026-06-20 20:20:05,GRID-BMK-104,2.765,233.46,12.91,0.918,0
2026-06-20 21:20:05,GRID-BMK-104,2.742,227.85,12.99,0.927,0
2026-06-20 22:20:05,GRID-BMK-104,2.205,227.55,10.32,0.939,0
2026-06-20 23:20:05,GRID-BMK-104,1.7,235.47,7.87,0.918,0
2026-06-21 00:20:05,GRID-BMK-104,3.327,231.53,15.29,0.94,0
2026-06-21 01:20:05,GRID-BMK-104,3.944,236.23,18.28,0.913,0
2026-06-21 02:20:05,GRID-BMK-104,3.626,226.63,17.55,0.911,0
2026-06-21 03:20:05,GRID-BMK-104,3.596,230.23,16.79,0.93,0
2026-06-21 04:20:05,GRID-BMK-104,3.236,233.54,14.65,0.946,0
2026-06-21 05:20:05,GRID-BMK-104,3.532,229.56,16.58,0.928,0
2026-06-21 06:20:05,GRID-BMK-104,4.215,224.64,21.08,0.89,0
2026-06-21 07:20:05,GRID-BMK-104,4.427,232.37,20.13,0.946,0
2026-06-21 08:20:05,GRID-BMK-104,5.542,234.38,26.22,0.902,0
2026-06-21 09:20:05,GRID-BMK-104,5.967,232.86,27.52,0.931,0
2026-06-21 10:20:05,GRID-BMK-104,7.387,230.09,34.74,0.924,0
2026-06-21 11:20:05,GRID-BMK-104,6.94,230.21,32.66,0.923,0
2026-06-21 12:20:05,GRID-BMK-104,6.608,225.49,32.44,0.903,0
2026-06-21 13:20:05,GRID-BMK-104,6.674,226.32,31.59,0.933,0
2026-06-21 14:20:05,GRID-BMK-104,6.652,234.31,29.98,0.947,0
2026-06-21 15:20:05,GRID-BMK-104,5.87,227.81,28.0,0.92,0
2026-06-21 16:20:05,GRID-BMK-104,5.523,226.06,27.07,0.902,0
2026-06-21 17:20:05,GRID-BMK-104,5.186,232.36,24.9,0.896,0
2026-06-21 18:20:05,GRID-BMK-104,4.873,232.59,24.5,0.855,0
2026-06-21 19:20:05,GRID-BMK-104,4.174,229.49,19.24,0.945,0
2026-06-21 20:20:05,GRID-BMK-104,2.901,223.95,14.08,0.92,0
2026-06-21 21:20:05,GRID-BMK-104,2.587,224.66,12.06,0.954,0
2026-06-21 22:20:05,GRID-BMK-104,2.34,230.29,11.38,0.893,0
2026-06-21 23:20:05,GRID-BMK-104,2.163,230.28,9.91,0.948,0
2026-06-22 00:20:05,GRID-BMK-104,3.092,231.62,14.22,0.938,0
2026-06-22 01:20:05,GRID-BMK-104,2.923,230.62,14.0,0.905,0
2026-06-22 02:20:05,GRID-BMK-104,2.876,232.3,13.54,0.914,0
2026-06-22 03:20:05,GRID-BMK-104,2.958,230.11,14.31,0.898,0
2026-06-22 04:20:05,GRID-BMK-104,2.988,225.66,14.54,0.911,0
2026-06-22 05:20:05,GRID-BMK-104,0.055,230.47,0.27,0.897,1
2026-06-22 06:20:05,GRID-BMK-104,3.548,230.23,16.13,0.956,0
2026-06-22 07:20:05,GRID-BMK-104,4.211,230.76,20.51,0.89,0
2026-06-22 08:20:05,GRID-BMK-104,4.732,232.18,21.16,0.963,0
2026-06-22 09:20:05,GRID-BMK-104,5.263,226.23,24.35,0.956,0
2026-06-22 10:20:05,GRID-BMK-104,5.274,230.21,25.35,0.904,0
2026-06-22 11:20:05,GRID-BMK-104,5.654,226.65,27.94,0.893,0
2026-06-22 12:20:05,GRID-BMK-104,5.916,225.92,29.02,0.902,0
2026-06-22 13:20:05,GRID-BMK-104,5.679,233.69,25.42,0.956,0
2026-06-22 14:20:05,GRID-BMK-104,5.927,231.21,27.99,0.916,0
2026-06-22 15:20:05,GRID-BMK-104,4.684,230.08,23.41,0.869,0
2026-06-22 16:20:05,GRID-BMK-104,4.737,234.54,23.78,0.849,0
2026-06-22 17:20:05,GRID-BMK-104,4.517,225.19,21.53,0.932,0
2026-06-22 18:20:05,GRID-BMK-104,3.815,237.15,16.93,0.95,0
2026-06-22 19:20:05,GRID-BMK-104,3.582,231.72,16.9,0.915,0
2026-06-22 20:20:05,GRID-BMK-104,2.534,228.54,12.91,0.858,0
2026-06-22 21:20:05,GRID-BMK-104,2.178,229.72,10.2,0.93,0
2026-06-22 22:20:05,GRID-BMK-104,2.149,231.09,10.11,0.92,0
2026-06-22 23:20:05,GRID-BMK-104,1.755,230.89,8.29,0.917,0
2026-06-23 00:20:05,GRID-BMK-104,2.656,231.4,12.12,0.947,0
2026-06-23 01:20:05,GRID-BMK-104,3.229,229.46,15.35,0.917,0
2026-06-23 02:20:05,GRID-BMK-104,2.496,232.98,11.71,0.915,0
2026-06-23 03:20:05,GRID-BMK-104,2.574,231.7,12.22,0.909,0
2026-06-23 04:20:05,GRID-BMK-104,2.843,223.24,13.93,0.914,0
2026-06-23 05:20:05,GRID-BMK-104,2.901,231.08,13.7,0.916,0
2026-06-23 06:20:05,GRID-BMK-104,3.733,230.2,17.64,0.919,0
2026-06-23 07:20:05,GRID-BMK-104,4.258,230.66,20.17,0.915,0
2026-06-23 08:20:05,GRID-BMK-104,4.982,231.68,22.76,0.945,0
2026-06-23 09:20:05,GRID-BMK-104,5.309,231.07,23.48,0.978,0
2026-06-23 10:20:05,GRID-BMK-104,5.172,235.03,23.22,0.948,0
2026-06-23 11:20:05,GRID-BMK-104,5.217,226.25,24.48,0.942,0
2026-06-23 12:20:05,GRID-BMK-104,5.553,227.83,27.01,0.902,0
2026-06-23 13:20:05,GRID-BMK-104,0.028,228.62,0.13,0.944,1
2026-06-23 14:20:05,GRID-BMK-104,5.211,227.68,25.62,0.893,0
2026-06-23 15:20:05,GRID-BMK-104,4.972,231.15,24.97,0.862,0
2026-06-23 16:20:05,GRID-BMK-104,4.344,231.25,20.05,0.937,0
2026-06-23 17:20:05,GRID-BMK-104,4.432,232.86,20.77,0.916,0
2026-06-23 18:20:05,GRID-BMK-104,3.056,226.83,14.57,0.925,0
2026-06-23 19:20:05,GRID-BMK-104,3.301,231.4,14.89,0.958,0
2026-06-23 20:20:05,GRID-BMK-104,2.581,229.17,11.84,0.951,0
2026-06-23 21:20:05,GRID-BMK-104,11.029,229.14,55.71,0.864,1
2026-06-23 22:20:05,GRID-BMK-104,2.213,231.22,10.85,0.882,0
2026-06-23 23:20:05,GRID-BMK-104,2.279,224.11,11.3,0.9,0
2026-06-24 00:20:05,GRID-BMK-104,3.33,229.81,15.72,0.922,0
2026-06-24 01:20:05,GRID-BMK-104,3.05,225.53,14.64,0.924,0
2026-06-24 02:20:05,GRID-BMK-104,2.991,227.56,13.91,0.945,0
2026-06-24 03:20:05,GRID-BMK-104,2.99,230.65,14.6,0.888,0
2026-06-24 04:20:05,GRID-BMK-104,2.69,230.08,12.41,0.943,0
2026-06-24 05:20:05,GRID-BMK-104,13.556,232.11,62.85,0.929,1
2026-06-24 06:20:05,GRID-BMK-104,3.84,230.17,17.76,0.939,0
2026-06-24 07:20:05,GRID-BMK-104,4.27,236.34,19.02,0.95,0
2026-06-24 08:20:05,GRID-BMK-104,4.116,231.2,19.58,0.909,0
2026-06-24 09:20:05,GRID-BMK-104,4.642,229.74,21.38,0.945,0
2026-06-24 10:20:05,GRID-BMK-104,5.659,231.06,27.21,0.9,0
2026-06-24 11:20:05,GRID-BMK-104,5.646,230.42,26.59,0.922,0
2026-06-24 12:20:05,GRID-BMK-104,5.22,232.28,24.61,0.913,0
2026-06-24 13:20:05,GRID-BMK-104,5.383,231.15,24.51,0.95,0
2026-06-24 14:20:05,GRID-BMK-104,5.263,229.39,24.59,0.933,0
2026-06-24 15:20:05,GRID-BMK-104,5.012,231.6,22.99,0.941,0
2026-06-24 16:20:05,GRID-BMK-104,4.833,229.52,23.76,0.886,0
2026-06-24 17:20:05,GRID-BMK-104,4.634,231.13,23.16,0.866,0
2026-06-24 18:20:05,GRID-BMK-104,3.713,225.45,17.64,0.934,0
2026-06-24 19:20:05,GRID-BMK-104,3.053,226.64,14.53,0.927,0
2026-06-24 20:20:05,GRID-BMK-104,3.151,228.88,15.33,0.898,0
2026-06-24 21:20:05,GRID-BMK-104,2.607,230.25,12.07,0.938,0
2026-06-24 22:20:05,GRID-BMK-104,2.3,232.61,10.18,0.971,0
2026-06-24 23:20:05,GRID-BMK-104,2.292,233.6,10.37,0.946,0
2026-06-25 00:20:05,GRID-BMK-104,2.646,228.9,13.97,0.828,0
2026-06-25 01:20:05,GRID-BMK-104,3.068,233.9,14.03,0.935,0
2026-06-25 02:20:05,GRID-BMK-104,3.065,233.37,14.8,0.887,0
2026-06-25 03:20:05,GRID-BMK-104,3.259,233.54,14.34,0.973,0
2026-06-25 04:20:05,GRID-BMK-104,0.0,232.28,0.0,0.875,1
2026-06-25 05:20:05,GRID-BMK-104,2.823,228.31,12.75,0.97,0
2026-06-25 06:20:05,GRID-BMK-104,3.86,231.52,18.09,0.922,0
2026-06-25 07:20:05,GRID-BMK-104,4.185,226.94,20.52,0.899,0
2026-06-25 08:20:05,GRID-BMK-104,4.748,227.42,23.15,0.902,0
2026-06-25 09:20:05,GRID-BMK-104,4.315,227.37,20.77,0.914,0
2026-06-25 10:20:05,GRID-BMK-104,5.258,229.57,23.61,0.97,0
2026-06-25 11:20:05,GRID-BMK-104,5.556,227.58,26.74,0.913,0
2026-06-25 12:20:05,GRID-BMK-104,4.577,234.05,20.77,0.942,0
2026-06-25 13:20:05,GRID-BMK-104,5.563,231.04,27.06,0.89,0
2026-06-25 14:20:05,GRID-BMK-104,26.468,234.55,129.28,0.873,1
2026-06-25 15:20:05,GRID-BMK-104,5.31,231.14,24.91,0.922,0
2026-06-25 16:20:05,GRID-BMK-104,4.978,230.94,24.13,0.893,0
2026-06-25 17:20:05,GRID-BMK-104,4.15,234.43,18.8,0.942,0
2026-06-25 18:20:05,GRID-BMK-104,3.878,233.48,18.33,0.906,0
2026-06-25 19:20:05,GRID-BMK-104,2.795,224.21,13.39,0.931,0
2026-06-25 20:20:05,GRID-BMK-104,3.513,230.41,16.38,0.931,0
2026-06-25 21:20:05,GRID-BMK-104,2.028,232.25,10.12,0.863,0
2026-06-25 22:20:05,GRID-BMK-104,2.289,232.22,10.92,0.902,0
2026-06-25 23:20:05,GRID-BMK-104,2.346,232.5,11.05,0.913,0
2026-06-26 00:20:05,GRID-BMK-104,3.081,224.63,15.28,0.898,0
2026-06-26 01:20:05,GRID-BMK-104,2.412,230.23,10.98,0.955,0
2026-06-26 02:20:05,GRID-BMK-104,2.787,225.55,12.73,0.97,0
2026-06-26 03:20:05,GRID-BMK-104,2.98,228.32,14.81,0.881,0
2026-06-26 04:20:05,GRID-BMK-104,3.333,228.58,15.84,0.921,0
2026-06-26 05:20:05,GRID-BMK-104,2.335,232.3,11.27,0.892,0
2026-06-26 06:20:05,GRID-BMK-104,4.071,229.31,19.0,0.934,0
2026-06-26 07:20:05,GRID-BMK-104,4.039,232.86,18.68,0.928,0
2026-06-26 08:20:05,GRID-BMK-104,5.001,231.74,22.32,0.967,0
2026-06-26 09:20:05,GRID-BMK-104,4.283,231.89,21.2,0.871,0
2026-06-26 10:20:05,GRID-BMK-104,5.237,234.61,22.93,0.973,0
2026-06-26 11:20:05,GRID-BMK-104,5.429,232.54,25.19,0.927,0
2026-06-26 12:20:05,GRID-BMK-104,5.362,230.26,24.2,0.962,0
2026-06-26 13:20:05,GRID-BMK-104,5.412,232.59,25.88,0.899,0
2026-06-26 14:20:05,GRID-BMK-104,5.436,234.41,24.48,0.947,0
2026-06-26 15:20:05,GRID-BMK-104,5.268,228.88,26.42,0.871,0
2026-06-26 16:20:05,GRID-BMK-104,5.108,228.35,25.01,0.894,0
2026-06-26 17:20:05,GRID-BMK-104,4.223,232.72,18.93,0.958,0
2026-06-26 18:20:05,GRID-BMK-104,3.462,225.53,17.21,0.892,0
2026-06-26 19:20:05,GRID-BMK-104,2.977,232.8,13.06,0.979,0
2026-06-26 20:20:05,GRID-BMK-104,9.75,231.89,46.65,0.901,1
2026-06-26 21:20:05,GRID-BMK-104,2.08,228.51,9.55,0.953,0
2026-06-26 22:20:05,GRID-BMK-104,2.393,232.46,11.19,0.92,0
2026-06-26 23:20:05,GRID-BMK-104,1.471,231.77,6.62,0.959,0
2026-06-27 00:20:05,GRID-BMK-104,3.284,232.23,15.1,0.937,0
2026-06-27 01:20:05,GRID-BMK-104,3.678,228.67,16.74,0.961,0
2026-06-27 02:20:05,GRID-BMK-104,4.082,226.06,18.99,0.951,0
2026-06-27 03:20:05,GRID-BMK-104,3.833,232.26,17.53,0.942,0
2026-06-27 04:20:05,GRID-BMK-104,3.504,224.39,17.01,0.918,0
2026-06-27 05:20:05,GRID-BMK-104,3.181,226.99,15.46,0.907,0
2026-06-27 06:20:05,GRID-BMK-104,3.546,232.1,15.48,0.987,0
2026-06-27 07:20:05,GRID-BMK-104,5.179,228.32,25.38,0.894,0
2026-06-27 08:20:05,GRID-BMK-104,5.408,229.84,25.93,0.907,0
2026-06-27 09:20:05,GRID-BMK-104,5.961,222.43,29.61,0.905,0
2026-06-27 10:20:05,GRID-BMK-104,6.531,229.7,29.1,0.977,0
2026-06-27 11:20:05,GRID-BMK-104,6.611,228.75,31.98,0.904,0
2026-06-27 12:20:05,GRID-BMK-104,6.576,226.57,32.36,0.897,0
2026-06-27 13:20:05,GRID-BMK-104,5.845,230.43,28.7,0.884,0
2026-06-27 14:20:05,GRID-BMK-104,6.38,224.06,31.09,0.916,0
2026-06-27 15:20:05,GRID-BMK-104,6.132,226.88,29.69,0.91,0
2026-06-27 16:20:05,GRID-BMK-104,5.252,230.52,23.03,0.989,0
2026-06-27 17:20:05,GRID-BMK-104,4.693,233.76,22.25,0.902,0
2026-06-27 18:20:05,GRID-BMK-104,3.548,228.41,16.45,0.945,0
2026-06-27 19:20:05,GRID-BMK-104,3.737,230.83,18.24,0.888,0
2026-06-27 20:20:05,GRID-BMK-104,3.033,231.37,14.44,0.908,0
2026-06-27 21:20:05,GRID-BMK-104,3.142,233.55,14.58,0.923,0
2026-06-27 22:20:05,GRID-BMK-104,2.571,224.79,11.55,0.99,0
2026-06-27 23:20:05,GRID-BMK-104,2.147,231.13,10.16,0.914,0
2026-06-28 00:20:05,GRID-BMK-104,4.108,232.87,18.03,0.978,0
2026-06-28 01:20:05,GRID-BMK-104,3.557,227.84,17.06,0.915,0
2026-06-28 02:20:05,GRID-BMK-104,3.697,230.51,17.27,0.929,0
2026-06-28 03:20:05,GRID-BMK-104,4.141,238.09,19.51,0.892,0
2026-06-28 04:20:05,GRID-BMK-104,3.953,229.08,18.62,0.927,0
2026-06-28 05:20:05,GRID-BMK-104,3.063,236.69,14.0,0.924,0
2026-06-28 06:20:05,GRID-BMK-104,4.726,229.79,22.46,0.916,0
2026-06-28 07:20:05,GRID-BMK-104,5.134,230.97,23.06,0.964,0
2026-06-28 08:20:05,GRID-BMK-104,6.123,228.89,29.1,0.919,0
2026-06-28 09:20:05,GRID-BMK-104,6.456,223.25,30.27,0.955,0
2026-06-28 10:20:05,GRID-BMK-104,6.806,227.97,32.61,0.915,0
2026-06-28 11:20:05,GRID-BMK-104,6.58,231.41,31.79,0.895,0
2026-06-28 12:20:05,GRID-BMK-104,7.022,234.62,33.47,0.894,0
2026-06-28 13:20:05,GRID-BMK-104,6.528,234.98,29.2,0.951,0
2026-06-28 14:20:05,GRID-BMK-104,6.512,232.02,31.46,0.892,0
2026-06-28 15:20:05,GRID-BMK-104,5.998,230.03,26.81,0.973,0
2026-06-28 16:20:05,GRID-BMK-104,5.59,228.46,27.64,0.885,0
2026-06-28 17:20:05,GRID-BMK-104,4.643,223.94,21.92,0.946,0
2026-06-28 18:20:05,GRID-BMK-104,4.709,228.01,22.88,0.903,0
2026-06-28 19:20:05,GRID-BMK-104,3.676,227.36,17.25,0.937,0
2026-06-28 20:20:05,GRID-BMK-104,3.489,231.7,15.76,0.955,0
2026-06-28 21:20:05,GRID-BMK-104,2.412,228.83,11.45,0.92,0
2026-06-28 22:20:05,GRID-BMK-104,2.514,227.6,12.62,0.875,0
2026-06-28 23:20:05,GRID-BMK-104,1.561,233.88,7.42,0.899,0
2026-06-29 00:20:05,GRID-BMK-104,2.69,234.25,11.85,0.969,0
2026-06-29 01:20:05,GRID-BMK-104,2.363,231.64,11.04,0.924,0
2026-06-29 02:20:05,GRID-BMK-104,2.074,225.67,9.75,0.943,0
2026-06-29 03:20:05,GRID-BMK-104,3.554,231.1,16.42,0.937,0
2026-06-29 04:20:05,GRID-BMK-104,0.049,228.24,0.25,0.86,1
2026-06-29 05:20:05,GRID-BMK-104,2.318,228.32,10.75,0.945,0
2026-06-29 06:20:05,GRID-BMK-104,3.442,229.11,16.22,0.926,0
2026-06-29 07:20:05,GRID-BMK-104,4.014,231.18,19.86,0.874,0
2026-06-29 08:20:05,GRID-BMK-104,4.752,227.3,25.14,0.831,0
2026-06-29 09:20:05,GRID-BMK-104,4.784,230.05,23.43,0.888,0
2026-06-29 10:20:05,GRID-BMK-104,6.048,231.71,28.96,0.901,0
2026-06-29 11:20:05,GRID-BMK-104,5.511,235.45,24.89,0.94,0
2026-06-29 12:20:05,GRID-BMK-104,5.039,232.47,22.42,0.967,0
2026-06-29 13:20:05,GRID-BMK-104,5.418,230.69,26.36,0.891,0
2026-06-29 14:20:05,GRID-BMK-104,5.28,229.48,24.22,0.95,0
2026-06-29 15:20:05,GRID-BMK-104,5.162,231.57,24.45,0.912,0
2026-06-29 16:20:05,GRID-BMK-104,4.612,228.07,21.8,0.928,0
2026-06-29 17:20:05,GRID-BMK-104,4.035,230.89,18.75,0.932,0
2026-06-29 18:20:05,GRID-BMK-104,4.062,228.29,19.09,0.932,0
2026-06-29 19:20:05,GRID-BMK-104,3.181,231.9,14.71,0.932,0
2026-06-29 20:20:05,GRID-BMK-104,2.487,226.01,12.49,0.881,0
2026-06-29 21:20:05,GRID-BMK-104,2.044,232.5,9.49,0.927,0
2026-06-29 22:20:05,GRID-BMK-104,2.234,228.84,10.55,0.926,0
2026-06-29 23:20:05,GRID-BMK-104,1.961,230.4,9.61,0.886,0
2026-06-30 00:20:05,GRID-BMK-104,3.692,228.51,17.61,0.917,0
2026-06-30 01:20:05,GRID-BMK-104,2.548,235.5,12.03,0.899,0
2026-06-30 02:20:05,GRID-BMK-104,2.575,226.84,12.48,0.91,0
2026-06-30 03:20:05,GRID-BMK-104,2.929,228.75,13.48,0.95,0
2026-06-30 04:20:05,GRID-BMK-104,2.852,227.26,14.05,0.893,0
2026-06-30 05:20:05,GRID-BMK-104,3.256,227.1,15.69,0.914,0
2026-06-30 06:20:05,GRID-BMK-104,3.89,234.46,17.4,0.954,0
2026-06-30 07:20:05,GRID-BMK-104,4.284,226.46,20.34,0.93,0
2026-06-30 08:20:05,GRID-BMK-104,4.935,228.85,22.81,0.945,0
2026-06-30 09:20:05,GRID-BMK-104,0.074,232.4,0.34,0.936,1
2026-06-30 10:20:05,GRID-BMK-104,5.264,227.65,25.39,0.911,0
2026-06-30 11:20:05,GRID-BMK-104,5.393,228.19,25.97,0.91,0
2026-06-30 12:20:05,GRID-BMK-104,5.225,227.18,25.06,0.918,0
2026-06-30 13:20:05,GRID-BMK-104,0.061,231.38,0.28,0.928,1
2026-06-30 14:20:05,GRID-BMK-104,5.552,227.83,27.26,0.894,0
2026-06-30 15:20:05,GRID-BMK-104,4.717,225.68,22.87,0.914,0
2026-06-30 16:20:05,GRID-BMK-104,4.271,227.25,20.5,0.917,0
2026-06-30 17:20:05,GRID-BMK-104,4.071,229.76,19.94,0.888,0
2026-06-30 18:20:05,GRID-BMK-104,3.538,231.68,16.91,0.903,0
2026-06-30 19:20:05,GRID-BMK-104,3.403,227.08,16.38,0.915,0
2026-06-30 20:20:05,GRID-BMK-104,2.591,228.46,11.8,0.961,0
2026-06-30 21:20:05,GRID-BMK-104,2.014,222.37,10.18,0.89,0
2026-06-30 22:20:05,GRID-BMK-104,2.079,228.12,9.69,0.941,0
2026-06-30 23:20:05,GRID-BMK-104,2.205,229.43,11.04,0.87,0
2026-07-01 00:20:05,GRID-BMK-104,3.249,228.73,15.82,0.898,0
2026-07-01 01:20:05,GRID-BMK-104,3.631,230.02,17.12,0.922,0
2026-07-01 02:20:05,GRID-BMK-104,3.29,223.32,16.43,0.896,0
2026-07-01 03:20:05,GRID-BMK-104,2.807,230.4,14.12,0.863,0
2026-07-01 04:20:05,GRID-BMK-104,3.111,234.81,14.78,0.896,0
2026-07-01 05:20:05,GRID-BMK-104,2.687,224.98,13.26,0.901,0
2026-07-01 06:20:05,GRID-BMK-104,4.311,229.23,20.34,0.924,0
2026-07-01 07:20:05,GRID-BMK-104,3.725,234.52,17.18,0.924,0
2026-07-01 08:20:05,GRID-BMK-104,4.976,226.94,23.71,0.925,0
2026-07-01 09:20:05,GRID-BMK-104,5.11,227.95,24.12,0.929,0
2026-07-01 10:20:05,GRID-BMK-104,4.509,231.04,21.32,0.915,0
2026-07-01 11:20:05,GRID-BMK-104,5.237,229.94,25.09,0.908,0
2026-07-01 12:20:05,GRID-BMK-104,5.072,224.21,25.53,0.886,0
2026-07-01 13:20:05,GRID-BMK-104,6.124,230.15,29.13,0.913,0
2026-07-01 14:20:05,GRID-BMK-104,5.172,229.26,23.62,0.955,0
2026-07-01 15:20:05,GRID-BMK-104,4.793,230.28,22.14,0.94,0
2026-07-01 16:20:05,GRID-BMK-104,4.942,228.25,22.75,0.952,0
2026-07-01 17:20:05,GRID-BMK-104,4.04,238.06,18.07,0.939,0
2026-07-01 18:20:05,GRID-BMK-104,3.799,231.56,18.1,0.906,0
2026-07-01 19:20:05,GRID-BMK-104,3.828,230.98,17.53,0.946,0
2026-07-01 20:20:05,GRID-BMK-104,3.132,235.7,15.23,0.872,0
2026-07-01 21:20:05,GRID-BMK-104,2.134,224.74,9.75,0.974,0
2026-07-01 22:20:05,GRID-BMK-104,2.167,234.78,10.09,0.914,0
2026-07-01 23:20:05,GRID-BMK-104,1.747,227.64,8.04,0.954,0
2026-07-02 00:20:05,GRID-BMK-104,2.361,227.25,10.79,0.963,0
2026-07-02 01:20:05,GRID-BMK-104,3.004,225.86,15.43,0.862,0
2026-07-02 02:20:05,GRID-BMK-104,2.989,228.68,14.16,0.923,0
2026-07-02 03:20:05,GRID-BMK-104,2.892,230.55,14.28,0.878,0
2026-07-02 04:20:05,GRID-BMK-104,3.36,229.16,16.57,0.885,0
2026-07-02 05:20:05,GRID-BMK-104,2.91,231.78,14.0,0.897,0
2026-07-02 06:20:05,GRID-BMK-104,19.906,229.54,92.11,0.941,1
2026-07-02 07:20:05,GRID-BMK-104,4.016,234.04,18.27,0.939,0
2026-07-02 08:20:05,GRID-BMK-104,4.845,231.65,23.61,0.886,0
2026-07-02 09:20:05,GRID-BMK-104,5.451,231.95,25.24,0.931,0
2026-07-02 10:20:05,GRID-BMK-104,5.392,229.39,26.63,0.882,0
2026-07-02 11:20:05,GRID-BMK-104,5.498,227.61,25.7,0.94,0
2026-07-02 12:20:05,GRID-BMK-104,5.766,230.2,27.65,0.906,0
2026-07-02 13:20:05,GRID-BMK-104,5.352,232.78,25.83,0.89,0
2026-07-02 14:20:05,GRID-BMK-104,5.433,231.02,24.36,0.966,0
2026-07-02 15:20:05,GRID-BMK-104,4.862,230.21,21.65,0.976,0
2026-07-02 16:20:05,GRID-BMK-104,4.255,232.54,18.75,0.976,0
2026-07-02 17:20:05,GRID-BMK-104,4.037,231.74,17.78,0.98,0
2026-07-02 18:20:05,GRID-BMK-104,3.458,229.76,16.12,0.934,0
2026-07-02 19:20:05,GRID-BMK-104,3.474,231.44,16.08,0.934,0
2026-07-02 20:20:05,GRID-BMK-104,2.882,227.49,13.85,0.915,0
2026-07-02 21:20:05,GRID-BMK-104,2.679,227.55,12.85,0.917,0
2026-07-02 22:20:05,GRID-BMK-104,2.561,231.53,11.79,0.938,0
2026-07-02 23:20:05,GRID-BMK-104,1.606,231.01,7.3,0.953,0
2026-07-03 00:20:05,GRID-BMK-104,2.995,228.81,14.41,0.909,0
2026-07-03 01:20:05,GRID-BMK-104,2.343,223.49,11.76,0.891,0
2026-07-03 02:20:05,GRID-BMK-104,2.693,229.16,12.74,0.922,0
2026-07-03 03:20:05,GRID-BMK-104,3.077,231.98,15.46,0.858,0
2026-07-03 04:20:05,GRID-BMK-104,2.991,227.73,13.62,0.964,0
2026-07-03 05:20:05,GRID-BMK-104,2.514,227.71,12.72,0.868,0
2026-07-03 06:20:05,GRID-BMK-104,3.409,230.04,16.09,0.921,0
2026-07-03 07:20:05,GRID-BMK-104,3.947,229.51,19.24,0.894,0
2026-07-03 08:20:05,GRID-BMK-104,4.815,231.76,22.17,0.937,0
2026-07-03 09:20:05,GRID-BMK-104,5.357,231.67,25.94,0.891,0
2026-07-03 10:20:05,GRID-BMK-104,5.756,229.23,30.05,0.836,0
2026-07-03 11:20:05,GRID-BMK-104,5.346,223.1,25.98,0.922,0
2026-07-03 12:20:05,GRID-BMK-104,5.566,229.32,27.54,0.881,0
2026-07-03 13:20:05,GRID-BMK-104,5.085,229.14,24.22,0.916,0
2026-07-03 14:20:05,GRID-BMK-104,4.946,233.59,21.97,0.964,0
2026-07-03 15:20:05,GRID-BMK-104,5.296,229.53,24.35,0.948,0
2026-07-03 16:20:05,GRID-BMK-104,4.363,224.52,20.42,0.952,0
2026-07-03 17:20:05,GRID-BMK-104,3.925,232.42,18.0,0.938,0
2026-07-03 18:20:05,GRID-BMK-104,3.483,235.57,16.05,0.921,0
2026-07-03 19:20:05,GRID-BMK-104,3.293,233.09,15.93,0.887,0
2026-07-03 20:20:05,GRID-BMK-104,2.531,225.68,12.72,0.882,0
2026-07-03 21:20:05,GRID-BMK-104,2.754,227.98,13.54,0.892,0
2026-07-03 22:20:05,GRID-BMK-104,2.544,226.63,12.5,0.898,0
2026-07-03 23:20:05,GRID-BMK-104,1.699,234.52,7.79,0.93,0
2026-07-04 00:20:05,GRID-BMK-104,3.329,235.84,15.21,0.928,0
2026-07-04 01:20:05,GRID-BMK-104,3.845,232.18,19.13,0.866,0
2026-07-04 02:20:05,GRID-BMK-104,4.06,230.77,19.67,0.895,0
2026-07-04 03:20:05,GRID-BMK-104,3.327,235.32,15.03,0.941,0
2026-07-04 04:20:05,GRID-BMK-104,3.341,230.41,15.61,0.929,0
2026-07-04 05:20:05,GRID-BMK-104,3.326,232.88,15.28,0.935,0
2026-07-04 06:20:05,GRID-BMK-104,4.382,226.11,20.48,0.946,0
2026-07-04 07:20:05,GRID-BMK-104,5.228,228.0,25.41,0.902,0
2026-07-04 08:20:05,GRID-BMK-104,5.174,233.41,23.85,0.929,0
2026-07-04 09:20:05,GRID-BMK-104,5.726,229.24,27.36,0.913,0
2026-07-04 10:20:05,GRID-BMK-104,5.645,233.42,25.48,0.949,0
2026-07-04 11:20:05,GRID-BMK-104,6.029,226.97,28.72,0.925,0
2026-07-04 12:20:05,GRID-BMK-104,6.407,236.01,29.94,0.907,0
2026-07-04 13:20:05,GRID-BMK-104,6.197,227.65,31.29,0.87,0
2026-07-04 14:20:05,GRID-BMK-104,6.793,230.73,31.8,0.926,0
2026-07-04 15:20:05,GRID-BMK-104,6.696,227.0,31.64,0.932,0
2026-07-04 16:20:05,GRID-BMK-104,5.934,231.72,26.85,0.954,0
2026-07-04 17:20:05,GRID-BMK-104,5.397,228.92,25.73,0.916,0
2026-07-04 18:20:05,GRID-BMK-104,4.383,227.38,20.84,0.925,0
2026-07-04 19:20:05,GRID-BMK-104,4.25,223.63,21.22,0.895,0
2026-07-04 20:20:05,GRID-BMK-104,3.491,232.96,16.05,0.933,0
2026-07-04 21:20:05,GRID-BMK-104,2.644,228.65,12.75,0.907,0
2026-07-04 22:20:05,GRID-BMK-104,3.187,227.16,14.42,0.973,0
2026-07-04 23:20:05,GRID-BMK-104,2.326,227.32,11.65,0.878,0
2026-07-05 00:20:05,GRID-BMK-104,3.007,229.51,14.65,0.894,0
2026-07-05 01:20:05,GRID-BMK-104,3.715,233.08,16.93,0.941,0
2026-07-05 02:20:05,GRID-BMK-104,3.228,226.75,16.09,0.885,0
2026-07-05 03:20:05,GRID-BMK-104,3.664,233.24,16.7,0.941,0
2026-07-05 04:20:05,GRID-BMK-104,3.187,224.14,15.23,0.934,0
2026-07-05 05:20:05,GRID-BMK-104,3.498,228.49,17.36,0.882,0
2026-07-05 06:20:05,GRID-BMK-104,4.167,236.95,18.76,0.938,0
2026-07-05 07:20:05,GRID-BMK-104,5.204,231.3,23.98,0.938,0
2026-07-05 08:20:05,GRID-BMK-104,5.676,229.03,26.78,0.925,0
2026-07-05 09:20:05,GRID-BMK-104,5.717,226.33,27.44,0.92,0
2026-07-05 10:20:05,GRID-BMK-104,5.987,229.15,29.3,0.892,0
2026-07-05 11:20:05,GRID-BMK-104,6.306,226.56,31.53,0.883,0
2026-07-05 12:20:05,GRID-BMK-104,7.042,232.82,32.35,0.935,0
2026-07-05 13:20:05,GRID-BMK-104,6.543,235.24,29.32,0.949,0
2026-07-05 14:20:05,GRID-BMK-104,6.287,231.66,28.26,0.96,0
2026-07-05 15:20:05,GRID-BMK-104,5.704,227.77,26.77,0.935,0
2026-07-05 16:20:05,GRID-BMK-104,5.398,225.47,25.82,0.927,0
2026-07-05 17:20:05,GRID-BMK-104,21.496,233.16,101.78,0.906,1
2026-07-05 18:20:05,GRID-BMK-104,4.415,230.63,20.04,0.955,0
2026-07-05 19:20:05,GRID-BMK-104,3.286,229.77,15.49,0.923,0
2026-07-05 20:20:05,GRID-BMK-104,3.027,230.42,13.55,0.969,0
2026-07-05 21:20:05,GRID-BMK-104,3.184,234.55,15.58,0.871,0
2026-07-05 22:20:05,GRID-BMK-104,2.187,229.02,9.95,0.96,0
2026-07-05 23:20:05,GRID-BMK-104,1.734,228.85,7.87,0.963,0
2026-07-06 00:20:05,GRID-BMK-104,2.731,231.32,13.11,0.901,0
2026-07-06 01:20:05,GRID-BMK-104,2.374,226.4,11.46,0.915,0
2026-07-06 02:20:05,GRID-BMK-104,2.801,230.55,13.3,0.914,0
2026-07-06 03:20:05,GRID-BMK-104,3.023,228.8,13.45,0.982,0
2026-07-06 04:20:05,GRID-BMK-104,3.022,229.1,14.81,0.89,0
2026-07-06 05:20:05,GRID-BMK-104,3.043,230.87,13.74,0.959,0
2026-07-06 06:20:05,GRID-BMK-104,3.267,228.02,14.98,0.957,0
2026-07-06 07:20:05,GRID-BMK-104,4.152,232.62,19.49,0.916,0
2026-07-06 08:20:05,GRID-BMK-104,4.083,231.35,18.38,0.96,0
2026-07-06 09:20:05,GRID-BMK-104,5.507,230.73,24.63,0.969,0
2026-07-06 10:20:05,GRID-BMK-104,5.054,227.2,24.38,0.912,0
2026-07-06 11:20:05,GRID-BMK-104,5.86,230.08,28.8,0.884,0
2026-07-06 12:20:05,GRID-BMK-104,5.767,230.13,28.19,0.889,0
2026-07-06 13:20:05,GRID-BMK-104,5.85,235.16,28.21,0.882,0
2026-07-06 14:20:05,GRID-BMK-104,5.775,236.7,26.67,0.915,0
2026-07-06 15:20:05,GRID-BMK-104,4.698,232.78,22.0,0.917,0
2026-07-06 16:20:05,GRID-BMK-104,4.436,233.41,21.17,0.898,0
2026-07-06 17:20:05,GRID-BMK-104,4.595,228.31,22.03,0.914,0
2026-07-06 18:20:05,GRID-BMK-104,3.847,229.85,17.83,0.939,0
2026-07-06 19:20:05,GRID-BMK-104,3.115,230.25,15.4,0.879,0
2026-07-06 20:20:05,GRID-BMK-104,2.173,228.44,10.31,0.923,0
2026-07-06 21:20:05,GRID-BMK-104,2.949,229.05,13.72,0.938,0
2026-07-06 22:20:05,GRID-BMK-104,2.835,229.91,12.88,0.957,0
2026-07-06 23:20:05,GRID-BMK-104,1.583,233.37,7.42,0.914,0
2026-07-07 00:20:05,GRID-BMK-104,1.973,236.34,9.01,0.926,0
2026-07-07 01:20:05,GRID-BMK-104,2.67,227.49,12.63,0.929,0
2026-07-07 02:20:05,GRID-BMK-104,3.196,232.41,14.9,0.923,0
2026-07-07 03:20:05,GRID-BMK-104,3.601,227.45,17.44,0.908,0
2026-07-07 04:20:05,GRID-BMK-104,3.097,227.5,14.99,0.908,0
2026-07-07 05:20:05,GRID-BMK-104,3.515,226.6,17.53,0.885,0
2026-07-07 06:20:05,GRID-BMK-104,3.46,231.73,15.75,0.948,0
2026-07-07 07:20:05,GRID-BMK-104,4.5,228.76,21.65,0.909,0
2026-07-07 08:20:05,GRID-BMK-104,4.929,228.35,23.25,0.928,0
2026-07-07 09:20:05,GRID-BMK-104,4.987,227.22,24.86,0.883,0
2026-07-07 10:20:05,GRID-BMK-104,5.31,227.68,24.47,0.953,0
2026-07-07 11:20:05,GRID-BMK-104,4.973,232.43,23.21,0.922,0
2026-07-07 12:20:05,GRID-BMK-104,5.012,234.96,22.8,0.936,0
2026-07-07 13:20:05,GRID-BMK-104,5.814,229.34,26.91,0.942,0
2026-07-07 14:20:05,GRID-BMK-104,5.704,234.16,27.02,0.901,0
2026-07-07 15:20:05,GRID-BMK-104,4.095,228.39,19.29,0.93,0
2026-07-07 16:20:05,GRID-BMK-104,4.493,231.59,20.5,0.946,0
2026-07-07 17:20:05,GRID-BMK-104,4.431,236.34,19.83,0.945,0
2026-07-07 18:20:05,GRID-BMK-104,3.78,231.1,17.57,0.931,0
2026-07-07 19:20:05,GRID-BMK-104,3.327,233.35,15.7,0.908,0
2026-07-07 20:20:05,GRID-BMK-104,2.782,225.06,13.25,0.933,0
2026-07-07 21:20:05,GRID-BMK-104,2.154,232.05,9.88,0.94,0
2026-07-07 22:20:05,GRID-BMK-104,2.254,231.9,10.4,0.934,0
2026-07-07 23:20:05,GRID-BMK-104,1.96,229.6,9.1,0.938,0
2026-07-08 00:20:05,GRID-BMK-104,2.981,226.87,13.76,0.955,0
2026-07-08 01:20:05,GRID-BMK-104,2.904,231.59,13.63,0.92,0
2026-07-08 02:20:05,GRID-BMK-104,3.253,231.88,14.98,0.937,0
2026-07-08 03:20:05,GRID-BMK-104,2.704,230.96,12.96,0.903,0
2026-07-08 04:20:05,GRID-BMK-104,2.3,228.54,10.33,0.974,0
2026-07-08 05:20:05,GRID-BMK-104,3.08,221.21,14.53,0.958,0
2026-07-08 06:20:05,GRID-BMK-104,3.548,232.58,16.12,0.946,0
2026-07-08 07:20:05,GRID-BMK-104,3.874,228.65,17.89,0.947,0
2026-07-08 08:20:05,GRID-BMK-104,4.531,228.53,20.83,0.952,0
2026-07-08 09:20:05,GRID-BMK-104,4.784,233.88,22.35,0.915,0
2026-07-08 10:20:05,GRID-BMK-104,5.29,228.75,25.43,0.91,0
2026-07-08 11:20:05,GRID-BMK-104,5.414,229.62,25.78,0.914,0
2026-07-08 12:20:05,GRID-BMK-104,5.668,230.54,25.88,0.95,0
2026-07-08 13:20:05,GRID-BMK-104,5.407,231.26,25.6,0.913,0
2026-07-08 14:20:05,GRID-BMK-104,4.606,230.12,21.4,0.935,0
2026-07-08 15:20:05,GRID-BMK-104,4.742,224.62,22.6,0.934,0
2026-07-08 16:20:05,GRID-BMK-104,4.355,232.05,20.9,0.898,0
2026-07-08 17:20:05,GRID-BMK-104,3.863,228.77,19.32,0.874,0
2026-07-08 18:20:05,GRID-BMK-104,3.741,230.97,18.5,0.875,0
2026-07-08 19:20:05,GRID-BMK-104,3.55,230.93,16.12,0.954,0
2026-07-08 20:20:05,GRID-BMK-104,2.902,234.67,12.98,0.953,0
2026-07-08 21:20:05,GRID-BMK-104,2.143,231.93,9.85,0.938,0
2026-07-08 22:20:05,GRID-BMK-104,1.694,229.63,7.95,0.928,0
2026-07-08 23:20:05,GRID-BMK-104,1.798,227.2,8.49,0.932,0
2026-07-09 00:20:05,GRID-BMK-104,2.939,230.67,13.25,0.962,0
2026-07-09 01:20:05,GRID-BMK-104,3.09,235.18,13.95,0.942,0
2026-07-09 02:20:05,GRID-BMK-104,3.333,230.14,16.73,0.866,0
2026-07-09 03:20:05,GRID-BMK-104,2.438,231.34,11.03,0.955,0
2026-07-09 04:20:05,GRID-BMK-104,2.898,229.71,14.11,0.894,0
2026-07-09 05:20:05,GRID-BMK-104,2.943,229.04,14.17,0.907,0
2026-07-09 06:20:05,GRID-BMK-104,3.945,229.61,18.07,0.951,0
2026-07-09 07:20:05,GRID-BMK-104,4.595,232.43,21.28,0.929,0
2026-07-09 08:20:05,GRID-BMK-104,4.752,228.92,21.92,0.947,0
2026-07-09 09:20:05,GRID-BMK-104,4.968,231.7,23.41,0.916,0
2026-07-09 10:20:05,GRID-BMK-104,5.277,232.99,23.92,0.947,0
2026-07-09 11:20:05,GRID-BMK-104,5.513,230.18,26.02,0.92,0
2026-07-09 12:20:05,GRID-BMK-104,5.423,226.65,24.95,0.959,0
2026-07-09 13:20:05,GRID-BMK-104,5.248,225.04,25.78,0.904,0
2026-07-09 14:20:05,GRID-BMK-104,5.002,231.76,22.92,0.942,0
2026-07-09 15:20:05,GRID-BMK-104,4.745,228.83,22.58,0.918,0
2026-07-09 16:20:05,GRID-BMK-104,0.063,230.8,0.3,0.905,1
2026-07-09 17:20:05,GRID-BMK-104,4.06,232.86,19.25,0.906,0
2026-07-09 18:20:05,GRID-BMK-104,4.055,227.52,19.6,0.909,0
2026-07-09 19:20:05,GRID-BMK-104,2.634,224.44,12.59,0.932,0
2026-07-09 20:20:05,GRID-BMK-104,3.067,235.57,14.18,0.918,0
2026-07-09 21:20:05,GRID-BMK-104,2.092,232.47,9.79,0.919,0
2026-07-09 22:20:05,GRID-BMK-104,2.098,229.15,9.78,0.936,0
2026-07-09 23:20:05,GRID-BMK-104,2.11,229.32,10.57,0.871,0
2026-07-10 00:20:05,GRID-BMK-104,2.922,235.83,13.0,0.953,0
2026-07-10 01:20:05,GRID-BMK-104,2.794,229.96,13.13,0.925,0
2026-07-10 02:20:05,GRID-BMK-104,2.864,230.34,13.85,0.898,0
2026-07-10 03:20:05,GRID-BMK-104,2.565,228.54,12.2,0.92,0
2026-07-10 04:20:05,GRID-BMK-104,3.174,229.53,14.17,0.976,0
2026-07-10 05:20:05,GRID-BMK-104,2.947,232.39,13.37,0.948,0
2026-07-10 06:20:05,GRID-BMK-104,3.651,228.49,17.74,0.901,0
2026-07-10 07:20:05,GRID-BMK-104,4.218,229.71,19.54,0.94,0
2026-07-10 08:20:05,GRID-BMK-104,4.597,229.4,21.77,0.921,0
2026-07-10 09:20:05,GRID-BMK-104,5.75,226.72,26.81,0.946,0
2026-07-10 10:20:05,GRID-BMK-104,5.615,229.13,25.75,0.952,0
2026-07-10 11:20:05,GRID-BMK-104,5.306,231.16,25.73,0.892,0
2026-07-10 12:20:05,GRID-BMK-104,5.11,229.04,25.44,0.877,0
2026-07-10 13:20:05,GRID-BMK-104,6.254,232.43,30.34,0.887,0
2026-07-10 14:20:05,GRID-BMK-104,5.482,229.05,24.92,0.961,0
2026-07-10 15:20:05,GRID-BMK-104,5.215,229.59,24.59,0.924,0
2026-07-10 16:20:05,GRID-BMK-104,4.939,233.94,23.63,0.893,0
2026-07-10 17:20:05,GRID-BMK-104,4.088,233.56,18.97,0.923,0
2026-07-10 18:20:05,GRID-BMK-104,3.444,227.46,15.82,0.957,0
2026-07-10 19:20:05,GRID-BMK-104,3.063,230.33,14.54,0.915,0
2026-07-10 20:20:05,GRID-BMK-104,3.045,233.44,13.81,0.945,0
2026-07-10 21:20:05,GRID-BMK-104,2.679,228.7,13.37,0.876,0
2026-07-10 22:20:05,GRID-BMK-104,2.314,230.4,10.47,0.959,0
2026-07-10 23:20:05,GRID-BMK-104,7.315,227.13,34.66,0.929,1
2026-07-11 00:20:05,GRID-BMK-104,3.46,231.65,16.76,0.891,0
2026-07-11 01:20:05,GRID-BMK-104,12.226,232.3,56.99,0.924,1
2026-07-11 02:20:05,GRID-BMK-104,3.553,225.99,17.74,0.886,0
2026-07-11 03:20:05,GRID-BMK-104,3.543,225.09,18.08,0.871,0
2026-07-11 04:20:05,GRID-BMK-104,3.607,229.98,17.33,0.905,0
2026-07-11 05:20:05,GRID-BMK-104,3.61,230.66,16.63,0.941,0
2026-07-11 06:20:05,GRID-BMK-104,4.358,232.78,21.01,0.891,0
2026-07-11 07:20:05,GRID-BMK-104,4.88,224.08,24.2,0.9,0
2026-07-11 08:20:05,GRID-BMK-104,6.17,227.19,28.07,0.968,0
2026-07-11 09:20:05,GRID-BMK-104,5.943,227.58,28.13,0.928,0
2026-07-11 10:20:05,GRID-BMK-104,6.511,232.32,30.83,0.909,0
2026-07-11 11:20:05,GRID-BMK-104,6.315,232.55,30.76,0.883,0
2026-07-11 12:20:05,GRID-BMK-104,6.671,227.7,33.71,0.869,0
2026-07-11 13:20:05,GRID-BMK-104,32.596,227.24,163.05,0.88,1
2026-07-11 14:20:05,GRID-BMK-104,5.403,230.04,27.53,0.853,0
2026-07-11 15:20:05,GRID-BMK-104,6.192,224.73,30.23,0.912,0
2026-07-11 16:20:05,GRID-BMK-104,5.91,230.59,27.55,0.93,0
2026-07-11 17:20:05,GRID-BMK-104,5.386,230.99,25.37,0.919,0
2026-07-11 18:20:05,GRID-BMK-104,4.648,226.14,21.32,0.964,0
2026-07-11 19:20:05,GRID-BMK-104,3.331,225.62,15.66,0.943,0
2026-07-11 20:20:05,GRID-BMK-104,3.538,235.59,16.44,0.914,0
2026-07-11 21:20:05,GRID-BMK-104,2.782,230.13,12.8,0.944,0
2026-07-11 22:20:05,GRID-BMK-104,2.416,228.38,11.86,0.892,0
2026-07-11 23:20:05,GRID-BMK-104,2.089,232.0,10.2,0.882,0
2026-07-12 00:20:05,GRID-BMK-104,0.007,230.44,0.03,0.938,1
2026-07-12 01:20:05,GRID-BMK-104,3.764,232.02,17.17,0.945,0
2026-07-12 02:20:05,GRID-BMK-104,3.444,225.31,16.87,0.906,0
2026-07-12 03:20:05,GRID-BMK-104,3.125,230.24,14.83,0.915,0
2026-07-12 04:20:05,GRID-BMK-104,3.344,232.32,15.49,0.929,0
2026-07-12 05:20:05,GRID-BMK-104,4.004,233.55,18.06,0.95,0
2026-07-12 06:20:05,GRID-BMK-104,3.781,230.93,18.11,0.904,0
2026-07-12 07:20:05,GRID-BMK-104,4.608,232.59,21.81,0.908,0
2026-07-12 08:20:05,GRID-BMK-104,28.829,228.77,134.39,0.938,1
2026-07-12 09:20:05,GRID-BMK-104,5.892,230.15,29.42,0.87,0
2026-07-12 10:20:05,GRID-BMK-104,6.149,232.68,29.75,0.888,0
2026-07-12 11:20:05,GRID-BMK-104,6.629,230.03,32.67,0.882,0
2026-07-12 12:20:05,GRID-BMK-104,6.76,227.7,33.5,0.886,0
2026-07-12 13:20:05,GRID-BMK-104,6.309,235.02,28.74,0.934,0
2026-07-12 14:20:05,GRID-BMK-104,5.864,230.24,25.83,0.986,0
2026-07-12 15:20:05,GRID-BMK-104,6.156,233.74,28.2,0.934,0
2026-07-12 16:20:05,GRID-BMK-104,5.338,224.12,26.22,0.908,0
2026-07-12 17:20:05,GRID-BMK-104,4.612,229.24,22.59,0.891,0
2026-07-12 18:20:05,GRID-BMK-104,4.3,229.22,19.63,0.956,0
2026-07-12 19:20:05,GRID-BMK-104,4.093,228.37,20.41,0.878,0
2026-07-12 20:20:05,GRID-BMK-104,3.362,232.38,15.78,0.917,0
2026-07-12 21:20:05,GRID-BMK-104,2.682,230.28,12.48,0.933,0
2026-07-12 22:20:05,GRID-BMK-104,2.876,232.27,14.05,0.881,0
2026-07-12 23:20:05,GRID-BMK-104,2.554,232.74,11.6,0.946,0
2026-07-13 00:20:05,GRID-BMK-104,3.096,231.36,13.52,0.99,0
2026-07-13 01:20:05,GRID-BMK-104,2.925,231.44,13.47,0.939,0
2026-07-13 02:20:05,GRID-BMK-104,3.057,235.01,14.56,0.893,0
2026-07-13 03:20:05,GRID-BMK-104,2.802,233.59,12.89,0.931,0
2026-07-13 04:20:05,GRID-BMK-104,15.014,226.58,71.31,0.929,1
2026-07-13 05:20:05,GRID-BMK-104,2.925,229.98,13.75,0.925,0
2026-07-13 06:20:05,GRID-BMK-104,3.566,229.78,16.85,0.921,0
2026-07-13 07:20:05,GRID-BMK-104,4.042,228.54,19.38,0.912,0
2026-07-13 08:20:05,GRID-BMK-104,4.825,230.58,21.19,0.988,0
2026-07-13 09:20:05,GRID-BMK-104,4.989,233.63,23.25,0.918,0
2026-07-13 10:20:05,GRID-BMK-104,5.404,231.87,24.9,0.936,0
2026-07-13 11:20:05,GRID-BMK-104,5.076,235.26,22.84,0.945,0
2026-07-13 12:20:05,GRID-BMK-104,5.416,227.82,25.54,0.931,0
2026-07-13 13:20:05,GRID-BMK-104,5.507,229.08,25.56,0.941,0
2026-07-13 14:20:05,GRID-BMK-104,5.503,233.2,26.65,0.886,0
2026-07-13 15:20:05,GRID-BMK-104,4.481,229.72,21.23,0.919,0
2026-07-13 16:20:05,GRID-BMK-104,4.932,227.23,23.36,0.929,0
2026-07-13 17:20:05,GRID-BMK-104,4.684,225.03,22.17,0.939,0
2026-07-13 18:20:05,GRID-BMK-104,3.611,230.1,17.0,0.923,0
2026-07-13 19:20:05,GRID-BMK-104,3.477,229.57,15.94,0.95,0
2026-07-13 20:20:05,GRID-BMK-104,2.374,223.44,11.48,0.925,0
2026-07-13 21:20:05,GRID-BMK-104,2.467,234.05,11.29,0.934,0
2026-07-13 22:20:05,GRID-BMK-104,1.732,225.6,8.35,0.92,0
2026-07-13 23:20:05,GRID-BMK-104,2.467,232.85,11.25,0.942,0
2026-07-14 00:20:05,GRID-BMK-104,2.812,227.7,14.43,0.856,0
2026-07-14 01:20:05,GRID-BMK-104,2.979,230.04,14.39,0.9,0
2026-07-14 02:20:05,GRID-BMK-104,2.219,233.26,10.16,0.936,0
2026-07-14 03:20:05,GRID-BMK-104,2.864,231.56,13.35,0.927,0
2026-07-14 04:20:05,GRID-BMK-104,2.02,228.66,9.61,0.919,0
2026-07-14 05:20:05,GRID-BMK-104,2.889,231.39,13.49,0.925,0
2026-07-14 06:20:05,GRID-BMK-104,3.482,224.25,16.08,0.965,0
2026-07-14 07:20:05,GRID-BMK-104,4.06,230.11,18.56,0.951,0
2026-07-14 08:20:05,GRID-BMK-104,4.428,228.32,21.36,0.908,0
2026-07-14 09:20:05,GRID-BMK-104,4.49,225.84,21.54,0.923,0
2026-07-14 10:20:05,GRID-BMK-104,5.682,225.72,29.34,0.858,0
2026-07-14 11:20:05,GRID-BMK-104,0.009,229.43,0.04,0.917,1
2026-07-14 12:20:05,GRID-BMK-104,5.814,227.93,27.04,0.943,0
2026-07-14 13:20:05,GRID-BMK-104,5.86,231.83,27.79,0.91,0
2026-07-14 14:20:05,GRID-BMK-104,4.755,225.06,23.26,0.908,0
2026-07-14 15:20:05,GRID-BMK-104,4.674,228.86,21.59,0.946,0
2026-07-14 16:20:05,GRID-BMK-104,4.337,227.2,21.9,0.872,0
2026-07-14 17:20:05,GRID-BMK-104,4.155,227.41,20.99,0.87,0
2026-07-14 18:20:05,GRID-BMK-104,4.212,227.18,20.31,0.913,0
2026-07-14 19:20:05,GRID-BMK-104,14.977,225.31,75.34,0.882,1
2026-07-14 20:20:05,GRID-BMK-104,2.259,231.08,10.24,0.955,0
2026-07-14 21:20:05,GRID-BMK-104,2.74,232.18,12.7,0.929,0
2026-07-14 22:20:05,GRID-BMK-104,1.571,226.64,7.32,0.947,0
2026-07-14 23:20:05,GRID-BMK-104,2.192,231.26,10.37,0.914,0
2026-07-15 00:20:05,GRID-BMK-104,2.758,231.94,12.58,0.945,0
2026-07-15 01:20:05,GRID-BMK-104,2.842,221.21,13.12,0.979,0
2026-07-15 02:20:05,GRID-BMK-104,2.671,227.85,12.69,0.924,0
2026-07-15 03:20:05,GRID-BMK-104,3.174,231.35,15.54,0.883,0
2026-07-15 04:20:05,GRID-BMK-104,3.04,231.4,14.33,0.917,0
2026-07-15 05:20:05,GRID-BMK-104,2.954,232.22,13.87,0.917,0
2026-07-15 06:20:05,GRID-BMK-104,3.538,230.59,17.13,0.896,0
2026-07-15 07:20:05,GRID-BMK-104,4.499,228.34,22.15,0.89,0
2026-07-15 08:20:05,GRID-BMK-104,4.986,227.54,23.69,0.925,0
2026-07-15 09:20:05,GRID-BMK-104,4.708,234.52,22.0,0.913,0
2026-07-15 10:20:05,GRID-BMK-104,4.996,230.34,24.53,0.884,0
2026-07-15 11:20:05,GRID-BMK-104,5.208,234.97,24.14,0.918,0
2026-07-15 12:20:05,GRID-BMK-104,5.534,228.84,25.03,0.966,0
2026-07-15 13:20:05,GRID-BMK-104,5.538,229.17,26.51,0.912,0
2026-07-15 14:20:05,GRID-BMK-104,5.139,224.03,24.19,0.948,0
2026-07-15 15:20:05,GRID-BMK-104,5.269,230.21,25.45,0.899,0
2026-07-15 16:20:05,GRID-BMK-104,4.493,232.5,20.44,0.945,0
2026-07-15 17:20:05,GRID-BMK-104,4.625,234.07,21.99,0.899,0
2026-07-15 18:20:05,GRID-BMK-104,3.203,232.33,14.71,0.938,0
2026-07-15 19:20:05,GRID-BMK-104,3.378,224.55,16.24,0.926,0
2026-07-15 20:20:05,GRID-BMK-104,2.591,227.36,12.17,0.937,0
2026-07-15 21:20:05,GRID-BMK-104,2.095,227.02,9.48,0.974,0
2026-07-15 22:20:05,GRID-BMK-104,2.114,232.65,9.38,0.968,0
2026-07-15 23:20:05,GRID-BMK-104,1.424,229.22,6.98,0.889,0
2026-07-16 00:20:05,GRID-BMK-104,3.076,229.16,15.36,0.874,0
2026-07-16 01:20:05,GRID-BMK-104,3.81,230.9,17.27,0.956,0
2026-07-16 02:20:05,GRID-BMK-104,2.899,224.33,14.55,0.888,0
2026-07-16 03:20:05,GRID-BMK-104,3.186,228.43,14.28,0.977,0
2026-07-16 04:20:05,GRID-BMK-104,2.922,233.27,12.91,0.97,0
2026-07-16 05:20:05,GRID-BMK-104,3.338,229.85,15.82,0.918,0
2026-07-16 06:20:05,GRID-BMK-104,3.784,232.46,17.13,0.95,0
2026-07-16 07:20:05,GRID-BMK-104,4.64,235.27,21.89,0.901,0
2026-07-16 08:20:05,GRID-BMK-104,4.425,232.06,20.27,0.941,0
2026-07-16 09:20:05,GRID-BMK-104,4.998,220.66,24.45,0.926,0
2026-07-16 10:20:05,GRID-BMK-104,5.11,233.29,23.89,0.917,0
2026-07-16 11:20:05,GRID-BMK-104,5.251,231.71,25.59,0.885,0
2026-07-16 12:20:05,GRID-BMK-104,5.65,225.57,27.54,0.909,0
2026-07-16 13:20:05,GRID-BMK-104,5.991,230.72,28.17,0.922,0
2026-07-16 14:20:05,GRID-BMK-104,4.998,223.07,24.28,0.923,0
2026-07-16 15:20:05,GRID-BMK-104,0.011,229.72,0.05,0.889,1
2026-07-16 16:20:05,GRID-BMK-104,4.041,230.93,20.97,0.834,0
2026-07-16 17:20:05,GRID-BMK-104,4.047,227.85,19.07,0.932,0
2026-07-16 18:20:05,GRID-BMK-104,3.883,233.47,20.26,0.821,0
2026-07-16 19:20:05,GRID-BMK-104,3.157,223.9,15.95,0.884,0
2026-07-16 20:20:05,GRID-BMK-104,3.345,230.86,16.2,0.895,0
2026-07-16 21:20:05,GRID-BMK-104,2.835,231.93,14.32,0.853,0
2026-07-16 22:20:05,GRID-BMK-104,2.209,231.98,10.25,0.929,0
2026-07-16 23:20:05,GRID-BMK-104,2.101,231.07,9.85,0.923,0
2026-07-17 00:20:05,GRID-BMK-104,2.98,228.17,14.22,0.919,0
2026-07-17 01:20:05,GRID-BMK-104,3.03,236.51,13.78,0.929,0
2026-07-17 02:20:05,GRID-BMK-104,2.856,231.75,13.89,0.887,0
2026-07-17 03:20:05,GRID-BMK-104,2.506,230.7,11.95,0.909,0
2026-07-17 04:20:05,GRID-BMK-104,3.002,235.55,13.67,0.932,0
2026-07-17 05:20:05,GRID-BMK-104,2.224,227.69,10.54,0.927,0
2026-07-17 06:20:05,GRID-BMK-104,4.311,234.32,20.49,0.898,0
2026-07-17 07:20:05,GRID-BMK-104,4.096,227.28,19.42,0.928,0
2026-07-17 08:20:05,GRID-BMK-104,4.353,229.99,19.78,0.957,0
2026-07-17 09:20:05,GRID-BMK-104,5.069,231.18,24.09,0.91,0
2026-07-17 10:20:05,GRID-BMK-104,5.985,228.92,27.69,0.944,0
2026-07-17 11:20:05,GRID-BMK-104,5.183,230.15,24.65,0.914,0
2026-07-17 12:20:05,GRID-BMK-104,5.376,231.76,26.91,0.862,0
2026-07-17 13:20:05,GRID-BMK-104,5.536,229.41,25.73,0.938,0
2026-07-17 14:20:05,GRID-BMK-104,4.474,229.88,21.14,0.921,0
2026-07-17 15:20:05,GRID-BMK-104,5.158,226.46,24.09,0.946,0
2026-07-17 16:20:05,GRID-BMK-104,4.627,231.44,22.13,0.904,0
2026-07-17 17:20:05,GRID-BMK-104,4.367,230.12,21.5,0.883,0
2026-07-17 18:20:05,GRID-BMK-104,3.676,230.57,17.05,0.935,0
2026-07-17 19:20:05,GRID-BMK-104,3.318,227.38,16.72,0.873,0
2026-07-17 20:20:05,GRID-BMK-104,15.055,227.79,69.88,0.946,1
2026-07-17 21:20:05,GRID-BMK-104,2.197,232.96,9.96,0.947,0
2026-07-17 22:20:05,GRID-BMK-104,2.333,232.7,10.66,0.941,0
2026-07-17 23:20:05,GRID-BMK-104,1.297,234.46,5.85,0.946,0
2026-07-18 00:20:05,GRID-BMK-104,3.217,224.15,15.98,0.898,0
2026-07-18 01:20:05,GRID-BMK-104,3.343,229.66,17.1,0.851,0
2026-07-18 02:20:05,GRID-BMK-104,3.26,231.63,14.97,0.94,0
2026-07-18 03:20:05,GRID-BMK-104,4.394,231.42,19.65,0.967,0
2026-07-18 04:20:05,GRID-BMK-104,3.314,230.88,15.44,0.93,0
2026-07-18 05:20:05,GRID-BMK-104,3.353,232.11,15.59,0.926,0
2026-07-18 06:20:05,GRID-BMK-104,4.298,229.38,20.46,0.916,0
2026-07-18 07:20:05,GRID-BMK-104,4.66,232.13,21.54,0.932,0
2026-07-18 08:20:05,GRID-BMK-104,5.14,230.22,25.01,0.893,0
2026-07-18 09:20:05,GRID-BMK-104,6.43,228.65,29.64,0.949,0
2026-07-18 10:20:05,GRID-BMK-104,5.831,225.93,26.67,0.968,0
2026-07-18 11:20:05,GRID-BMK-104,6.683,231.64,31.25,0.923,0
2026-07-18 12:20:05,GRID-BMK-104,6.888,227.53,32.08,0.944,0
2026-07-18 13:20:05,GRID-BMK-104,6.174,232.49,29.81,0.891,0
2026-07-18 14:20:05,GRID-BMK-104,5.894,228.66,27.88,0.925,0
2026-07-18 15:20:05,GRID-BMK-104,5.623,229.24,25.6,0.958,0
2026-07-18 16:20:05,GRID-BMK-104,5.201,228.47,27.27,0.835,0
2026-07-18 17:20:05,GRID-BMK-104,4.458,230.36,20.68,0.936,0
2026-07-18 18:20:05,GRID-BMK-104,4.557,230.94,21.4,0.922,0
2026-07-18 19:20:05,GRID-BMK-104,2.887,231.81,13.98,0.891,0
2026-07-18 20:20:05,GRID-BMK-104,3.0,232.81,13.36,0.964,0
2026-07-18 21:20:05,GRID-BMK-104,3.212,230.63,14.51,0.96,0
2026-07-18 22:20:05,GRID-BMK-104,2.715,231.1,12.82,0.916,0
2026-07-18 23:20:05,GRID-BMK-104,2.005,233.55,9.37,0.917,0
2026-07-19 00:20:05,GRID-BMK-104,3.803,229.1,17.26,0.962,0
2026-07-19 01:20:05,GRID-BMK-104,3.409,230.3,15.78,0.938,0
2026-07-19 02:20:05,GRID-BMK-104,3.532,227.34,16.93,0.917,0
2026-07-19 03:20:05,GRID-BMK-104,3.464,231.62,16.68,0.897,0
2026-07-19 04:20:05,GRID-BMK-104,4.008,226.32,18.23,0.971,0
2026-07-19 05:20:05,GRID-BMK-104,3.491,231.06,16.78,0.901,0
2026-07-19 06:20:05,GRID-BMK-104,4.241,229.75,20.33,0.908,0
2026-07-19 07:20:05,GRID-BMK-104,4.666,230.81,21.66,0.933,0
2026-07-19 08:20:05,GRID-BMK-104,4.964,231.65,24.25,0.884,0
2026-07-19 09:20:05,GRID-BMK-104,5.514,231.08,24.34,0.98,0
2026-07-19 10:20:05,GRID-BMK-104,6.163,229.35,29.51,0.911,0
2026-07-19 11:20:05,GRID-BMK-104,6.571,227.96,31.52,0.915,0
2026-07-19 12:20:05,GRID-BMK-104,6.03,231.33,27.75,0.939,0
2026-07-19 13:20:05,GRID-BMK-104,6.214,229.09,29.63,0.916,0
2026-07-19 14:20:05,GRID-BMK-104,5.915,228.18,27.39,0.947,0
2026-07-19 15:20:05,GRID-BMK-104,5.941,231.22,26.64,0.965,0
2026-07-19 16:20:05,GRID-BMK-104,5.291,228.79,24.93,0.928,0
2026-07-19 17:20:05,GRID-BMK-104,5.186,234.7,23.66,0.934,0
2026-07-19 18:20:05,GRID-BMK-104,4.352,232.36,19.76,0.948,0
2026-07-19 19:20:05,GRID-BMK-104,3.345,225.42,15.23,0.974,0
2026-07-19 20:20:05,GRID-BMK-104,4.014,229.08,19.07,0.919,0
2026-07-19 21:20:05,GRID-BMK-104,3.39,234.13,15.95,0.908,0
2026-07-19 22:20:05,GRID-BMK-104,2.556,235.79,11.51,0.942,0
2026-07-19 23:20:05,GRID-BMK-104,2.083,225.62,9.99,0.924,0
2026-07-20 00:20:05,GRID-BMK-104,2.747,243.44,11.87,0.951,0
2026-07-20 01:20:05,GRID-BMK-104,3.206,235.28,15.42,0.884,0
2026-07-20 02:20:05,GRID-BMK-104,3.498,225.56,17.49,0.887,0
2026-07-20 03:20:05,GRID-BMK-104,2.647,231.43,12.03,0.951,0
2026-07-20 04:20:05,GRID-BMK-104,3.519,229.98,15.64,0.979,0
2026-07-20 05:20:05,GRID-BMK-104,3.394,227.57,16.25,0.918,0
2026-07-20 06:20:05,GRID-BMK-104,3.73,230.27,17.57,0.922,0
2026-07-20 07:20:05,GRID-BMK-104,4.291,231.74,20.76,0.892,0
2026-07-20 08:20:05,GRID-BMK-104,4.855,226.33,23.53,0.912,0
2026-07-20 09:20:05,GRID-BMK-104,4.905,228.79,23.44,0.915,0
2026-07-20 10:20:05,GRID-BMK-104,5.011,228.33,24.42,0.899,0
2026-07-20 11:20:05,GRID-BMK-104,5.734,229.91,28.32,0.881,0
2026-07-20 12:20:05,GRID-BMK-104,5.801,235.01,25.96,0.951,0
2026-07-20 13:20:05,GRID-BMK-104,5.402,225.94,25.37,0.943,0
2026-07-20 14:20:05,GRID-BMK-104,5.899,227.56,28.96,0.895,0
2026-07-20 15:20:05,GRID-BMK-104,4.627,230.46,21.55,0.932,0
2026-07-20 16:20:05,GRID-BMK-104,4.154,227.58,18.99,0.961,0
2026-07-20 17:20:05,GRID-BMK-104,4.073,228.96,20.02,0.889,0
2026-07-20 18:20:05,GRID-BMK-104,3.377,228.3,15.98,0.926,0
2026-07-20 19:20:05,GRID-BMK-104,3.355,229.99,15.62,0.934,0
2026-07-20 20:20:05,GRID-BMK-104,2.592,228.05,12.3,0.924,0
2026-07-20 21:20:05,GRID-BMK-104,2.23,226.57,10.21,0.964,0
2026-07-20 22:20:05,GRID-BMK-104,1.82,230.25,8.64,0.915,0
2026-07-20 23:20:05,GRID-BMK-104,1.747,232.78,8.35,0.899,0
2026-07-21 00:20:05,GRID-BMK-104,2.57,231.2,12.38,0.898,0
2026-07-21 01:20:05,GRID-BMK-104,2.582,233.95,12.27,0.899,0
2026-07-21 02:20:05,GRID-BMK-104,3.113,228.82,14.25,0.955,0
2026-07-21 03:20:05,GRID-BMK-104,3.081,225.63,15.04,0.908,0
2026-07-21 04:20:05,GRID-BMK-104,3.026,230.06,14.71,0.894,0
2026-07-21 05:20:05,GRID-BMK-104,0.088,227.71,0.41,0.948,1
2026-07-21 06:20:05,GRID-BMK-104,3.516,232.5,15.96,0.947,0
2026-07-21 07:20:05,GRID-BMK-104,3.933,231.52,17.69,0.96,0
2026-07-21 08:20:05,GRID-BMK-104,4.096,230.46,19.6,0.907,0
2026-07-21 09:20:05,GRID-BMK-104,5.306,233.43,25.05,0.907,0
2026-07-21 10:20:05,GRID-BMK-104,5.845,226.8,27.75,0.929,0
2026-07-21 11:20:05,GRID-BMK-104,6.231,230.2,28.39,0.953,0
2026-07-21 12:20:05,GRID-BMK-104,4.956,233.4,24.69,0.86,0
2026-07-21 13:20:05,GRID-BMK-104,5.282,231.05,23.9,0.956,0
2026-07-21 14:20:05,GRID-BMK-104,5.019,232.64,24.12,0.894,0
2026-07-21 15:20:05,GRID-BMK-104,4.574,230.77,21.03,0.942,0
2026-07-21 16:20:05,GRID-BMK-104,4.707,228.92,22.57,0.911,0
2026-07-21 17:20:05,GRID-BMK-104,4.275,231.46,19.69,0.938,0
2026-07-21 18:20:05,GRID-BMK-104,3.932,230.12,19.14,0.893,0
2026-07-21 19:20:05,GRID-BMK-104,3.063,233.46,14.2,0.924,0
2026-07-21 20:20:05,GRID-BMK-104,2.623,232.41,12.4,0.91,0
2026-07-21 21:20:05,GRID-BMK-104,2.428,227.45,11.09,0.962,0
2026-07-21 22:20:05,GRID-BMK-104,2.486,230.43,12.18,0.886,0
2026-07-21 23:20:05,GRID-BMK-104,8.247,229.56,38.46,0.934,1
2026-07-22 00:20:05,GRID-BMK-104,2.953,237.43,13.17,0.945,0
2026-07-22 01:20:05,GRID-BMK-104,2.875,228.04,13.87,0.909,0
2026-07-22 02:20:05,GRID-BMK-104,3.45,234.4,15.67,0.939,0
2026-07-22 03:20:05,GRID-BMK-104,2.594,233.46,12.3,0.904,0
2026-07-22 04:20:05,GRID-BMK-104,3.09,230.16,14.94,0.899,0
2026-07-22 05:20:05,GRID-BMK-104,2.92,224.08,13.64,0.955,0
2026-07-22 06:20:05,GRID-BMK-104,3.681,231.99,17.78,0.893,0
2026-07-22 07:20:05,GRID-BMK-104,3.739,232.05,17.42,0.925,0
2026-07-22 08:20:05,GRID-BMK-104,4.953,229.53,24.7,0.874,0
2026-07-22 09:20:05,GRID-BMK-104,4.797,226.79,23.92,0.884,0
2026-07-22 10:20:05,GRID-BMK-104,0.011,228.4,0.05,0.921,1
2026-07-22 11:20:05,GRID-BMK-104,5.629,234.09,26.48,0.908,0
2026-07-22 12:20:05,GRID-BMK-104,5.973,223.94,28.0,0.953,0
2026-07-22 13:20:05,GRID-BMK-104,5.482,230.78,24.79,0.958,0
2026-07-22 14:20:05,GRID-BMK-104,4.944,225.84,24.87,0.88,0
2026-07-22 15:20:05,GRID-BMK-104,5.121,232.35,23.85,0.924,0
2026-07-22 16:20:05,GRID-BMK-104,4.769,228.74,22.71,0.918,0
2026-07-22 17:20:05,GRID-BMK-104,3.98,233.5,18.7,0.911,0
2026-07-22 18:20:05,GRID-BMK-104,3.423,233.84,15.85,0.923,0
2026-07-22 19:20:05,GRID-BMK-104,3.274,232.38,15.39,0.916,0
2026-07-22 20:20:05,GRID-BMK-104,2.566,235.01,11.59,0.942,0
2026-07-22 21:20:05,GRID-BMK-104,2.123,237.08,9.72,0.921,0
2026-07-22 22:20:05,GRID-BMK-104,2.012,232.12,9.05,0.958,0
2026-07-22 23:20:05,GRID-BMK-104,1.813,232.33,8.46,0.923,0
2026-07-23 00:20:05,GRID-BMK-104,2.771,230.06,13.17,0.915,0
2026-07-23 01:20:05,GRID-BMK-104,3.187,231.03,14.48,0.952,0
2026-07-23 02:20:05,GRID-BMK-104,3.202,228.45,15.54,0.902,0
2026-07-23 03:20:05,GRID-BMK-104,2.704,226.69,12.69,0.94,0
2026-07-23 04:20:05,GRID-BMK-104,3.195,230.05,14.47,0.96,0
2026-07-23 05:20:05,GRID-BMK-104,3.29,226.94,15.58,0.931,0
2026-07-23 06:20:05,GRID-BMK-104,3.352,223.74,16.88,0.887,0
2026-07-23 07:20:05,GRID-BMK-104,4.154,228.97,20.07,0.904,0
2026-07-23 08:20:05,GRID-BMK-104,4.231,229.84,20.61,0.893,0
2026-07-23 09:20:05,GRID-BMK-104,4.859,229.74,23.47,0.901,0
2026-07-23 10:20:05,GRID-BMK-104,5.758,234.29,27.23,0.903,0
2026-07-23 11:20:05,GRID-BMK-104,5.073,233.76,23.64,0.918,0
2026-07-23 12:20:05,GRID-BMK-104,5.83,227.68,28.46,0.9,0
2026-07-23 13:20:05,GRID-BMK-104,5.62,234.69,25.47,0.94,0
2026-07-23 14:20:05,GRID-BMK-104,5.121,229.79,25.53,0.873,0
2026-07-23 15:20:05,GRID-BMK-104,5.17,227.77,24.69,0.919,0
2026-07-23 16:20:05,GRID-BMK-104,5.075,228.24,25.06,0.887,0
2026-07-23 17:20:05,GRID-BMK-104,4.286,227.84,20.83,0.903,0
2026-07-23 18:20:05,GRID-BMK-104,3.231,235.18,14.65,0.937,0
2026-07-23 19:20:05,GRID-BMK-104,3.123,224.41,15.14,0.919,0
2026-07-23 20:20:05,GRID-BMK-104,2.878,228.48,13.78,0.914,0
2026-07-23 21:20:05,GRID-BMK-104,2.443,225.06,11.81,0.919,0
2026-07-23 22:20:05,GRID-BMK-104,1.702,228.89,7.63,0.975,0
2026-07-23 23:20:05,GRID-BMK-104,1.674,232.2,7.52,0.959,0
2026-07-24 00:20:05,GRID-BMK-104,3.368,231.37,16.25,0.896,0
2026-07-24 01:20:05,GRID-BMK-104,3.774,223.9,17.53,0.962,0
2026-07-24 02:20:05,GRID-BMK-104,3.447,227.39,15.74,0.963,0
2026-07-24 03:20:05,GRID-BMK-104,3.008,235.37,13.56,0.942,0
2026-07-24 04:20:05,GRID-BMK-104,13.598,226.86,66.9,0.896,1
2026-07-24 05:20:05,GRID-BMK-104,3.099,233.96,14.16,0.935,0
2026-07-24 06:20:05,GRID-BMK-104,4.214,229.94,20.26,0.904,0
2026-07-24 07:20:05,GRID-BMK-104,4.318,229.22,21.53,0.875,0
2026-07-24 08:20:05,GRID-BMK-104,4.205,225.53,20.24,0.921,0
2026-07-24 09:20:05,GRID-BMK-104,5.283,229.91,24.08,0.954,0
2026-07-24 10:20:05,GRID-BMK-104,5.185,222.3,25.73,0.907,0
2026-07-24 11:20:05,GRID-BMK-104,5.662,227.31,25.74,0.968,0
2026-07-24 12:20:05,GRID-BMK-104,5.607,233.14,26.13,0.92,0
2026-07-24 13:20:05,GRID-BMK-104,4.722,226.15,21.53,0.97,0
2026-07-24 14:20:05,GRID-BMK-104,4.88,222.29,23.09,0.951,0
2026-07-24 15:20:05,GRID-BMK-104,26.665,227.33,121.32,0.967,1
2026-07-24 16:20:05,GRID-BMK-104,4.738,232.9,21.88,0.93,0
2026-07-24 17:20:05,GRID-BMK-104,4.465,231.06,21.06,0.918,0
2026-07-24 18:20:05,GRID-BMK-104,3.307,225.99,15.68,0.933,0
2026-07-24 19:20:05,GRID-BMK-104,3.08,232.77,13.71,0.965,0
2026-07-24 20:20:05,GRID-BMK-104,2.397,228.4,11.1,0.946,0
2026-07-24 21:20:05,GRID-BMK-104,2.576,225.03,12.48,0.917,0
2026-07-24 22:20:05,GRID-BMK-104,2.192,235.11,10.37,0.899,0
2026-07-24 23:20:05,GRID-BMK-104,1.621,236.62,7.63,0.899,0
2026-07-25 00:20:05,GRID-BMK-104,3.476,227.8,17.5,0.872,0
2026-07-25 01:20:05,GRID-BMK-104,3.792,228.85,18.62,0.89,0
2026-07-25 02:20:05,GRID-BMK-104,3.362,229.7,16.27,0.9,0
2026-07-25 03:20:05,GRID-BMK-104,2.985,224.8,14.28,0.93,0
2026-07-25 04:20:05,GRID-BMK-104,2.819,230.29,13.23,0.925,0
2026-07-25 05:20:05,GRID-BMK-104,3.992,225.64,19.75,0.896,0
2026-07-25 06:20:05,GRID-BMK-104,4.415,230.43,21.06,0.91,0
2026-07-25 07:20:05,GRID-BMK-104,5.238,230.64,24.42,0.93,0
2026-07-25 08:20:05,GRID-BMK-104,5.38,234.5,24.2,0.948,0
2026-07-25 09:20:05,GRID-BMK-104,5.955,228.74,29.85,0.872,0
2026-07-25 10:20:05,GRID-BMK-104,6.363,228.75,30.45,0.913,0
2026-07-25 11:20:05,GRID-BMK-104,6.161,233.66,28.77,0.917,0
2026-07-25 12:20:05,GRID-BMK-104,6.271,232.28,29.34,0.92,0
2026-07-25 13:20:05,GRID-BMK-104,6.615,220.01,32.06,0.938,0
2026-07-25 14:20:05,GRID-BMK-104,6.422,223.87,31.73,0.904,0
2026-07-25 15:20:05,GRID-BMK-104,5.909,231.25,28.07,0.91,0
2026-07-25 16:20:05,GRID-BMK-104,5.136,228.27,25.06,0.898,0
2026-07-25 17:20:05,GRID-BMK-104,4.089,224.72,19.46,0.935,0
2026-07-25 18:20:05,GRID-BMK-104,3.951,230.06,18.17,0.945,0
2026-07-25 19:20:05,GRID-BMK-104,3.898,224.63,18.12,0.958,0
2026-07-25 20:20:05,GRID-BMK-104,3.91,229.41,19.32,0.882,0
2026-07-25 21:20:05,GRID-BMK-104,2.633,231.42,11.94,0.953,0
2026-07-25 22:20:05,GRID-BMK-104,2.208,230.81,10.66,0.898,0
2026-07-25 23:20:05,GRID-BMK-104,1.551,232.41,7.0,0.953,0
2026-07-26 00:20:05,GRID-BMK-104,4.084,230.03,19.04,0.933,0
2026-07-26 01:20:05,GRID-BMK-104,3.422,231.6,15.41,0.959,0
2026-07-26 02:20:05,GRID-BMK-104,3.864,232.13,18.2,0.915,0
2026-07-26 03:20:05,GRID-BMK-104,3.752,231.78,16.35,0.99,0
2026-07-26 04:20:05,GRID-BMK-104,3.066,230.47,14.34,0.928,0
2026-07-26 05:20:05,GRID-BMK-104,3.793,229.38,17.23,0.96,0
2026-07-26 06:20:05,GRID-BMK-104,4.552,227.6,23.18,0.863,0
2026-07-26 07:20:05,GRID-BMK-104,4.888,237.15,22.24,0.927,0
2026-07-26 08:20:05,GRID-BMK-104,5.517,233.09,26.09,0.907,0
2026-07-26 09:20:05,GRID-BMK-104,5.449,233.64,25.97,0.898,0
2026-07-26 10:20:05,GRID-BMK-104,6.069,231.89,29.93,0.874,0
2026-07-26 11:20:05,GRID-BMK-104,6.553,228.61,31.04,0.923,0
2026-07-26 12:20:05,GRID-BMK-104,6.488,232.15,33.59,0.832,0
2026-07-26 13:20:05,GRID-BMK-104,6.969,226.64,32.41,0.949,0
2026-07-26 14:20:05,GRID-BMK-104,6.464,229.75,30.55,0.921,0
2026-07-26 15:20:05,GRID-BMK-104,6.32,227.79,30.05,0.923,0
2026-07-26 16:20:05,GRID-BMK-104,5.414,231.25,24.63,0.95,0
2026-07-26 17:20:05,GRID-BMK-104,4.432,233.11,20.66,0.92,0
2026-07-26 18:20:05,GRID-BMK-104,4.315,232.79,19.83,0.935,0
2026-07-26 19:20:05,GRID-BMK-104,4.187,229.54,19.66,0.927,0
2026-07-26 20:20:05,GRID-BMK-104,3.329,225.4,16.19,0.912,0
2026-07-26 21:20:05,GRID-BMK-104,2.965,232.19,13.69,0.933,0
2026-07-26 22:20:05,GRID-BMK-104,2.756,233.49,13.25,0.891,0
2026-07-26 23:20:05,GRID-BMK-104,2.256,229.99,10.79,0.909,0
2026-07-27 00:20:05,GRID-BMK-104,3.283,232.89,16.1,0.876,0
2026-07-27 01:20:05,GRID-BMK-104,3.041,226.89,14.21,0.943,0
2026-07-27 02:20:05,GRID-BMK-104,2.805,229.71,12.78,0.956,0
2026-07-27 03:20:05,GRID-BMK-104,3.493,229.16,17.01,0.896,0
2026-07-27 04:20:05,GRID-BMK-104,3.011,228.1,14.08,0.937,0
2026-07-27 05:20:05,GRID-BMK-104,3.164,233.64,14.32,0.946,0
2026-07-27 06:20:05,GRID-BMK-104,3.459,227.18,16.27,0.936,0
2026-07-27 07:20:05,GRID-BMK-104,4.499,229.55,21.05,0.931,0
2026-07-27 08:20:05,GRID-BMK-104,4.544,230.24,21.45,0.92,0
2026-07-27 09:20:05,GRID-BMK-104,5.144,233.75,24.68,0.892,0
2026-07-27 10:20:05,GRID-BMK-104,5.251,237.02,23.81,0.931,0
2026-07-27 11:20:05,GRID-BMK-104,5.342,227.58,25.73,0.912,0
2026-07-27 12:20:05,GRID-BMK-104,5.17,227.36,24.4,0.932,0
2026-07-27 13:20:05,GRID-BMK-104,5.249,235.91,23.76,0.937,0
2026-07-27 14:20:05,GRID-BMK-104,4.874,229.55,23.49,0.904,0
2026-07-27 15:20:05,GRID-BMK-104,5.222,234.4,24.52,0.909,0
2026-07-27 16:20:05,GRID-BMK-104,4.636,225.95,23.21,0.884,0
2026-07-27 17:20:05,GRID-BMK-104,4.636,232.78,22.73,0.876,0
2026-07-27 18:20:05,GRID-BMK-104,4.05,227.15,20.39,0.874,0
2026-07-27 19:20:05,GRID-BMK-104,3.242,228.82,14.82,0.956,0
2026-07-27 20:20:05,GRID-BMK-104,3.026,226.71,14.11,0.946,0
2026-07-27 21:20:05,GRID-BMK-104,2.253,230.11,11.14,0.878,0
2026-07-27 22:20:05,GRID-BMK-104,1.877,232.36,8.6,0.939,0
2026-07-27 23:20:05,GRID-BMK-104,2.436,228.19,11.1,0.961,0
2026-07-28 00:20:05,GRID-BMK-104,2.501,230.6,12.36,0.877,0
2026-07-28 01:20:05,GRID-BMK-104,3.684,231.66,17.25,0.922,0
2026-07-28 02:20:05,GRID-BMK-104,2.81,232.65,13.67,0.884,0
2026-07-28 03:20:05,GRID-BMK-104,2.185,234.11,10.73,0.87,0
2026-07-28 04:20:05,GRID-BMK-104,2.527,233.88,11.39,0.949,0
2026-07-28 05:20:05,GRID-BMK-104,0.065,229.83,0.31,0.917,1
2026-07-28 06:20:05,GRID-BMK-104,3.638,227.94,17.09,0.934,0
2026-07-28 07:20:05,GRID-BMK-104,4.069,229.7,18.6,0.953,0
2026-07-28 08:20:05,GRID-BMK-104,4.256,231.75,20.05,0.916,0
2026-07-28 09:20:05,GRID-BMK-104,4.516,229.9,21.85,0.899,0
2026-07-28 10:20:05,GRID-BMK-104,5.113,230.48,22.83,0.972,0
2026-07-28 11:20:05,GRID-BMK-104,4.903,231.16,23.72,0.894,0
2026-07-28 12:20:05,GRID-BMK-104,0.042,226.29,0.21,0.901,1
2026-07-28 13:20:05,GRID-BMK-104,5.469,228.1,25.33,0.946,0
2026-07-28 14:20:05,GRID-BMK-104,4.794,228.55,21.78,0.963,0
2026-07-28 15:20:05,GRID-BMK-104,4.961,228.69,22.88,0.948,0
2026-07-28 16:20:05,GRID-BMK-104,4.774,227.51,21.42,0.979,0
2026-07-28 17:20:05,GRID-BMK-104,14.248,226.68,67.49,0.931,1
2026-07-28 18:20:05,GRID-BMK-104,3.736,226.73,17.02,0.968,0
2026-07-28 19:20:05,GRID-BMK-104,3.47,232.79,16.78,0.889,0
2026-07-28 20:20:05,GRID-BMK-104,3.106,233.48,14.37,0.926,0
2026-07-28 21:20:05,GRID-BMK-104,1.94,230.49,9.23,0.912,0
2026-07-28 22:20:05,GRID-BMK-104,1.656,233.17,8.11,0.876,0
2026-07-28 23:20:05,GRID-BMK-104,1.863,231.85,8.7,0.924,0
2026-07-29 00:20:05,GRID-BMK-104,2.939,229.9,13.86,0.923,0
2026-07-29 01:20:05,GRID-BMK-104,2.891,227.47,14.03,0.906,0
2026-06-14 01:20:05,GRID-BMK-105,0.093,226.7,0.45,0.921,1
2026-06-14 02:20:05,GRID-BMK-105,2.964,226.91,14.88,0.878,0
2026-06-14 03:20:05,GRID-BMK-105,3.893,230.8,18.17,0.928,0
2026-06-14 04:20:05,GRID-BMK-105,17.399,228.67,82.06,0.927,1
2026-06-14 05:20:05,GRID-BMK-105,2.917,231.22,13.6,0.928,0
2026-06-14 06:20:05,GRID-BMK-105,4.079,234.75,20.03,0.867,0
2026-06-14 07:20:05,GRID-BMK-105,4.992,233.66,22.98,0.93,0
2026-06-14 08:20:05,GRID-BMK-105,5.103,233.15,24.45,0.895,0
2026-06-14 09:20:05,GRID-BMK-105,5.394,232.44,25.28,0.918,0
2026-06-14 10:20:05,GRID-BMK-105,6.363,230.9,30.75,0.896,0
2026-06-14 11:20:05,GRID-BMK-105,6.452,228.75,30.03,0.939,0
2026-06-14 12:20:05,GRID-BMK-105,6.746,227.49,34.02,0.872,0
2026-06-14 13:20:05,GRID-BMK-105,6.357,223.37,31.41,0.906,0
2026-06-14 14:20:05,GRID-BMK-105,5.978,230.33,29.23,0.888,0
2026-06-14 15:20:05,GRID-BMK-105,5.714,227.81,27.18,0.923,0
2026-06-14 16:20:05,GRID-BMK-105,4.716,229.07,23.06,0.893,0
2026-06-14 17:20:05,GRID-BMK-105,4.739,232.86,22.52,0.904,0
2026-06-14 18:20:05,GRID-BMK-105,4.37,230.11,20.34,0.934,0
2026-06-14 19:20:05,GRID-BMK-105,18.259,226.58,82.86,0.973,1
2026-06-14 20:20:05,GRID-BMK-105,3.572,228.15,17.37,0.901,0
2026-06-14 21:20:05,GRID-BMK-105,3.028,234.63,14.25,0.906,0
2026-06-14 22:20:05,GRID-BMK-105,2.696,228.11,12.26,0.964,0
2026-06-14 23:20:05,GRID-BMK-105,1.795,226.33,8.48,0.936,0
2026-06-15 00:20:05,GRID-BMK-105,2.687,227.34,13.62,0.867,0
2026-06-15 01:20:05,GRID-BMK-105,2.877,222.12,13.87,0.934,0
2026-06-15 02:20:05,GRID-BMK-105,2.983,230.17,14.12,0.918,0
2026-06-15 03:20:05,GRID-BMK-105,2.908,233.9,12.87,0.966,0
2026-06-15 04:20:05,GRID-BMK-105,3.294,228.15,15.95,0.905,0
2026-06-15 05:20:05,GRID-BMK-105,2.578,228.87,12.68,0.888,0
2026-06-15 06:20:05,GRID-BMK-105,3.147,230.88,13.96,0.977,0
2026-06-15 07:20:05,GRID-BMK-105,4.038,232.78,18.98,0.914,0
2026-06-15 08:20:05,GRID-BMK-105,4.713,232.13,22.94,0.885,0
2026-06-15 09:20:05,GRID-BMK-105,5.222,233.29,25.47,0.879,0
2026-06-15 10:20:05,GRID-BMK-105,5.166,236.49,22.77,0.96,0
2026-06-15 11:20:05,GRID-BMK-105,5.622,231.36,27.63,0.879,0
2026-06-15 12:20:05,GRID-BMK-105,5.44,228.05,26.32,0.906,0
2026-06-15 13:20:05,GRID-BMK-105,5.106,229.58,24.05,0.925,0
2026-06-15 14:20:05,GRID-BMK-105,5.434,226.12,26.97,0.891,0
2026-06-15 15:20:05,GRID-BMK-105,5.013,224.02,23.77,0.941,0
2026-06-15 16:20:05,GRID-BMK-105,4.797,233.69,22.23,0.923,0
2026-06-15 17:20:05,GRID-BMK-105,4.062,227.61,20.19,0.884,0
2026-06-15 18:20:05,GRID-BMK-105,3.738,231.88,17.4,0.927,0
2026-06-15 19:20:05,GRID-BMK-105,3.013,230.52,13.47,0.97,0
2026-06-15 20:20:05,GRID-BMK-105,3.292,225.49,15.82,0.923,0
2026-06-15 21:20:05,GRID-BMK-105,11.808,230.98,54.88,0.932,1
2026-06-15 22:20:05,GRID-BMK-105,1.698,235.2,7.79,0.927,0
2026-06-15 23:20:05,GRID-BMK-105,1.273,230.76,5.95,0.926,0
2026-06-16 00:20:05,GRID-BMK-105,2.879,229.12,13.36,0.94,0
2026-06-16 01:20:05,GRID-BMK-105,3.277,230.64,15.48,0.918,0
2026-06-16 02:20:05,GRID-BMK-105,2.414,231.37,11.55,0.903,0
2026-06-16 03:20:05,GRID-BMK-105,2.93,225.72,13.77,0.943,0
2026-06-16 04:20:05,GRID-BMK-105,2.795,223.31,13.72,0.912,0
2026-06-16 05:20:05,GRID-BMK-105,2.942,224.9,14.5,0.902,0
2026-06-16 06:20:05,GRID-BMK-105,3.857,227.7,18.44,0.919,0
2026-06-16 07:20:05,GRID-BMK-105,3.819,240.67,16.93,0.937,0
2026-06-16 08:20:05,GRID-BMK-105,4.379,229.05,20.16,0.948,0
2026-06-16 09:20:05,GRID-BMK-105,0.064,230.9,0.29,0.935,1
2026-06-16 10:20:05,GRID-BMK-105,5.4,233.63,24.49,0.944,0
2026-06-16 11:20:05,GRID-BMK-105,5.658,232.13,27.94,0.872,0
2026-06-16 12:20:05,GRID-BMK-105,5.513,229.98,26.08,0.919,0
2026-06-16 13:20:05,GRID-BMK-105,5.185,229.82,24.37,0.926,0
2026-06-16 14:20:05,GRID-BMK-105,4.956,231.16,21.66,0.99,0
2026-06-16 15:20:05,GRID-BMK-105,4.722,224.88,22.41,0.937,0
2026-06-16 16:20:05,GRID-BMK-105,4.557,228.38,21.59,0.924,0
2026-06-16 17:20:05,GRID-BMK-105,4.126,227.79,19.24,0.942,0
2026-06-16 18:20:05,GRID-BMK-105,3.832,232.64,17.29,0.953,0
2026-06-16 19:20:05,GRID-BMK-105,12.126,231.84,56.57,0.925,1
2026-06-16 20:20:05,GRID-BMK-105,2.612,231.04,12.02,0.941,0
2026-06-16 21:20:05,GRID-BMK-105,2.127,229.5,10.2,0.909,0
2026-06-16 22:20:05,GRID-BMK-105,2.118,228.68,9.35,0.99,0
2026-06-16 23:20:05,GRID-BMK-105,1.881,227.18,8.95,0.925,0
2026-06-17 00:20:05,GRID-BMK-105,2.622,226.67,12.71,0.91,0
2026-06-17 01:20:05,GRID-BMK-105,2.883,233.28,13.45,0.919,0
2026-06-17 02:20:05,GRID-BMK-105,2.676,229.74,11.97,0.973,0
2026-06-17 03:20:05,GRID-BMK-105,2.986,232.37,13.89,0.925,0
2026-06-17 04:20:05,GRID-BMK-105,3.24,224.04,15.3,0.945,0
2026-06-17 05:20:05,GRID-BMK-105,2.724,225.15,13.43,0.901,0
2026-06-17 06:20:05,GRID-BMK-105,3.452,228.95,15.86,0.951,0
2026-06-17 07:20:05,GRID-BMK-105,3.943,226.28,18.09,0.963,0
2026-06-17 08:20:05,GRID-BMK-105,4.937,233.37,23.06,0.918,0
2026-06-17 09:20:05,GRID-BMK-105,4.646,237.05,20.11,0.975,0
2026-06-17 10:20:05,GRID-BMK-105,4.598,230.56,21.24,0.939,0
2026-06-17 11:20:05,GRID-BMK-105,4.981,230.55,23.48,0.92,0
2026-06-17 12:20:05,GRID-BMK-105,5.352,226.23,25.44,0.93,0
2026-06-17 13:20:05,GRID-BMK-105,5.346,228.25,23.9,0.98,0
2026-06-17 14:20:05,GRID-BMK-105,5.331,228.98,25.15,0.925,0
2026-06-17 15:20:05,GRID-BMK-105,4.825,233.76,22.86,0.903,0
2026-06-17 16:20:05,GRID-BMK-105,4.752,231.54,22.13,0.927,0
2026-06-17 17:20:05,GRID-BMK-105,4.131,231.25,20.12,0.888,0
2026-06-17 18:20:05,GRID-BMK-105,3.153,229.95,15.08,0.909,0
2026-06-17 19:20:05,GRID-BMK-105,3.224,228.89,14.4,0.978,0
2026-06-17 20:20:05,GRID-BMK-105,2.972,230.52,13.94,0.925,0
2026-06-17 21:20:05,GRID-BMK-105,2.567,232.73,12.11,0.911,0
2026-06-17 22:20:05,GRID-BMK-105,1.848,229.03,8.64,0.934,0
2026-06-17 23:20:05,GRID-BMK-105,1.397,231.59,6.9,0.874,0
2026-06-18 00:20:05,GRID-BMK-105,2.839,230.09,13.38,0.922,0
2026-06-18 01:20:05,GRID-BMK-105,3.194,234.06,14.5,0.941,0
2026-06-18 02:20:05,GRID-BMK-105,2.615,229.16,12.4,0.92,0
2026-06-18 03:20:05,GRID-BMK-105,2.648,231.45,12.84,0.891,0
2026-06-18 04:20:05,GRID-BMK-105,2.708,230.49,12.6,0.932,0
2026-06-18 05:20:05,GRID-BMK-105,2.736,223.35,12.64,0.969,0
2026-06-18 06:20:05,GRID-BMK-105,3.868,232.37,18.27,0.911,0
2026-06-18 07:20:05,GRID-BMK-105,4.487,229.44,21.15,0.924,0
2026-06-18 08:20:05,GRID-BMK-105,4.368,228.46,21.51,0.889,0
2026-06-18 09:20:05,GRID-BMK-105,4.867,230.93,22.61,0.932,0
2026-06-18 10:20:05,GRID-BMK-105,5.065,227.53,25.41,0.876,0
2026-06-18 11:20:05,GRID-BMK-105,5.308,231.46,25.17,0.911,0
2026-06-18 12:20:05,GRID-BMK-105,5.59,229.29,25.9,0.941,0
2026-06-18 13:20:05,GRID-BMK-105,5.42,230.74,25.82,0.91,0
2026-06-18 14:20:05,GRID-BMK-105,4.551,228.46,20.74,0.96,0
2026-06-18 15:20:05,GRID-BMK-105,4.637,227.26,24.58,0.83,0
2026-06-18 16:20:05,GRID-BMK-105,4.342,224.05,20.71,0.936,0
2026-06-18 17:20:05,GRID-BMK-105,3.873,234.2,16.76,0.987,0
2026-06-18 18:20:05,GRID-BMK-105,3.591,229.86,16.97,0.921,0
2026-06-18 19:20:05,GRID-BMK-105,3.093,230.85,14.54,0.921,0
2026-06-18 20:20:05,GRID-BMK-105,2.807,233.6,13.63,0.881,0
2026-06-18 21:20:05,GRID-BMK-105,2.055,225.31,10.53,0.866,0
2026-06-18 22:20:05,GRID-BMK-105,2.14,228.5,10.8,0.867,0
2026-06-18 23:20:05,GRID-BMK-105,11.638,231.13,55.66,0.905,1
2026-06-19 00:20:05,GRID-BMK-105,2.491,229.47,12.03,0.903,0
2026-06-19 01:20:05,GRID-BMK-105,3.017,222.85,14.19,0.954,0
2026-06-19 02:20:05,GRID-BMK-105,2.33,229.55,12.04,0.843,0
2026-06-19 03:20:05,GRID-BMK-105,2.761,229.91,12.91,0.931,0
2026-06-19 04:20:05,GRID-BMK-105,2.848,231.98,13.45,0.913,0
2026-06-19 05:20:05,GRID-BMK-105,3.47,234.01,15.21,0.975,0
2026-06-19 06:20:05,GRID-BMK-105,3.667,227.63,17.31,0.931,0
2026-06-19 07:20:05,GRID-BMK-105,3.881,230.12,18.21,0.926,0
2026-06-19 08:20:05,GRID-BMK-105,4.593,225.85,20.79,0.978,0
2026-06-19 09:20:05,GRID-BMK-105,21.259,228.67,103.41,0.899,1
2026-06-19 10:20:05,GRID-BMK-105,4.781,230.6,23.17,0.895,0
2026-06-19 11:20:05,GRID-BMK-105,5.131,233.47,24.01,0.915,0
2026-06-19 12:20:05,GRID-BMK-105,5.259,236.29,23.95,0.929,0
2026-06-19 13:20:05,GRID-BMK-105,5.065,226.61,25.12,0.89,0
2026-06-19 14:20:05,GRID-BMK-105,4.7,227.59,21.3,0.97,0
2026-06-19 15:20:05,GRID-BMK-105,4.042,228.91,19.28,0.916,0
2026-06-19 16:20:05,GRID-BMK-105,4.848,231.56,22.46,0.932,0
2026-06-19 17:20:05,GRID-BMK-105,15.996,230.51,76.95,0.902,1
2026-06-19 18:20:05,GRID-BMK-105,3.576,231.39,16.64,0.929,0
2026-06-19 19:20:05,GRID-BMK-105,3.133,235.35,14.32,0.929,0
2026-06-19 20:20:05,GRID-BMK-105,2.425,232.39,11.33,0.921,0
2026-06-19 21:20:05,GRID-BMK-105,2.293,230.83,10.82,0.918,0
2026-06-19 22:20:05,GRID-BMK-105,1.7,234.91,7.66,0.945,0
2026-06-19 23:20:05,GRID-BMK-105,1.804,227.23,8.56,0.927,0
2026-06-20 00:20:05,GRID-BMK-105,3.213,237.45,14.16,0.956,0
2026-06-20 01:20:05,GRID-BMK-105,3.052,231.08,13.5,0.978,0
2026-06-20 02:20:05,GRID-BMK-105,3.126,229.28,14.69,0.928,0
2026-06-20 03:20:05,GRID-BMK-105,3.558,232.7,16.77,0.912,0
2026-06-20 04:20:05,GRID-BMK-105,3.467,225.61,16.57,0.927,0
2026-06-20 05:20:05,GRID-BMK-105,4.071,228.48,20.24,0.88,0
2026-06-20 06:20:05,GRID-BMK-105,4.68,233.34,22.23,0.902,0
2026-06-20 07:20:05,GRID-BMK-105,5.101,228.28,24.19,0.924,0
2026-06-20 08:20:05,GRID-BMK-105,5.253,230.89,24.6,0.925,0
2026-06-20 09:20:05,GRID-BMK-105,5.386,229.42,25.67,0.915,0
2026-06-20 10:20:05,GRID-BMK-105,6.643,227.07,30.77,0.951,0
2026-06-20 11:20:05,GRID-BMK-105,6.349,232.78,28.73,0.949,0
2026-06-20 12:20:05,GRID-BMK-105,6.08,227.85,28.39,0.94,0
2026-06-20 13:20:05,GRID-BMK-105,6.44,228.94,30.03,0.937,0
2026-06-20 14:20:05,GRID-BMK-105,6.38,230.26,29.4,0.942,0
2026-06-20 15:20:05,GRID-BMK-105,6.061,235.75,27.66,0.93,0
2026-06-20 16:20:05,GRID-BMK-105,5.729,226.37,27.24,0.929,0
2026-06-20 17:20:05,GRID-BMK-105,5.254,233.18,25.76,0.875,0
2026-06-20 18:20:05,GRID-BMK-105,4.128,234.38,19.29,0.913,0
2026-06-20 19:20:05,GRID-BMK-105,3.32,232.36,15.35,0.931,0
2026-06-20 20:20:05,GRID-BMK-105,3.227,232.47,14.94,0.929,0
2026-06-20 21:20:05,GRID-BMK-105,2.651,229.03,11.89,0.974,0
2026-06-20 22:20:05,GRID-BMK-105,1.835,231.36,8.68,0.913,0
2026-06-20 23:20:05,GRID-BMK-105,1.751,223.99,8.23,0.95,0
2026-06-21 00:20:05,GRID-BMK-105,3.866,224.64,19.34,0.89,0
2026-06-21 01:20:05,GRID-BMK-105,4.102,228.71,18.98,0.945,0
2026-06-21 02:20:05,GRID-BMK-105,3.672,234.35,17.1,0.917,0
2026-06-21 03:20:05,GRID-BMK-105,4.197,228.83,19.84,0.924,0
2026-06-21 04:20:05,GRID-BMK-105,3.725,228.48,17.67,0.922,0
2026-06-21 05:20:05,GRID-BMK-105,3.908,230.91,18.08,0.936,0
2026-06-21 06:20:05,GRID-BMK-105,4.25,228.46,19.25,0.966,0
2026-06-21 07:20:05,GRID-BMK-105,4.61,232.79,21.49,0.921,0
2026-06-21 08:20:05,GRID-BMK-105,5.024,230.38,24.18,0.902,0
2026-06-21 09:20:05,GRID-BMK-105,5.872,235.51,27.44,0.909,0
2026-06-21 10:20:05,GRID-BMK-105,5.753,232.48,25.74,0.961,0
2026-06-21 11:20:05,GRID-BMK-105,6.955,228.47,33.29,0.914,0
2026-06-21 12:20:05,GRID-BMK-105,6.365,228.15,29.65,0.941,0
2026-06-21 13:20:05,GRID-BMK-105,6.422,232.37,30.72,0.9,0
2026-06-21 14:20:05,GRID-BMK-105,5.818,235.6,28.29,0.873,0
2026-06-21 15:20:05,GRID-BMK-105,5.336,228.29,24.5,0.954,0
2026-06-21 16:20:05,GRID-BMK-105,5.705,231.39,26.47,0.931,0
2026-06-21 17:20:05,GRID-BMK-105,19.341,227.43,93.41,0.91,1
2026-06-21 18:20:05,GRID-BMK-105,4.414,225.97,22.83,0.856,0
2026-06-21 19:20:05,GRID-BMK-105,3.987,229.07,18.59,0.936,0
2026-06-21 20:20:05,GRID-BMK-105,4.034,231.96,19.77,0.879,0
2026-06-21 21:20:05,GRID-BMK-105,2.743,232.66,14.02,0.841,0
2026-06-21 22:20:05,GRID-BMK-105,2.541,225.15,12.48,0.904,0
2026-06-21 23:20:05,GRID-BMK-105,2.759,235.01,12.16,0.965,0
2026-06-22 00:20:05,GRID-BMK-105,3.073,231.17,14.76,0.9,0
2026-06-22 01:20:05,GRID-BMK-105,2.665,229.49,11.8,0.984,0
2026-06-22 02:20:05,GRID-BMK-105,2.937,231.89,13.85,0.914,0
2026-06-22 03:20:05,GRID-BMK-105,14.586,229.84,68.04,0.933,1
2026-06-22 04:20:05,GRID-BMK-105,2.962,229.6,13.98,0.923,0
2026-06-22 05:20:05,GRID-BMK-105,2.844,231.68,12.87,0.954,0
2026-06-22 06:20:05,GRID-BMK-105,3.463,224.52,17.46,0.883,0
2026-06-22 07:20:05,GRID-BMK-105,3.729,228.0,17.51,0.934,0
2026-06-22 08:20:05,GRID-BMK-105,4.142,224.3,20.02,0.922,0
2026-06-22 09:20:05,GRID-BMK-105,4.441,227.14,20.34,0.961,0
2026-06-22 10:20:05,GRID-BMK-105,5.274,234.25,23.81,0.946,0
2026-06-22 11:20:05,GRID-BMK-105,5.755,227.81,27.91,0.905,0
2026-06-22 12:20:05,GRID-BMK-105,6.181,227.09,29.85,0.912,0
2026-06-22 13:20:05,GRID-BMK-105,4.873,230.32,23.87,0.886,0
2026-06-22 14:20:05,GRID-BMK-105,5.034,229.67,25.44,0.861,0
2026-06-22 15:20:05,GRID-BMK-105,4.421,233.68,22.09,0.857,0
2026-06-22 16:20:05,GRID-BMK-105,4.379,229.07,20.18,0.947,0
2026-06-22 17:20:05,GRID-BMK-105,4.264,229.63,20.92,0.888,0
2026-06-22 18:20:05,GRID-BMK-105,3.809,227.72,18.71,0.894,0
2026-06-22 19:20:05,GRID-BMK-105,2.859,230.98,12.81,0.967,0
2026-06-22 20:20:05,GRID-BMK-105,2.245,228.44,10.62,0.926,0
2026-06-22 21:20:05,GRID-BMK-105,2.464,225.08,12.8,0.856,0
2026-06-22 22:20:05,GRID-BMK-105,2.782,231.24,13.35,0.902,0
2026-06-22 23:20:05,GRID-BMK-105,2.091,232.81,10.24,0.877,0
2026-06-23 00:20:05,GRID-BMK-105,3.225,228.94,14.85,0.948,0
2026-06-23 01:20:05,GRID-BMK-105,2.781,227.1,13.81,0.887,0
2026-06-23 02:20:05,GRID-BMK-105,2.697,231.15,13.11,0.89,0
2026-06-23 03:20:05,GRID-BMK-105,2.975,228.66,13.97,0.931,0
2026-06-23 04:20:05,GRID-BMK-105,2.784,233.72,12.81,0.93,0
2026-06-23 05:20:05,GRID-BMK-105,2.88,228.57,13.99,0.9,0
2026-06-23 06:20:05,GRID-BMK-105,3.661,228.43,16.71,0.959,0
2026-06-23 07:20:05,GRID-BMK-105,19.348,231.32,94.48,0.885,1
2026-06-23 08:20:05,GRID-BMK-105,4.553,233.26,20.86,0.936,0
2026-06-23 09:20:05,GRID-BMK-105,5.496,232.59,27.22,0.868,0
2026-06-23 10:20:05,GRID-BMK-105,5.308,227.42,24.04,0.971,0
2026-06-23 11:20:05,GRID-BMK-105,5.584,229.39,25.37,0.959,0
2026-06-23 12:20:05,GRID-BMK-105,5.342,231.66,24.42,0.944,0
2026-06-23 13:20:05,GRID-BMK-105,5.033,229.21,23.87,0.92,0
2026-06-23 14:20:05,GRID-BMK-105,5.492,232.51,24.87,0.95,0
2026-06-23 15:20:05,GRID-BMK-105,4.694,232.26,22.01,0.918,0
2026-06-23 16:20:05,GRID-BMK-105,4.902,225.38,24.6,0.884,0
2026-06-23 17:20:05,GRID-BMK-105,3.766,235.78,17.89,0.893,0
2026-06-23 18:20:05,GRID-BMK-105,3.656,228.52,16.48,0.971,0
2026-06-23 19:20:05,GRID-BMK-105,3.055,225.69,14.23,0.951,0
2026-06-23 20:20:05,GRID-BMK-105,16.649,230.14,73.07,0.99,1
2026-06-23 21:20:05,GRID-BMK-105,2.194,226.36,10.64,0.911,0
2026-06-23 22:20:05,GRID-BMK-105,2.278,236.18,10.67,0.904,0
2026-06-23 23:20:05,GRID-BMK-105,1.31,228.58,6.31,0.908,0
2026-06-24 00:20:05,GRID-BMK-105,2.921,228.53,13.76,0.929,0
2026-06-24 01:20:05,GRID-BMK-105,3.114,224.71,14.69,0.943,0
2026-06-24 02:20:05,GRID-BMK-105,3.187,227.56,15.12,0.926,0
2026-06-24 03:20:05,GRID-BMK-105,2.676,230.16,12.65,0.919,0
2026-06-24 04:20:05,GRID-BMK-105,3.094,230.87,14.41,0.93,0
2026-06-24 05:20:05,GRID-BMK-105,3.001,228.94,14.29,0.917,0
2026-06-24 06:20:05,GRID-BMK-105,3.844,228.18,18.65,0.903,0
2026-06-24 07:20:05,GRID-BMK-105,2.967,234.34,13.77,0.919,0
2026-06-24 08:20:05,GRID-BMK-105,4.087,230.19,19.15,0.927,0
2026-06-24 09:20:05,GRID-BMK-105,4.852,228.16,23.71,0.897,0
2026-06-24 10:20:05,GRID-BMK-105,4.815,232.15,21.15,0.98,0
2026-06-24 11:20:05,GRID-BMK-105,5.74,230.4,26.57,0.938,0
2026-06-24 12:20:05,GRID-BMK-105,25.829,231.86,112.52,0.99,1
2026-06-24 13:20:05,GRID-BMK-105,5.342,228.37,25.43,0.92,0
2026-06-24 14:20:05,GRID-BMK-105,0.005,234.45,0.02,0.99,1
2026-06-24 15:20:05,GRID-BMK-105,4.923,231.53,22.92,0.928,0
2026-06-24 16:20:05,GRID-BMK-105,4.749,232.19,22.86,0.895,0
2026-06-24 17:20:05,GRID-BMK-105,3.834,228.4,18.76,0.895,0
2026-06-24 18:20:05,GRID-BMK-105,3.857,233.12,18.19,0.91,0
2026-06-24 19:20:05,GRID-BMK-105,2.623,231.88,12.22,0.925,0
2026-06-24 20:20:05,GRID-BMK-105,2.819,233.74,12.98,0.929,0
2026-06-24 21:20:05,GRID-BMK-105,2.364,229.74,11.21,0.918,0
2026-06-24 22:20:05,GRID-BMK-105,2.074,234.6,9.5,0.931,0
2026-06-24 23:20:05,GRID-BMK-105,2.19,231.19,10.66,0.888,0
2026-06-25 00:20:05,GRID-BMK-105,2.624,227.01,12.34,0.937,0
2026-06-25 01:20:05,GRID-BMK-105,3.229,228.62,15.31,0.922,0
2026-06-25 02:20:05,GRID-BMK-105,2.775,230.37,12.99,0.928,0
2026-06-25 03:20:05,GRID-BMK-105,2.928,231.95,13.42,0.941,0
2026-06-25 04:20:05,GRID-BMK-105,2.725,235.06,12.85,0.902,0
2026-06-25 05:20:05,GRID-BMK-105,2.603,224.64,12.72,0.911,0
2026-06-25 06:20:05,GRID-BMK-105,3.428,233.93,16.75,0.875,0
2026-06-25 07:20:05,GRID-BMK-105,3.848,231.61,18.35,0.905,0
2026-06-25 08:20:05,GRID-BMK-105,3.912,233.14,18.27,0.918,0
2026-06-25 09:20:05,GRID-BMK-105,4.637,232.07,21.89,0.913,0
2026-06-25 10:20:05,GRID-BMK-105,5.58,228.01,28.01,0.874,0
2026-06-25 11:20:05,GRID-BMK-105,5.366,228.29,24.8,0.948,0
2026-06-25 12:20:05,GRID-BMK-105,5.753,231.0,28.2,0.883,0
2026-06-25 13:20:05,GRID-BMK-105,5.76,234.55,27.46,0.894,0
2026-06-25 14:20:05,GRID-BMK-105,5.485,229.02,25.67,0.933,0
2026-06-25 15:20:05,GRID-BMK-105,4.922,230.92,21.75,0.98,0
2026-06-25 16:20:05,GRID-BMK-105,4.262,227.36,21.73,0.862,0
2026-06-25 17:20:05,GRID-BMK-105,4.439,230.02,21.66,0.891,0
2026-06-25 18:20:05,GRID-BMK-105,4.164,230.59,18.82,0.959,0
2026-06-25 19:20:05,GRID-BMK-105,3.229,235.29,15.7,0.874,0
2026-06-25 20:20:05,GRID-BMK-105,2.556,236.07,11.57,0.936,0
2026-06-25 21:20:05,GRID-BMK-105,1.945,226.25,9.42,0.912,0
2026-06-25 22:20:05,GRID-BMK-105,2.574,234.27,11.75,0.935,0
2026-06-25 23:20:05,GRID-BMK-105,1.926,234.4,9.3,0.883,0
2026-06-26 00:20:05,GRID-BMK-105,3.202,230.53,15.1,0.92,0
2026-06-26 01:20:05,GRID-BMK-105,2.856,225.44,13.52,0.937,0
2026-06-26 02:20:05,GRID-BMK-105,3.087,232.73,14.77,0.898,0
2026-06-26 03:20:05,GRID-BMK-105,11.313,225.65,52.84,0.949,1
2026-06-26 04:20:05,GRID-BMK-105,3.066,226.36,14.32,0.946,0
2026-06-26 05:20:05,GRID-BMK-105,3.517,230.22,15.98,0.956,0
2026-06-26 06:20:05,GRID-BMK-105,3.235,230.86,15.07,0.93,0
2026-06-26 07:20:05,GRID-BMK-105,3.975,231.65,17.8,0.964,0
2026-06-26 08:20:05,GRID-BMK-105,4.283,227.82,20.67,0.909,0
2026-06-26 09:20:05,GRID-BMK-105,4.406,230.78,20.31,0.94,0
2026-06-26 10:20:05,GRID-BMK-105,4.781,229.87,23.14,0.899,0
2026-06-26 11:20:05,GRID-BMK-105,5.436,232.04,26.07,0.899,0
2026-06-26 12:20:05,GRID-BMK-105,5.259,230.03,24.57,0.931,0
2026-06-26 13:20:05,GRID-BMK-105,5.561,231.35,25.55,0.941,0
2026-06-26 14:20:05,GRID-BMK-105,4.889,228.56,24.06,0.889,0
2026-06-26 15:20:05,GRID-BMK-105,4.622,232.78,23.1,0.86,0
2026-06-26 16:20:05,GRID-BMK-105,4.868,225.99,24.1,0.894,0
2026-06-26 17:20:05,GRID-BMK-105,4.157,230.95,19.36,0.93,0
2026-06-26 18:20:05,GRID-BMK-105,3.459,232.66,16.25,0.915,0
2026-06-26 19:20:05,GRID-BMK-105,2.961,228.78,13.38,0.968,0
2026-06-26 20:20:05,GRID-BMK-105,2.615,231.1,12.19,0.928,0
2026-06-26 21:20:05,GRID-BMK-105,2.242,232.04,10.17,0.95,0
2026-06-26 22:20:05,GRID-BMK-105,2.276,228.25,10.39,0.96,0
2026-06-26 23:20:05,GRID-BMK-105,1.474,228.46,7.2,0.896,0
2026-06-27 00:20:05,GRID-BMK-105,3.153,227.55,15.49,0.895,0
2026-06-27 01:20:05,GRID-BMK-105,3.912,224.71,18.17,0.958,0
2026-06-27 02:20:05,GRID-BMK-105,4.238,232.58,19.46,0.936,0
2026-06-27 03:20:05,GRID-BMK-105,3.323,228.48,15.86,0.917,0
2026-06-27 04:20:05,GRID-BMK-105,3.009,225.49,14.6,0.914,0
2026-06-27 05:20:05,GRID-BMK-105,3.431,228.67,16.11,0.931,0
2026-06-27 06:20:05,GRID-BMK-105,4.573,233.24,20.26,0.968,0
2026-06-27 07:20:05,GRID-BMK-105,5.177,229.41,25.0,0.903,0
2026-06-27 08:20:05,GRID-BMK-105,4.839,230.39,22.76,0.923,0
2026-06-27 09:20:05,GRID-BMK-105,6.183,232.48,27.69,0.961,0
2026-06-27 10:20:05,GRID-BMK-105,0.054,230.17,0.25,0.94,1
2026-06-27 11:20:05,GRID-BMK-105,5.779,223.53,27.42,0.943,0
2026-06-27 12:20:05,GRID-BMK-105,6.371,221.01,31.36,0.919,0
2026-06-27 13:20:05,GRID-BMK-105,6.003,233.64,28.19,0.911,0
2026-06-27 14:20:05,GRID-BMK-105,5.973,226.9,29.47,0.893,0
2026-06-27 15:20:05,GRID-BMK-105,5.841,230.75,28.06,0.902,0
2026-06-27 16:20:05,GRID-BMK-105,5.928,229.31,28.12,0.919,0
2026-06-27 17:20:05,GRID-BMK-105,4.864,234.2,22.17,0.937,0
2026-06-27 18:20:05,GRID-BMK-105,4.368,224.4,21.14,0.921,0
2026-06-27 19:20:05,GRID-BMK-105,3.631,234.21,18.32,0.846,0
2026-06-27 20:20:05,GRID-BMK-105,2.511,226.54,12.09,0.917,0
2026-06-27 21:20:05,GRID-BMK-105,3.045,234.99,14.39,0.901,0
2026-06-27 22:20:05,GRID-BMK-105,2.57,233.14,11.84,0.931,0
2026-06-27 23:20:05,GRID-BMK-105,2.492,232.14,12.32,0.871,0
2026-06-28 00:20:05,GRID-BMK-105,2.896,230.75,13.84,0.907,0
2026-06-28 01:20:05,GRID-BMK-105,3.614,226.84,17.14,0.93,0
2026-06-28 02:20:05,GRID-BMK-105,3.753,229.04,17.52,0.935,0
2026-06-28 03:20:05,GRID-BMK-105,0.061,226.11,0.28,0.972,1
2026-06-28 04:20:05,GRID-BMK-105,3.583,233.68,17.02,0.901,0
2026-06-28 05:20:05,GRID-BMK-105,3.212,228.74,15.68,0.896,0
2026-06-28 06:20:05,GRID-BMK-105,5.039,226.39,25.06,0.888,0
2026-06-28 07:20:05,GRID-BMK-105,5.396,230.83,24.43,0.957,0
2026-06-28 08:20:05,GRID-BMK-105,5.459,236.05,26.15,0.884,0
2026-06-28 09:20:05,GRID-BMK-105,6.193,232.78,29.61,0.899,0
2026-06-28 10:20:05,GRID-BMK-105,6.243,233.28,28.05,0.954,0
2026-06-28 11:20:05,GRID-BMK-105,6.555,233.97,30.26,0.926,0
2026-06-28 12:20:05,GRID-BMK-105,6.303,228.71,29.65,0.929,0
2026-06-28 13:20:05,GRID-BMK-105,6.727,227.62,31.33,0.943,0
2026-06-28 14:20:05,GRID-BMK-105,5.752,230.97,27.78,0.897,0
2026-06-28 15:20:05,GRID-BMK-105,5.614,233.34,26.03,0.924,0
2026-06-28 16:20:05,GRID-BMK-105,5.426,224.84,27.1,0.891,0
2026-06-28 17:20:05,GRID-BMK-105,5.447,227.53,25.75,0.93,0
2026-06-28 18:20:05,GRID-BMK-105,4.302,234.96,20.25,0.904,0
2026-06-28 19:20:05,GRID-BMK-105,3.335,226.49,16.67,0.883,0
2026-06-28 20:20:05,GRID-BMK-105,3.109,229.9,13.75,0.983,0
2026-06-28 21:20:05,GRID-BMK-105,2.807,231.79,13.29,0.911,0
2026-06-28 22:20:05,GRID-BMK-105,2.488,232.54,12.33,0.868,0
2026-06-28 23:20:05,GRID-BMK-105,1.699,234.24,7.8,0.931,0
2026-06-29 00:20:05,GRID-BMK-105,3.132,232.79,14.83,0.907,0
2026-06-29 01:20:05,GRID-BMK-105,3.478,231.53,17.06,0.881,0
2026-06-29 02:20:05,GRID-BMK-105,2.552,227.9,12.55,0.892,0
2026-06-29 03:20:05,GRID-BMK-105,2.522,226.48,12.07,0.923,0
2026-06-29 04:20:05,GRID-BMK-105,2.989,231.37,13.53,0.955,0
2026-06-29 05:20:05,GRID-BMK-105,3.128,223.01,14.5,0.967,0
2026-06-29 06:20:05,GRID-BMK-105,3.775,228.15,17.5,0.945,0
2026-06-29 07:20:05,GRID-BMK-105,4.266,232.71,20.36,0.9,0
2026-06-29 08:20:05,GRID-BMK-105,4.698,233.63,22.13,0.909,0
2026-06-29 09:20:05,GRID-BMK-105,4.746,227.62,22.38,0.932,0
2026-06-29 10:20:05,GRID-BMK-105,5.291,225.96,25.37,0.923,0
2026-06-29 11:20:05,GRID-BMK-105,5.822,230.35,27.72,0.912,0
2026-06-29 12:20:05,GRID-BMK-105,5.196,232.03,24.43,0.917,0
2026-06-29 13:20:05,GRID-BMK-105,4.754,230.69,22.77,0.905,0
2026-06-29 14:20:05,GRID-BMK-105,5.252,229.0,23.82,0.963,0
2026-06-29 15:20:05,GRID-BMK-105,5.223,232.51,24.72,0.909,0
2026-06-29 16:20:05,GRID-BMK-105,4.273,234.03,20.25,0.902,0
2026-06-29 17:20:05,GRID-BMK-105,3.914,228.5,19.05,0.899,0
2026-06-29 18:20:05,GRID-BMK-105,3.429,230.36,16.29,0.914,0
2026-06-29 19:20:05,GRID-BMK-105,2.846,230.46,13.15,0.939,0
2026-06-29 20:20:05,GRID-BMK-105,2.382,224.1,11.39,0.933,0
2026-06-29 21:20:05,GRID-BMK-105,1.536,230.93,7.2,0.923,0
2026-06-29 22:20:05,GRID-BMK-105,2.061,235.13,9.29,0.943,0
2026-06-29 23:20:05,GRID-BMK-105,2.046,229.23,10.18,0.877,0
2026-06-30 00:20:05,GRID-BMK-105,2.946,238.47,12.97,0.952,0
2026-06-30 01:20:05,GRID-BMK-105,2.659,230.56,12.47,0.924,0
2026-06-30 02:20:05,GRID-BMK-105,2.5,227.0,11.38,0.968,0
2026-06-30 03:20:05,GRID-BMK-105,2.843,234.78,13.14,0.921,0
2026-06-30 04:20:05,GRID-BMK-105,3.379,231.73,15.16,0.962,0
2026-06-30 05:20:05,GRID-BMK-105,3.197,224.35,15.61,0.913,0
2026-06-30 06:20:05,GRID-BMK-105,3.356,230.15,15.22,0.958,0
2026-06-30 07:20:05,GRID-BMK-105,0.07,228.86,0.34,0.914,1
2026-06-30 08:20:05,GRID-BMK-105,4.544,224.25,23.72,0.855,0
2026-06-30 09:20:05,GRID-BMK-105,5.091,227.52,24.59,0.91,0
2026-06-30 10:20:05,GRID-BMK-105,4.796,231.44,22.14,0.936,0
2026-06-30 11:20:05,GRID-BMK-105,5.042,229.03,23.59,0.933,0
2026-06-30 12:20:05,GRID-BMK-105,5.26,236.33,23.79,0.936,0
2026-06-30 13:20:05,GRID-BMK-105,5.674,231.98,27.57,0.887,0
2026-06-30 14:20:05,GRID-BMK-105,4.979,229.18,24.1,0.901,0
2026-06-30 15:20:05,GRID-BMK-105,4.662,228.82,23.14,0.881,0
2026-06-30 16:20:05,GRID-BMK-105,4.525,232.54,21.31,0.913,0
2026-06-30 17:20:05,GRID-BMK-105,4.064,222.56,20.82,0.877,0
2026-06-30 18:20:05,GRID-BMK-105,3.679,230.21,17.2,0.929,0
2026-06-30 19:20:05,GRID-BMK-105,3.569,222.62,16.49,0.972,0
2026-06-30 20:20:05,GRID-BMK-105,2.482,219.99,11.77,0.959,0
2026-06-30 21:20:05,GRID-BMK-105,2.594,228.15,12.0,0.947,0
2026-06-30 22:20:05,GRID-BMK-105,2.208,232.45,10.24,0.928,0
2026-06-30 23:20:05,GRID-BMK-105,2.214,231.81,10.07,0.948,0
2026-07-01 00:20:05,GRID-BMK-105,2.579,228.46,11.92,0.947,0
2026-07-01 01:20:05,GRID-BMK-105,3.166,227.36,14.07,0.99,0
2026-07-01 02:20:05,GRID-BMK-105,2.577,228.92,12.39,0.909,0
2026-07-01 03:20:05,GRID-BMK-105,3.158,231.07,14.09,0.97,0
2026-07-01 04:20:05,GRID-BMK-105,2.754,227.3,13.51,0.897,0
2026-07-01 05:20:05,GRID-BMK-105,2.649,226.37,12.43,0.942,0
2026-07-01 06:20:05,GRID-BMK-105,4.008,228.89,17.74,0.987,0
2026-07-01 07:20:05,GRID-BMK-105,4.334,227.16,21.35,0.894,0
2026-07-01 08:20:05,GRID-BMK-105,4.682,236.07,21.63,0.917,0
2026-07-01 09:20:05,GRID-BMK-105,5.001,225.39,24.12,0.92,0
2026-07-01 10:20:05,GRID-BMK-105,19.627,229.39,86.67,0.987,1
2026-07-01 11:20:05,GRID-BMK-105,5.095,229.19,24.72,0.899,0
2026-07-01 12:20:05,GRID-BMK-105,5.154,228.35,24.6,0.918,0
2026-07-01 13:20:05,GRID-BMK-105,5.351,227.72,25.54,0.92,0
2026-07-01 14:20:05,GRID-BMK-105,4.713,228.2,21.73,0.95,0
2026-07-01 15:20:05,GRID-BMK-105,4.685,235.05,21.24,0.938,0
2026-07-01 16:20:05,GRID-BMK-105,4.797,231.56,22.51,0.92,0
2026-07-01 17:20:05,GRID-BMK-105,4.298,229.89,20.85,0.897,0
2026-07-01 18:20:05,GRID-BMK-105,3.534,231.15,17.11,0.894,0
2026-07-01 19:20:05,GRID-BMK-105,3.069,227.03,14.43,0.937,0
2026-07-01 20:20:05,GRID-BMK-105,2.442,227.85,11.89,0.902,0
2026-07-01 21:20:05,GRID-BMK-105,2.301,233.24,10.69,0.923,0
2026-07-01 22:20:05,GRID-BMK-105,1.805,231.78,8.68,0.897,0
2026-07-01 23:20:05,GRID-BMK-105,1.337,230.79,6.26,0.926,0
2026-07-02 00:20:05,GRID-BMK-105,2.824,230.53,12.95,0.946,0
2026-07-02 01:20:05,GRID-BMK-105,3.039,229.86,13.89,0.952,0
2026-07-02 02:20:05,GRID-BMK-105,2.773,233.49,12.81,0.927,0
2026-07-02 03:20:05,GRID-BMK-105,3.517,229.32,16.94,0.905,0
2026-07-02 04:20:05,GRID-BMK-105,2.764,227.59,12.46,0.975,0
2026-07-02 05:20:05,GRID-BMK-105,2.819,226.39,13.75,0.905,0
2026-07-02 06:20:05,GRID-BMK-105,3.612,233.32,16.14,0.959,0
2026-07-02 07:20:05,GRID-BMK-105,4.289,225.56,21.42,0.887,0
2026-07-02 08:20:05,GRID-BMK-105,4.381,229.28,20.97,0.911,0
2026-07-02 09:20:05,GRID-BMK-105,5.194,234.36,25.6,0.866,0
2026-07-02 10:20:05,GRID-BMK-105,4.694,230.22,20.99,0.971,0
2026-07-02 11:20:05,GRID-BMK-105,5.272,231.61,24.6,0.925,0
2026-07-02 12:20:05,GRID-BMK-105,5.756,230.32,27.74,0.901,0
2026-07-02 13:20:05,GRID-BMK-105,5.504,231.98,26.15,0.907,0
2026-07-02 14:20:05,GRID-BMK-105,4.816,232.27,23.91,0.867,0
2026-07-02 15:20:05,GRID-BMK-105,4.271,235.58,20.05,0.904,0
2026-07-02 16:20:05,GRID-BMK-105,4.38,230.86,19.77,0.96,0
2026-07-02 17:20:05,GRID-BMK-105,3.951,230.18,19.15,0.896,0
2026-07-02 18:20:05,GRID-BMK-105,3.708,230.25,17.58,0.916,0
2026-07-02 19:20:05,GRID-BMK-105,3.34,230.27,15.77,0.92,0
2026-07-02 20:20:05,GRID-BMK-105,2.758,227.72,12.8,0.946,0
2026-07-02 21:20:05,GRID-BMK-105,2.428,231.62,11.65,0.9,0
2026-07-02 22:20:05,GRID-BMK-105,1.542,226.17,7.42,0.919,0
2026-07-02 23:20:05,GRID-BMK-105,2.759,233.18,12.83,0.922,0
2026-07-03 00:20:05,GRID-BMK-105,3.244,233.28,14.82,0.938,0
2026-07-03 01:20:05,GRID-BMK-105,2.556,231.19,11.76,0.94,0
2026-07-03 02:20:05,GRID-BMK-105,2.766,235.15,12.52,0.939,0
2026-07-03 03:20:05,GRID-BMK-105,2.84,231.76,14.26,0.859,0
2026-07-03 04:20:05,GRID-BMK-105,3.287,234.14,15.44,0.909,0
2026-07-03 05:20:05,GRID-BMK-105,2.551,230.2,12.03,0.921,0
2026-07-03 06:20:05,GRID-BMK-105,3.555,235.28,16.89,0.895,0
2026-07-03 07:20:05,GRID-BMK-105,3.889,229.44,18.3,0.926,0
2026-07-03 08:20:05,GRID-BMK-105,4.483,230.72,20.39,0.953,0
2026-07-03 09:20:05,GRID-BMK-105,5.205,228.91,23.77,0.956,0
2026-07-03 10:20:05,GRID-BMK-105,4.807,232.38,23.04,0.898,0
2026-07-03 11:20:05,GRID-BMK-105,5.125,228.25,24.3,0.924,0
2026-07-03 12:20:05,GRID-BMK-105,5.288,229.03,24.69,0.935,0
2026-07-03 13:20:05,GRID-BMK-105,5.565,230.97,28.3,0.851,0
2026-07-03 14:20:05,GRID-BMK-105,5.256,228.45,25.2,0.913,0
2026-07-03 15:20:05,GRID-BMK-105,5.355,234.72,24.95,0.914,0
2026-07-03 16:20:05,GRID-BMK-105,4.576,224.0,22.82,0.895,0
2026-07-03 17:20:05,GRID-BMK-105,4.412,232.09,20.47,0.929,0
2026-07-03 18:20:05,GRID-BMK-105,3.552,230.86,15.79,0.974,0
2026-07-03 19:20:05,GRID-BMK-105,3.546,229.63,16.71,0.924,0
2026-07-03 20:20:05,GRID-BMK-105,2.743,223.97,12.92,0.948,0
2026-07-03 21:20:05,GRID-BMK-105,2.285,223.05,11.34,0.903,0
2026-07-03 22:20:05,GRID-BMK-105,1.858,225.58,8.81,0.935,0
2026-07-03 23:20:05,GRID-BMK-105,1.806,232.81,7.84,0.99,0
2026-07-04 00:20:05,GRID-BMK-105,12.552,233.39,61.24,0.878,1
2026-07-04 01:20:05,GRID-BMK-105,3.135,227.71,14.53,0.947,0
2026-07-04 02:20:05,GRID-BMK-105,3.536,231.21,16.69,0.916,0
2026-07-04 03:20:05,GRID-BMK-105,4.094,224.88,19.06,0.955,0
2026-07-04 04:20:05,GRID-BMK-105,3.351,226.77,16.28,0.908,0
2026-07-04 05:20:05,GRID-BMK-105,3.466,236.44,16.2,0.905,0
2026-07-04 06:20:05,GRID-BMK-105,3.77,232.27,17.76,0.914,0
2026-07-04 07:20:05,GRID-BMK-105,4.897,230.18,21.99,0.968,0
2026-07-04 08:20:05,GRID-BMK-105,5.008,231.53,24.81,0.872,0
2026-07-04 09:20:05,GRID-BMK-105,6.06,229.77,28.85,0.914,0
2026-07-04 10:20:05,GRID-BMK-105,6.266,230.84,27.52,0.986,0
2026-07-04 11:20:05,GRID-BMK-105,7.095,226.79,34.02,0.92,0
2026-07-04 12:20:05,GRID-BMK-105,6.121,229.11,28.37,0.942,0
2026-07-04 13:20:05,GRID-BMK-105,5.99,233.84,27.84,0.92,0
2026-07-04 14:20:05,GRID-BMK-105,5.879,228.22,29.09,0.886,0
2026-07-04 15:20:05,GRID-BMK-105,5.431,227.14,25.47,0.939,0
2026-07-04 16:20:05,GRID-BMK-105,25.507,228.39,115.05,0.971,1
2026-07-04 17:20:05,GRID-BMK-105,4.801,227.04,24.68,0.857,0
2026-07-04 18:20:05,GRID-BMK-105,3.52,231.61,16.17,0.94,0
2026-07-04 19:20:05,GRID-BMK-105,3.643,228.23,16.71,0.955,0
2026-07-04 20:20:05,GRID-BMK-105,3.57,236.38,16.83,0.898,0
2026-07-04 21:20:05,GRID-BMK-105,2.702,226.46,12.71,0.939,0
2026-07-04 22:20:05,GRID-BMK-105,2.428,230.1,11.33,0.931,0
2026-07-04 23:20:05,GRID-BMK-105,2.061,229.07,9.91,0.908,0
2026-07-05 00:20:05,GRID-BMK-105,3.398,228.59,15.99,0.93,0
2026-07-05 01:20:05,GRID-BMK-105,3.622,229.06,17.28,0.915,0
2026-07-05 02:20:05,GRID-BMK-105,2.938,233.86,13.63,0.922,0
2026-07-05 03:20:05,GRID-BMK-105,21.021,228.43,108.62,0.847,1
2026-07-05 04:20:05,GRID-BMK-105,3.663,233.03,16.9,0.93,0
2026-07-05 05:20:05,GRID-BMK-105,3.378,236.51,15.18,0.941,0
2026-07-05 06:20:05,GRID-BMK-105,4.641,221.78,22.46,0.932,0
2026-07-05 07:20:05,GRID-BMK-105,5.224,229.8,25.65,0.886,0
2026-07-05 08:20:05,GRID-BMK-105,5.11,229.89,24.68,0.901,0
2026-07-05 09:20:05,GRID-BMK-105,5.504,234.27,25.36,0.926,0
2026-07-05 10:20:05,GRID-BMK-105,5.645,229.75,25.12,0.978,0
2026-07-05 11:20:05,GRID-BMK-105,6.545,230.92,30.39,0.933,0
2026-07-05 12:20:05,GRID-BMK-105,6.313,229.67,29.66,0.927,0
2026-07-05 13:20:05,GRID-BMK-105,6.259,225.61,30.16,0.92,0
2026-07-05 14:20:05,GRID-BMK-105,6.228,227.97,29.04,0.941,0
2026-07-05 15:20:05,GRID-BMK-105,5.9,227.77,28.69,0.903,0
2026-07-05 16:20:05,GRID-BMK-105,5.087,232.14,25.36,0.864,0
2026-07-05 17:20:05,GRID-BMK-105,4.762,228.1,22.05,0.947,0
2026-07-05 18:20:05,GRID-BMK-105,4.202,233.85,19.89,0.904,0
2026-07-05 19:20:05,GRID-BMK-105,3.569,233.96,16.56,0.921,0
2026-07-05 20:20:05,GRID-BMK-105,3.675,226.96,18.02,0.898,0
2026-07-05 21:20:05,GRID-BMK-105,3.164,230.88,15.27,0.897,0
2026-07-05 22:20:05,GRID-BMK-105,2.41,229.43,11.45,0.918,0
2026-07-05 23:20:05,GRID-BMK-105,1.915,227.67,8.9,0.944,0
2026-07-06 00:20:05,GRID-BMK-105,2.971,228.94,13.73,0.945,0
2026-07-06 01:20:05,GRID-BMK-105,3.152,225.2,14.53,0.963,0
2026-07-06 02:20:05,GRID-BMK-105,2.511,227.0,11.53,0.96,0
2026-07-06 03:20:05,GRID-BMK-105,3.4,231.72,15.63,0.939,0
2026-07-06 04:20:05,GRID-BMK-105,2.696,228.28,12.06,0.98,0
2026-07-06 05:20:05,GRID-BMK-105,2.469,230.37,12.42,0.862,0
2026-07-06 06:20:05,GRID-BMK-105,3.12,231.48,14.88,0.906,0
2026-07-06 07:20:05,GRID-BMK-105,4.48,229.07,22.33,0.876,0
2026-07-06 08:20:05,GRID-BMK-105,4.754,232.41,23.49,0.871,0
2026-07-06 09:20:05,GRID-BMK-105,5.008,234.85,23.52,0.907,0
2026-07-06 10:20:05,GRID-BMK-105,4.875,231.06,24.91,0.847,0
2026-07-06 11:20:05,GRID-BMK-105,5.085,231.78,23.97,0.915,0
2026-07-06 12:20:05,GRID-BMK-105,5.496,232.97,25.15,0.938,0
2026-07-06 13:20:05,GRID-BMK-105,5.455,230.98,25.25,0.935,0
2026-07-06 14:20:05,GRID-BMK-105,5.305,227.85,25.4,0.917,0
2026-07-06 15:20:05,GRID-BMK-105,4.821,229.66,24.16,0.869,0
2026-07-06 16:20:05,GRID-BMK-105,4.696,229.08,21.42,0.957,0
2026-07-06 17:20:05,GRID-BMK-105,3.875,232.85,18.74,0.888,0
2026-07-06 18:20:05,GRID-BMK-105,3.236,228.52,14.92,0.949,0
2026-07-06 19:20:05,GRID-BMK-105,3.069,226.61,14.32,0.946,0
2026-07-06 20:20:05,GRID-BMK-105,3.064,228.0,14.16,0.949,0
2026-07-06 21:20:05,GRID-BMK-105,2.039,229.52,9.9,0.897,0
2026-07-06 22:20:05,GRID-BMK-105,1.591,229.17,7.21,0.962,0
2026-07-06 23:20:05,GRID-BMK-105,1.258,232.45,5.71,0.948,0
2026-07-07 00:20:05,GRID-BMK-105,3.186,234.6,14.3,0.95,0
2026-07-07 01:20:05,GRID-BMK-105,2.745,232.4,12.73,0.928,0
2026-07-07 02:20:05,GRID-BMK-105,2.552,229.15,11.62,0.959,0
2026-07-07 03:20:05,GRID-BMK-105,2.543,228.01,11.56,0.965,0
2026-07-07 04:20:05,GRID-BMK-105,2.374,230.64,11.17,0.921,0
2026-07-07 05:20:05,GRID-BMK-105,2.793,228.82,13.23,0.922,0
2026-07-07 06:20:05,GRID-BMK-105,3.227,234.69,14.72,0.934,0
2026-07-07 07:20:05,GRID-BMK-105,3.664,227.58,17.4,0.925,0
2026-07-07 08:20:05,GRID-BMK-105,4.076,232.24,19.69,0.891,0
2026-07-07 09:20:05,GRID-BMK-105,4.819,229.18,22.82,0.922,0
2026-07-07 10:20:05,GRID-BMK-105,5.42,227.47,26.6,0.896,0
2026-07-07 11:20:05,GRID-BMK-105,5.286,229.93,24.45,0.94,0
2026-07-07 12:20:05,GRID-BMK-105,4.835,227.05,23.89,0.891,0
2026-07-07 13:20:05,GRID-BMK-105,5.29,230.38,24.7,0.929,0
2026-07-07 14:20:05,GRID-BMK-105,5.592,231.7,26.0,0.928,0
2026-07-07 15:20:05,GRID-BMK-105,4.799,234.42,22.2,0.922,0
2026-07-07 16:20:05,GRID-BMK-105,3.877,226.39,18.36,0.933,0
2026-07-07 17:20:05,GRID-BMK-105,4.689,227.62,22.68,0.908,0
2026-07-07 18:20:05,GRID-BMK-105,3.105,229.9,14.19,0.952,0
2026-07-07 19:20:05,GRID-BMK-105,3.126,229.26,15.76,0.865,0
2026-07-07 20:20:05,GRID-BMK-105,2.751,232.43,13.11,0.903,0
2026-07-07 21:20:05,GRID-BMK-105,2.295,230.2,10.4,0.958,0
2026-07-07 22:20:05,GRID-BMK-105,1.76,228.4,8.7,0.886,0
2026-07-07 23:20:05,GRID-BMK-105,1.351,233.46,6.5,0.89,0
2026-07-08 00:20:05,GRID-BMK-105,2.648,224.18,13.33,0.886,0
2026-07-08 01:20:05,GRID-BMK-105,3.271,233.12,15.59,0.9,0
2026-07-08 02:20:05,GRID-BMK-105,2.829,229.85,13.23,0.93,0
2026-07-08 03:20:05,GRID-BMK-105,2.267,228.39,10.82,0.917,0
2026-07-08 04:20:05,GRID-BMK-105,2.603,230.14,12.41,0.912,0
2026-07-08 05:20:05,GRID-BMK-105,2.663,228.38,12.99,0.898,0
2026-07-08 06:20:05,GRID-BMK-105,3.813,225.8,19.36,0.872,0
2026-07-08 07:20:05,GRID-BMK-105,3.622,235.14,16.42,0.938,0
2026-07-08 08:20:05,GRID-BMK-105,4.478,229.26,22.02,0.887,0
2026-07-08 09:20:05,GRID-BMK-105,4.654,230.67,21.95,0.919,0
2026-07-08 10:20:05,GRID-BMK-105,4.913,224.31,24.58,0.891,0
2026-07-08 11:20:05,GRID-BMK-105,4.626,231.73,22.6,0.883,0
2026-07-08 12:20:05,GRID-BMK-105,5.226,224.99,25.62,0.907,0
2026-07-08 13:20:05,GRID-BMK-105,5.33,224.09,25.8,0.922,0
2026-07-08 14:20:05,GRID-BMK-105,5.317,228.86,25.12,0.925,0
2026-07-08 15:20:05,GRID-BMK-105,5.064,233.77,23.87,0.908,0
2026-07-08 16:20:05,GRID-BMK-105,4.533,228.84,22.17,0.894,0
2026-07-08 17:20:05,GRID-BMK-105,4.185,230.01,19.81,0.919,0
2026-07-08 18:20:05,GRID-BMK-105,3.3,227.97,15.63,0.926,0
2026-07-08 19:20:05,GRID-BMK-105,3.359,227.47,15.91,0.928,0
2026-07-08 20:20:05,GRID-BMK-105,2.586,229.71,12.41,0.907,0
2026-07-08 21:20:05,GRID-BMK-105,2.046,233.28,9.82,0.893,0
2026-07-08 22:20:05,GRID-BMK-105,2.198,228.96,11.04,0.87,0
2026-07-08 23:20:05,GRID-BMK-105,1.854,234.81,8.62,0.916,0
2026-07-09 00:20:05,GRID-BMK-105,2.922,234.59,12.93,0.963,0
2026-07-09 01:20:05,GRID-BMK-105,2.365,234.11,10.72,0.943,0
2026-07-09 02:20:05,GRID-BMK-105,3.026,227.49,14.08,0.945,0
2026-07-09 03:20:05,GRID-BMK-105,2.639,228.04,12.33,0.939,0
2026-07-09 04:20:05,GRID-BMK-105,2.868,232.96,14.02,0.878,0
2026-07-09 05:20:05,GRID-BMK-105,13.723,230.96,66.77,0.89,1
2026-07-09 06:20:05,GRID-BMK-105,4.146,230.84,19.58,0.917,0
2026-07-09 07:20:05,GRID-BMK-105,3.863,231.0,17.88,0.935,0
2026-07-09 08:20:05,GRID-BMK-105,3.969,231.67,17.85,0.96,0
2026-07-09 09:20:05,GRID-BMK-105,4.807,232.57,22.9,0.903,0
2026-07-09 10:20:05,GRID-BMK-105,4.982,225.54,23.63,0.935,0
2026-07-09 11:20:05,GRID-BMK-105,5.737,231.54,26.21,0.945,0
2026-07-09 12:20:05,GRID-BMK-105,4.822,229.43,22.47,0.935,0
2026-07-09 13:20:05,GRID-BMK-105,5.313,228.85,24.84,0.935,0
2026-07-09 14:20:05,GRID-BMK-105,5.845,228.08,30.13,0.85,0
2026-07-09 15:20:05,GRID-BMK-105,4.882,232.03,24.6,0.855,0
2026-07-09 16:20:05,GRID-BMK-105,4.544,227.55,21.78,0.917,0
2026-07-09 17:20:05,GRID-BMK-105,4.284,231.46,19.55,0.947,0
2026-07-09 18:20:05,GRID-BMK-105,4.137,227.44,19.87,0.916,0
2026-07-09 19:20:05,GRID-BMK-105,3.661,227.69,17.87,0.9,0
2026-07-09 20:20:05,GRID-BMK-105,2.678,228.62,12.57,0.932,0
2026-07-09 21:20:05,GRID-BMK-105,2.231,235.13,10.61,0.894,0
2026-07-09 22:20:05,GRID-BMK-105,2.078,230.25,10.07,0.897,0
2026-07-09 23:20:05,GRID-BMK-105,1.939,231.89,8.95,0.934,0
2026-07-10 00:20:05,GRID-BMK-105,2.753,226.56,13.05,0.931,0
2026-07-10 01:20:05,GRID-BMK-105,2.798,231.02,13.18,0.919,0
2026-07-10 02:20:05,GRID-BMK-105,3.186,233.68,14.29,0.954,0
2026-07-10 03:20:05,GRID-BMK-105,2.497,228.95,12.03,0.907,0
2026-07-10 04:20:05,GRID-BMK-105,2.472,227.74,11.39,0.953,0
2026-07-10 05:20:05,GRID-BMK-105,2.652,236.26,13.25,0.847,0
2026-07-10 06:20:05,GRID-BMK-105,3.305,231.73,16.78,0.85,0
2026-07-10 07:20:05,GRID-BMK-105,3.824,233.81,17.44,0.938,0
2026-07-10 08:20:05,GRID-BMK-105,4.961,232.45,23.37,0.913,0
2026-07-10 09:20:05,GRID-BMK-105,5.257,233.75,24.33,0.925,0
2026-07-10 10:20:05,GRID-BMK-105,4.84,235.86,23.25,0.883,0
2026-07-10 11:20:05,GRID-BMK-105,5.389,229.92,26.46,0.886,0
2026-07-10 12:20:05,GRID-BMK-105,5.458,229.74,25.79,0.921,0
2026-07-10 13:20:05,GRID-BMK-105,5.238,226.59,25.35,0.912,0
2026-07-10 14:20:05,GRID-BMK-105,5.611,227.86,27.99,0.88,0
2026-07-10 15:20:05,GRID-BMK-105,5.374,234.22,25.06,0.916,0
2026-07-10 16:20:05,GRID-BMK-105,4.271,232.01,21.35,0.862,0
2026-07-10 17:20:05,GRID-BMK-105,4.43,228.87,20.78,0.932,0
2026-07-10 18:20:05,GRID-BMK-105,3.237,233.26,15.56,0.892,0
2026-07-10 19:20:05,GRID-BMK-105,14.605,229.16,67.27,0.947,1
2026-07-10 20:20:05,GRID-BMK-105,2.758,230.21,13.42,0.893,0
2026-07-10 21:20:05,GRID-BMK-105,2.814,227.31,14.82,0.835,0
2026-07-10 22:20:05,GRID-BMK-105,1.866,225.36,9.37,0.884,0
2026-07-10 23:20:05,GRID-BMK-105,2.0,236.04,9.57,0.886,0
2026-07-11 00:20:05,GRID-BMK-105,3.329,230.82,15.57,0.926,0
2026-07-11 01:20:05,GRID-BMK-105,3.475,228.66,16.95,0.897,0
2026-07-11 02:20:05,GRID-BMK-105,3.018,231.95,13.61,0.956,0
2026-07-11 03:20:05,GRID-BMK-105,2.996,232.21,13.14,0.982,0
2026-07-11 04:20:05,GRID-BMK-105,3.105,227.98,14.37,0.948,0
2026-07-11 05:20:05,GRID-BMK-105,4.098,227.99,19.14,0.939,0
2026-07-11 06:20:05,GRID-BMK-105,4.254,232.36,18.8,0.974,0
2026-07-11 07:20:05,GRID-BMK-105,4.703,228.8,21.95,0.936,0
2026-07-11 08:20:05,GRID-BMK-105,4.819,231.45,22.11,0.942,0
2026-07-11 09:20:05,GRID-BMK-105,6.014,226.4,27.81,0.955,0
2026-07-11 10:20:05,GRID-BMK-105,6.245,230.53,29.12,0.93,0
2026-07-11 11:20:05,GRID-BMK-105,5.99,232.25,28.13,0.917,0
2026-07-11 12:20:05,GRID-BMK-105,6.848,232.35,31.31,0.941,0
2026-07-11 13:20:05,GRID-BMK-105,0.044,233.77,0.21,0.911,1
2026-07-11 14:20:05,GRID-BMK-105,5.961,232.15,28.43,0.903,0
2026-07-11 15:20:05,GRID-BMK-105,5.78,231.04,26.48,0.945,0
2026-07-11 16:20:05,GRID-BMK-105,5.069,230.46,22.88,0.961,0
2026-07-11 17:20:05,GRID-BMK-105,4.859,224.63,23.02,0.94,0
2026-07-11 18:20:05,GRID-BMK-105,4.311,232.58,19.7,0.941,0
2026-07-11 19:20:05,GRID-BMK-105,3.459,228.22,16.26,0.932,0
2026-07-11 20:20:05,GRID-BMK-105,3.435,227.08,15.37,0.984,0
2026-07-11 21:20:05,GRID-BMK-105,2.105,230.78,9.94,0.918,0
2026-07-11 22:20:05,GRID-BMK-105,2.077,229.65,10.01,0.904,0
2026-07-11 23:20:05,GRID-BMK-105,2.095,229.1,10.03,0.912,0
2026-07-12 00:20:05,GRID-BMK-105,3.902,229.1,18.88,0.902,0
2026-07-12 01:20:05,GRID-BMK-105,13.039,228.76,59.57,0.957,1
2026-07-12 02:20:05,GRID-BMK-105,2.647,232.6,11.82,0.963,0
2026-07-12 03:20:05,GRID-BMK-105,2.572,231.84,11.79,0.941,0
2026-07-12 04:20:05,GRID-BMK-105,4.019,234.13,18.04,0.952,0
2026-07-12 05:20:05,GRID-BMK-105,4.024,228.65,19.11,0.921,0
2026-07-12 06:20:05,GRID-BMK-105,4.767,229.67,22.44,0.925,0
2026-07-12 07:20:05,GRID-BMK-105,5.179,228.9,24.92,0.908,0
2026-07-12 08:20:05,GRID-BMK-105,5.577,231.72,26.74,0.9,0
2026-07-12 09:20:05,GRID-BMK-105,5.835,230.88,28.41,0.889,0
2026-07-12 10:20:05,GRID-BMK-105,6.398,232.56,29.52,0.932,0
2026-07-12 11:20:05,GRID-BMK-105,6.487,230.86,32.47,0.865,0
2026-07-12 12:20:05,GRID-BMK-105,6.846,226.85,33.66,0.897,0
2026-07-12 13:20:05,GRID-BMK-105,6.332,225.5,29.46,0.953,0
2026-07-12 14:20:05,GRID-BMK-105,5.962,230.42,27.81,0.93,0
2026-07-12 15:20:05,GRID-BMK-105,5.789,231.56,27.27,0.917,0
2026-07-12 16:20:05,GRID-BMK-105,5.773,235.99,27.46,0.891,0
2026-07-12 17:20:05,GRID-BMK-105,4.599,233.85,22.22,0.885,0
2026-07-12 18:20:05,GRID-BMK-105,4.643,235.05,22.19,0.89,0
2026-07-12 19:20:05,GRID-BMK-105,3.957,233.68,18.44,0.918,0
2026-07-12 20:20:05,GRID-BMK-105,2.521,229.03,12.5,0.881,0
2026-07-12 21:20:05,GRID-BMK-105,3.671,228.19,17.71,0.909,0
2026-07-12 22:20:05,GRID-BMK-105,2.674,229.02,12.53,0.932,0
2026-07-12 23:20:05,GRID-BMK-105,1.946,225.45,8.79,0.982,0
2026-07-13 00:20:05,GRID-BMK-105,2.536,232.71,12.02,0.907,0
2026-07-13 01:20:05,GRID-BMK-105,2.845,228.23,13.62,0.916,0
2026-07-13 02:20:05,GRID-BMK-105,2.661,232.41,12.87,0.89,0
2026-07-13 03:20:05,GRID-BMK-105,2.866,228.25,13.79,0.911,0
2026-07-13 04:20:05,GRID-BMK-105,3.194,230.39,14.98,0.925,0
2026-07-13 05:20:05,GRID-BMK-105,2.848,235.24,13.18,0.919,0
2026-07-13 06:20:05,GRID-BMK-105,4.069,229.06,17.94,0.99,0
2026-07-13 07:20:05,GRID-BMK-105,3.437,223.78,15.51,0.99,0
2026-07-13 08:20:05,GRID-BMK-105,5.101,226.07,23.84,0.946,0
2026-07-13 09:20:05,GRID-BMK-105,0.043,233.98,0.21,0.883,1
2026-07-13 10:20:05,GRID-BMK-105,5.22,231.97,24.66,0.913,0
2026-07-13 11:20:05,GRID-BMK-105,5.294,227.92,25.27,0.919,0
2026-07-13 12:20:05,GRID-BMK-105,5.321,227.64,25.6,0.913,0
2026-07-13 13:20:05,GRID-BMK-105,4.894,229.97,22.23,0.957,0
2026-07-13 14:20:05,GRID-BMK-105,5.086,231.98,25.11,0.873,0
2026-07-13 15:20:05,GRID-BMK-105,4.982,232.31,23.12,0.928,0
2026-07-13 16:20:05,GRID-BMK-105,4.222,227.8,20.52,0.903,0
2026-07-13 17:20:05,GRID-BMK-105,4.361,236.07,20.67,0.894,0
2026-07-13 18:20:05,GRID-BMK-105,3.513,230.98,16.5,0.922,0
2026-07-13 19:20:05,GRID-BMK-105,3.075,231.88,14.41,0.92,0
2026-07-13 20:20:05,GRID-BMK-105,0.051,232.85,0.24,0.91,1
2026-07-13 21:20:05,GRID-BMK-105,1.838,232.17,8.77,0.903,0
2026-07-13 22:20:05,GRID-BMK-105,1.194,232.23,5.44,0.946,0
2026-07-13 23:20:05,GRID-BMK-105,1.588,228.13,7.69,0.905,0
2026-07-14 00:20:05,GRID-BMK-105,2.275,231.56,10.54,0.932,0
2026-07-14 01:20:05,GRID-BMK-105,2.367,232.06,10.97,0.93,0
2026-07-14 02:20:05,GRID-BMK-105,2.637,233.56,11.75,0.96,0
2026-07-14 03:20:05,GRID-BMK-105,2.953,228.61,13.69,0.943,0
2026-07-14 04:20:05,GRID-BMK-105,3.205,232.78,14.51,0.949,0
2026-07-14 05:20:05,GRID-BMK-105,2.771,234.22,12.79,0.925,0
2026-07-14 06:20:05,GRID-BMK-105,3.258,229.49,15.45,0.919,0
2026-07-14 07:20:05,GRID-BMK-105,4.086,234.09,18.98,0.92,0
2026-07-14 08:20:05,GRID-BMK-105,4.384,222.54,21.83,0.902,0
2026-07-14 09:20:05,GRID-BMK-105,4.861,229.4,22.94,0.924,0
2026-07-14 10:20:05,GRID-BMK-105,4.729,226.78,22.67,0.92,0
2026-07-14 11:20:05,GRID-BMK-105,5.313,226.96,25.05,0.934,0
2026-07-14 12:20:05,GRID-BMK-105,5.37,227.06,26.4,0.896,0
2026-07-14 13:20:05,GRID-BMK-105,5.542,233.22,26.23,0.906,0
2026-07-14 14:20:05,GRID-BMK-105,5.156,231.0,24.18,0.923,0
2026-07-14 15:20:05,GRID-BMK-105,4.562,225.46,21.6,0.937,0
2026-07-14 16:20:05,GRID-BMK-105,4.222,228.6,20.35,0.908,0
2026-07-14 17:20:05,GRID-BMK-105,3.985,230.68,19.6,0.882,0
2026-07-14 18:20:05,GRID-BMK-105,3.291,232.05,15.22,0.932,0
2026-07-14 19:20:05,GRID-BMK-105,2.777,234.06,12.89,0.92,0
2026-07-14 20:20:05,GRID-BMK-105,2.593,230.19,12.3,0.916,0
2026-07-14 21:20:05,GRID-BMK-105,2.881,228.69,12.78,0.986,0
2026-07-14 22:20:05,GRID-BMK-105,2.199,226.78,10.34,0.938,0
2026-07-14 23:20:05,GRID-BMK-105,1.284,223.97,6.36,0.902,0
2026-07-15 00:20:05,GRID-BMK-105,3.224,227.61,15.75,0.899,0
2026-07-15 01:20:05,GRID-BMK-105,3.396,229.21,15.63,0.948,0
2026-07-15 02:20:05,GRID-BMK-105,2.784,232.55,12.85,0.932,0
2026-07-15 03:20:05,GRID-BMK-105,2.913,234.48,13.86,0.897,0
2026-07-15 04:20:05,GRID-BMK-105,2.454,230.38,11.82,0.902,0
2026-07-15 05:20:05,GRID-BMK-105,3.114,229.2,14.63,0.929,0
2026-07-15 06:20:05,GRID-BMK-105,3.885,222.53,19.4,0.9,0
2026-07-15 07:20:05,GRID-BMK-105,4.06,227.18,18.79,0.951,0
2026-07-15 08:20:05,GRID-BMK-105,4.082,228.13,19.51,0.917,0
2026-07-15 09:20:05,GRID-BMK-105,4.703,230.02,21.47,0.952,0
2026-07-15 10:20:05,GRID-BMK-105,5.159,227.7,24.29,0.933,0
2026-07-15 11:20:05,GRID-BMK-105,5.424,234.46,25.41,0.911,0
2026-07-15 12:20:05,GRID-BMK-105,0.086,230.96,0.39,0.948,1
2026-07-15 13:20:05,GRID-BMK-105,5.438,229.28,25.75,0.921,0
2026-07-15 14:20:05,GRID-BMK-105,5.403,226.49,26.59,0.897,0
2026-07-15 15:20:05,GRID-BMK-105,4.827,227.07,23.73,0.896,0
2026-07-15 16:20:05,GRID-BMK-105,4.545,234.7,20.71,0.935,0
2026-07-15 17:20:05,GRID-BMK-105,4.204,224.82,20.54,0.911,0
2026-07-15 18:20:05,GRID-BMK-105,3.521,229.61,16.66,0.92,0
2026-07-15 19:20:05,GRID-BMK-105,3.0,229.2,13.71,0.955,0
2026-07-15 20:20:05,GRID-BMK-105,2.455,230.25,11.43,0.933,0
2026-07-15 21:20:05,GRID-BMK-105,2.011,231.19,9.78,0.89,0
2026-07-15 22:20:05,GRID-BMK-105,2.083,235.09,9.05,0.98,0
2026-07-15 23:20:05,GRID-BMK-105,1.706,230.64,8.06,0.918,0
2026-07-16 00:20:05,GRID-BMK-105,2.34,227.36,11.08,0.928,0
2026-07-16 01:20:05,GRID-BMK-105,2.905,228.64,12.84,0.99,0
2026-07-16 02:20:05,GRID-BMK-105,2.808,229.2,12.62,0.97,0
2026-07-16 03:20:05,GRID-BMK-105,2.547,229.66,12.83,0.864,0
2026-07-16 04:20:05,GRID-BMK-105,2.99,225.36,14.26,0.93,0
2026-07-16 05:20:05,GRID-BMK-105,2.599,232.68,12.74,0.877,0
2026-07-16 06:20:05,GRID-BMK-105,3.345,231.93,15.48,0.932,0
2026-07-16 07:20:05,GRID-BMK-105,4.066,226.3,19.58,0.918,0
2026-07-16 08:20:05,GRID-BMK-105,4.536,228.09,22.32,0.891,0
2026-07-16 09:20:05,GRID-BMK-105,5.297,226.72,25.34,0.922,0
2026-07-16 10:20:05,GRID-BMK-105,5.219,230.68,25.2,0.898,0
2026-07-16 11:20:05,GRID-BMK-105,5.224,232.7,25.31,0.887,0
2026-07-16 12:20:05,GRID-BMK-105,5.58,225.55,27.74,0.892,0
2026-07-16 13:20:05,GRID-BMK-105,5.336,238.63,22.59,0.99,0
2026-07-16 14:20:05,GRID-BMK-105,5.026,230.09,22.21,0.984,0
2026-07-16 15:20:05,GRID-BMK-105,5.001,232.35,22.6,0.952,0
2026-07-16 16:20:05,GRID-BMK-105,4.365,225.57,20.9,0.926,0
2026-07-16 17:20:05,GRID-BMK-105,4.388,227.28,20.84,0.926,0
2026-07-16 18:20:05,GRID-BMK-105,3.759,231.25,17.61,0.923,0
2026-07-16 19:20:05,GRID-BMK-105,2.87,226.41,12.91,0.982,0
2026-07-16 20:20:05,GRID-BMK-105,2.72,230.35,13.1,0.902,0
2026-07-16 21:20:05,GRID-BMK-105,2.606,230.24,12.07,0.938,0
2026-07-16 22:20:05,GRID-BMK-105,1.672,228.05,8.43,0.87,0
2026-07-16 23:20:05,GRID-BMK-105,1.916,224.69,8.99,0.948,0
2026-07-17 00:20:05,GRID-BMK-105,3.276,230.81,14.76,0.962,0
2026-07-17 01:20:05,GRID-BMK-105,0.016,228.58,0.07,0.938,1
2026-07-17 02:20:05,GRID-BMK-105,3.562,229.6,17.19,0.902,0
2026-07-17 03:20:05,GRID-BMK-105,3.013,236.52,14.18,0.899,0
2026-07-17 04:20:05,GRID-BMK-105,3.575,229.49,16.72,0.932,0
2026-07-17 05:20:05,GRID-BMK-105,3.321,228.61,15.56,0.933,0
2026-07-17 06:20:05,GRID-BMK-105,3.066,232.39,14.44,0.913,0
2026-07-17 07:20:05,GRID-BMK-105,3.549,230.29,16.45,0.937,0
2026-07-17 08:20:05,GRID-BMK-105,4.3,233.88,20.94,0.878,0
2026-07-17 09:20:05,GRID-BMK-105,4.953,234.68,22.52,0.937,0
2026-07-17 10:20:05,GRID-BMK-105,5.245,232.1,22.89,0.987,0
2026-07-17 11:20:05,GRID-BMK-105,5.213,232.41,24.55,0.914,0
2026-07-17 12:20:05,GRID-BMK-105,4.933,232.78,23.04,0.92,0
2026-07-17 13:20:05,GRID-BMK-105,28.297,230.69,132.4,0.926,1
2026-07-17 14:20:05,GRID-BMK-105,5.376,230.45,26.01,0.897,0
2026-07-17 15:20:05,GRID-BMK-105,4.196,228.95,20.26,0.904,0
2026-07-17 16:20:05,GRID-BMK-105,4.508,222.9,21.93,0.922,0
2026-07-17 17:20:05,GRID-BMK-105,4.049,233.22,19.91,0.872,0
2026-07-17 18:20:05,GRID-BMK-105,3.362,232.01,15.77,0.919,0
2026-07-17 19:20:05,GRID-BMK-105,2.871,230.98,13.56,0.917,0
2026-07-17 20:20:05,GRID-BMK-105,2.319,232.62,10.95,0.91,0
2026-07-17 21:20:05,GRID-BMK-105,2.715,234.93,12.8,0.903,0
2026-07-17 22:20:05,GRID-BMK-105,1.817,235.95,7.78,0.99,0
2026-07-17 23:20:05,GRID-BMK-105,1.842,231.93,8.59,0.925,0
2026-07-18 00:20:05,GRID-BMK-105,3.522,230.63,16.32,0.936,0
2026-07-18 01:20:05,GRID-BMK-105,3.087,234.96,14.12,0.93,0
2026-07-18 02:20:05,GRID-BMK-105,3.196,227.31,14.91,0.943,0
2026-07-18 03:20:05,GRID-BMK-105,4.031,226.05,19.47,0.916,0
2026-07-18 04:20:05,GRID-BMK-105,3.908,229.63,17.8,0.956,0
2026-07-18 05:20:05,GRID-BMK-105,2.549,228.9,11.36,0.98,0
2026-07-18 06:20:05,GRID-BMK-105,4.384,232.85,21.82,0.863,0
2026-07-18 07:20:05,GRID-BMK-105,5.046,226.95,24.46,0.909,0
2026-07-18 08:20:05,GRID-BMK-105,5.333,231.66,24.57,0.937,0
2026-07-18 09:20:05,GRID-BMK-105,0.034,227.39,0.16,0.924,1
2026-07-18 10:20:05,GRID-BMK-105,5.604,233.35,24.96,0.962,0
2026-07-18 11:20:05,GRID-BMK-105,6.135,230.59,28.64,0.929,0
2026-07-18 12:20:05,GRID-BMK-105,6.153,229.65,31.18,0.859,0
2026-07-18 13:20:05,GRID-BMK-105,6.314,230.95,29.35,0.931,0
2026-07-18 14:20:05,GRID-BMK-105,6.601,234.62,30.71,0.916,0
2026-07-18 15:20:05,GRID-BMK-105,6.326,229.96,30.46,0.903,0
2026-07-18 16:20:05,GRID-BMK-105,5.228,230.0,24.16,0.941,0
2026-07-18 17:20:05,GRID-BMK-105,4.492,230.97,20.13,0.966,0
2026-07-18 18:20:05,GRID-BMK-105,3.983,229.04,19.66,0.885,0
2026-07-18 19:20:05,GRID-BMK-105,3.485,225.95,17.65,0.874,0
2026-07-18 20:20:05,GRID-BMK-105,3.28,233.56,15.84,0.887,0
2026-07-18 21:20:05,GRID-BMK-105,2.826,231.57,12.97,0.94,0
2026-07-18 22:20:05,GRID-BMK-105,3.279,231.59,16.22,0.873,0
2026-07-18 23:20:05,GRID-BMK-105,2.215,228.57,10.61,0.913,0
2026-07-19 00:20:05,GRID-BMK-105,3.336,228.28,16.9,0.865,0
2026-07-19 01:20:05,GRID-BMK-105,3.257,236.43,15.02,0.917,0
2026-07-19 02:20:05,GRID-BMK-105,3.527,230.18,17.63,0.869,0
2026-07-19 03:20:05,GRID-BMK-105,3.292,223.9,15.63,0.941,0
2026-07-19 04:20:05,GRID-BMK-105,0.078,228.01,0.39,0.872,1
2026-07-19 05:20:05,GRID-BMK-105,2.949,231.39,13.52,0.943,0
2026-07-19 06:20:05,GRID-BMK-105,4.069,233.69,19.72,0.883,0
2026-07-19 07:20:05,GRID-BMK-105,5.171,229.73,23.91,0.941,0
2026-07-19 08:20:05,GRID-BMK-105,5.057,232.88,23.38,0.929,0
2026-07-19 09:20:05,GRID-BMK-105,6.096,231.71,28.22,0.932,0
2026-07-19 10:20:05,GRID-BMK-105,5.882,226.15,27.99,0.929,0
2026-07-19 11:20:05,GRID-BMK-105,6.194,229.15,30.14,0.897,0
2026-07-19 12:20:05,GRID-BMK-105,6.445,226.59,33.8,0.842,0
2026-07-19 13:20:05,GRID-BMK-105,6.315,230.18,30.35,0.904,0
2026-07-19 14:20:05,GRID-BMK-105,6.115,221.37,30.76,0.898,0
2026-07-19 15:20:05,GRID-BMK-105,6.082,234.61,28.29,0.916,0
2026-07-19 16:20:05,GRID-BMK-105,5.605,233.26,26.45,0.908,0
2026-07-19 17:20:05,GRID-BMK-105,5.194,226.46,25.48,0.9,0
2026-07-19 18:20:05,GRID-BMK-105,4.022,232.14,18.63,0.93,0
2026-07-19 19:20:05,GRID-BMK-105,3.779,233.82,18.74,0.862,0
2026-07-19 20:20:05,GRID-BMK-105,3.415,236.11,15.94,0.908,0
2026-07-19 21:20:05,GRID-BMK-105,2.977,232.41,13.5,0.949,0
2026-07-19 22:20:05,GRID-BMK-105,1.918,234.13,8.79,0.931,0
2026-07-19 23:20:05,GRID-BMK-105,1.97,230.37,9.17,0.932,0
2026-07-20 00:20:05,GRID-BMK-105,3.07,225.53,15.12,0.9,0
2026-07-20 01:20:05,GRID-BMK-105,3.395,227.13,15.29,0.978,0
2026-07-20 02:20:05,GRID-BMK-105,2.797,228.24,13.79,0.889,0
2026-07-20 03:20:05,GRID-BMK-105,2.811,231.13,12.59,0.966,0
2026-07-20 04:20:05,GRID-BMK-105,2.486,236.64,11.35,0.926,0
2026-07-20 05:20:05,GRID-BMK-105,3.171,233.09,15.4,0.883,0
2026-07-20 06:20:05,GRID-BMK-105,0.082,235.62,0.39,0.893,1
2026-07-20 07:20:05,GRID-BMK-105,4.472,225.18,21.86,0.908,0
2026-07-20 08:20:05,GRID-BMK-105,4.054,232.68,18.85,0.924,0
2026-07-20 09:20:05,GRID-BMK-105,0.044,228.58,0.22,0.879,1
2026-07-20 10:20:05,GRID-BMK-105,5.627,227.56,26.07,0.948,0
2026-07-20 11:20:05,GRID-BMK-105,5.045,226.8,24.74,0.899,0
2026-07-20 12:20:05,GRID-BMK-105,6.088,225.66,30.74,0.878,0
2026-07-20 13:20:05,GRID-BMK-105,5.501,228.34,26.95,0.894,0
2026-07-20 14:20:05,GRID-BMK-105,5.625,231.35,26.89,0.904,0
2026-07-20 15:20:05,GRID-BMK-105,4.746,226.26,21.74,0.965,0
2026-07-20 16:20:05,GRID-BMK-105,4.33,230.41,21.03,0.894,0
2026-07-20 17:20:05,GRID-BMK-105,3.885,231.18,17.6,0.955,0
2026-07-20 18:20:05,GRID-BMK-105,3.588,233.98,16.85,0.91,0
2026-07-20 19:20:05,GRID-BMK-105,2.971,232.42,14.37,0.89,0
2026-07-20 20:20:05,GRID-BMK-105,2.868,221.32,13.56,0.956,0
2026-07-20 21:20:05,GRID-BMK-105,2.152,235.6,10.18,0.897,0
2026-07-20 22:20:05,GRID-BMK-105,1.967,226.04,9.2,0.946,0
2026-07-20 23:20:05,GRID-BMK-105,2.179,233.99,9.96,0.935,0
2026-07-21 00:20:05,GRID-BMK-105,2.818,224.77,13.32,0.941,0
2026-07-21 01:20:05,GRID-BMK-105,2.76,233.95,12.38,0.953,0
2026-07-21 02:20:05,GRID-BMK-105,2.358,228.36,11.41,0.904,0
2026-07-21 03:20:05,GRID-BMK-105,2.322,234.26,10.73,0.924,0
2026-07-21 04:20:05,GRID-BMK-105,3.268,228.63,16.22,0.881,0
2026-07-21 05:20:05,GRID-BMK-105,2.472,231.68,12.23,0.872,0
2026-07-21 06:20:05,GRID-BMK-105,3.996,235.23,18.01,0.944,0
2026-07-21 07:20:05,GRID-BMK-105,4.031,236.83,17.23,0.988,0
2026-07-21 08:20:05,GRID-BMK-105,4.561,232.99,20.11,0.973,0
2026-07-21 09:20:05,GRID-BMK-105,4.632,227.53,22.04,0.924,0
2026-07-21 10:20:05,GRID-BMK-105,5.182,228.57,24.89,0.911,0
2026-07-21 11:20:05,GRID-BMK-105,5.227,234.19,23.37,0.955,0
2026-07-21 12:20:05,GRID-BMK-105,5.107,226.54,25.47,0.885,0
2026-07-21 13:20:05,GRID-BMK-105,4.754,230.06,24.08,0.858,0
2026-07-21 14:20:05,GRID-BMK-105,4.863,234.96,21.71,0.953,0
2026-07-21 15:20:05,GRID-BMK-105,4.744,228.45,22.46,0.925,0
2026-07-21 16:20:05,GRID-BMK-105,4.267,231.04,20.6,0.897,0
2026-07-21 17:20:05,GRID-BMK-105,3.85,229.19,17.79,0.944,0
2026-07-21 18:20:05,GRID-BMK-105,3.51,230.79,15.63,0.973,0
2026-07-21 19:20:05,GRID-BMK-105,2.749,229.5,13.24,0.905,0
2026-07-21 20:20:05,GRID-BMK-105,2.897,230.84,14.08,0.891,0
2026-07-21 21:20:05,GRID-BMK-105,2.557,227.2,11.7,0.962,0
2026-07-21 22:20:05,GRID-BMK-105,2.133,227.42,10.57,0.887,0
2026-07-21 23:20:05,GRID-BMK-105,1.531,229.8,7.27,0.917,0
2026-07-22 00:20:05,GRID-BMK-105,2.524,230.52,11.44,0.957,0
2026-07-22 01:20:05,GRID-BMK-105,2.479,228.63,11.65,0.931,0
2026-07-22 02:20:05,GRID-BMK-105,2.707,232.02,12.3,0.949,0
2026-07-22 03:20:05,GRID-BMK-105,1.974,231.6,8.89,0.959,0
2026-07-22 04:20:05,GRID-BMK-105,2.152,229.37,10.32,0.909,0
2026-07-22 05:20:05,GRID-BMK-105,2.848,236.73,12.98,0.927,0
2026-07-22 06:20:05,GRID-BMK-105,3.498,234.39,16.35,0.913,0
2026-07-22 07:20:05,GRID-BMK-105,4.133,232.3,19.93,0.893,0
2026-07-22 08:20:05,GRID-BMK-105,4.476,227.94,21.56,0.911,0
2026-07-22 09:20:05,GRID-BMK-105,4.575,231.62,23.43,0.843,0
2026-07-22 10:20:05,GRID-BMK-105,4.566,228.52,21.69,0.921,0
2026-07-22 11:20:05,GRID-BMK-105,5.743,229.81,27.67,0.903,0
2026-07-22 12:20:05,GRID-BMK-105,5.561,225.07,27.18,0.909,0
2026-07-22 13:20:05,GRID-BMK-105,5.009,226.38,22.68,0.976,0
2026-07-22 14:20:05,GRID-BMK-105,4.851,229.57,23.35,0.905,0
2026-07-22 15:20:05,GRID-BMK-105,4.999,229.99,25.09,0.866,0
2026-07-22 16:20:05,GRID-BMK-105,4.473,231.06,19.82,0.977,0
2026-07-22 17:20:05,GRID-BMK-105,4.276,232.78,21.61,0.85,0
2026-07-22 18:20:05,GRID-BMK-105,3.775,226.84,17.89,0.93,0
2026-07-22 19:20:05,GRID-BMK-105,2.734,226.0,13.33,0.908,0
2026-07-22 20:20:05,GRID-BMK-105,2.343,228.85,11.64,0.88,0
2026-07-22 21:20:05,GRID-BMK-105,2.117,228.18,10.08,0.921,0
2026-07-22 22:20:05,GRID-BMK-105,2.042,227.7,9.92,0.904,0
2026-07-22 23:20:05,GRID-BMK-105,1.819,234.33,8.86,0.876,0
2026-07-23 00:20:05,GRID-BMK-105,3.183,227.42,15.77,0.887,0
2026-07-23 01:20:05,GRID-BMK-105,2.949,226.86,13.61,0.955,0
2026-07-23 02:20:05,GRID-BMK-105,2.364,230.41,10.82,0.948,0
2026-07-23 03:20:05,GRID-BMK-105,2.992,228.35,14.77,0.887,0
2026-07-23 04:20:05,GRID-BMK-105,3.283,231.19,14.85,0.956,0
2026-07-23 05:20:05,GRID-BMK-105,3.223,229.35,15.61,0.9,0
2026-07-23 06:20:05,GRID-BMK-105,3.486,225.25,17.49,0.885,0
2026-07-23 07:20:05,GRID-BMK-105,17.175,230.78,78.67,0.946,1
2026-07-23 08:20:05,GRID-BMK-105,4.557,226.42,20.87,0.964,0
2026-07-23 09:20:05,GRID-BMK-105,4.718,231.16,21.36,0.955,0
2026-07-23 10:20:05,GRID-BMK-105,5.005,229.98,22.82,0.954,0
2026-07-23 11:20:05,GRID-BMK-105,4.93,233.81,22.0,0.958,0
2026-07-23 12:20:05,GRID-BMK-105,5.113,231.68,24.42,0.904,0
2026-07-23 13:20:05,GRID-BMK-105,6.325,229.07,29.92,0.923,0
2026-07-23 14:20:05,GRID-BMK-105,5.702,232.8,26.43,0.927,0
2026-07-23 15:20:05,GRID-BMK-105,4.734,232.39,21.64,0.941,0
2026-07-23 16:20:05,GRID-BMK-105,4.326,227.7,20.35,0.934,0
2026-07-23 17:20:05,GRID-BMK-105,16.141,231.08,71.43,0.978,1
2026-07-23 18:20:05,GRID-BMK-105,3.548,232.14,17.05,0.896,0
2026-07-23 19:20:05,GRID-BMK-105,3.029,224.68,14.42,0.935,0
2026-07-23 20:20:05,GRID-BMK-105,2.727,228.01,13.07,0.915,0
2026-07-23 21:20:05,GRID-BMK-105,2.828,228.64,13.06,0.947,0
2026-07-23 22:20:05,GRID-BMK-105,1.866,234.75,8.62,0.923,0
2026-07-23 23:20:05,GRID-BMK-105,1.515,227.5,6.73,0.99,0
2026-07-24 00:20:05,GRID-BMK-105,2.543,226.51,13.09,0.858,0
2026-07-24 01:20:05,GRID-BMK-105,11.521,229.41,54.86,0.916,1
2026-07-24 02:20:05,GRID-BMK-105,3.193,228.14,15.44,0.906,0
2026-07-24 03:20:05,GRID-BMK-105,2.948,233.97,13.51,0.933,0
2026-07-24 04:20:05,GRID-BMK-105,2.84,227.54,13.31,0.938,0
2026-07-24 05:20:05,GRID-BMK-105,2.971,223.64,13.75,0.966,0
2026-07-24 06:20:05,GRID-BMK-105,4.023,228.4,19.02,0.926,0
2026-07-24 07:20:05,GRID-BMK-105,3.654,233.02,17.47,0.897,0
2026-07-24 08:20:05,GRID-BMK-105,18.595,235.02,85.4,0.926,1
2026-07-24 09:20:05,GRID-BMK-105,17.711,227.41,82.1,0.949,1
2026-07-24 10:20:05,GRID-BMK-105,4.995,231.56,23.0,0.938,0
2026-07-24 11:20:05,GRID-BMK-105,5.474,226.33,26.61,0.909,0
2026-07-24 12:20:05,GRID-BMK-105,5.24,232.9,22.73,0.99,0
2026-07-24 13:20:05,GRID-BMK-105,4.633,233.97,21.64,0.915,0
2026-07-24 14:20:05,GRID-BMK-105,5.2,227.72,24.62,0.928,0
2026-07-24 15:20:05,GRID-BMK-105,5.252,223.33,26.38,0.891,0
2026-07-24 16:20:05,GRID-BMK-105,4.367,229.58,19.55,0.973,0
2026-07-24 17:20:05,GRID-BMK-105,4.246,236.68,19.72,0.91,0
2026-07-24 18:20:05,GRID-BMK-105,3.209,231.6,14.9,0.93,0
2026-07-24 19:20:05,GRID-BMK-105,3.589,229.13,17.73,0.883,0
2026-07-24 20:20:05,GRID-BMK-105,2.758,226.59,13.61,0.894,0
2026-07-24 21:20:05,GRID-BMK-105,2.642,230.15,12.19,0.941,0
2026-07-24 22:20:05,GRID-BMK-105,2.158,224.61,10.79,0.891,0
2026-07-24 23:20:05,GRID-BMK-105,1.613,234.2,7.51,0.917,0
2026-07-25 00:20:05,GRID-BMK-105,3.628,227.05,17.99,0.888,0
2026-07-25 01:20:05,GRID-BMK-105,3.414,230.35,16.27,0.911,0
2026-07-25 02:20:05,GRID-BMK-105,3.911,226.94,19.24,0.896,0
2026-07-25 03:20:05,GRID-BMK-105,3.042,224.5,14.53,0.933,0
2026-07-25 04:20:05,GRID-BMK-105,3.363,232.42,15.33,0.944,0
2026-07-25 05:20:05,GRID-BMK-105,3.397,225.67,17.03,0.884,0
2026-07-25 06:20:05,GRID-BMK-105,3.638,233.42,17.11,0.911,0
2026-07-25 07:20:05,GRID-BMK-105,5.519,231.74,25.83,0.922,0
2026-07-25 08:20:05,GRID-BMK-105,4.793,226.32,22.99,0.921,0
2026-07-25 09:20:05,GRID-BMK-105,5.668,230.22,27.12,0.908,0
2026-07-25 10:20:05,GRID-BMK-105,5.925,232.52,27.95,0.912,0
2026-07-25 11:20:05,GRID-BMK-105,6.39,233.18,29.87,0.918,0
2026-07-25 12:20:05,GRID-BMK-105,6.121,226.9,30.92,0.872,0
2026-07-25 13:20:05,GRID-BMK-105,6.22,228.26,30.59,0.891,0
2026-07-25 14:20:05,GRID-BMK-105,6.708,236.99,29.13,0.972,0
2026-07-25 15:20:05,GRID-BMK-105,5.648,230.06,25.16,0.976,0
2026-07-25 16:20:05,GRID-BMK-105,4.73,227.53,23.14,0.899,0
2026-07-25 17:20:05,GRID-BMK-105,4.63,223.67,21.6,0.959,0
2026-07-25 18:20:05,GRID-BMK-105,4.754,231.06,22.05,0.933,0
2026-07-25 19:20:05,GRID-BMK-105,3.927,225.98,18.72,0.928,0
2026-07-25 20:20:05,GRID-BMK-105,3.508,229.58,17.12,0.893,0
2026-07-25 21:20:05,GRID-BMK-105,0.089,227.87,0.43,0.915,1
2026-07-25 22:20:05,GRID-BMK-105,2.631,228.34,12.4,0.929,0
2026-07-25 23:20:05,GRID-BMK-105,2.382,231.57,11.32,0.909,0
2026-07-26 00:20:05,GRID-BMK-105,3.162,231.79,14.81,0.921,0
2026-07-26 01:20:05,GRID-BMK-105,3.453,236.1,15.97,0.916,0
2026-07-26 02:20:05,GRID-BMK-105,3.63,232.64,17.2,0.907,0
2026-07-26 03:20:05,GRID-BMK-105,3.641,223.74,17.27,0.942,0
2026-07-26 04:20:05,GRID-BMK-105,2.861,234.61,13.5,0.903,0
2026-07-26 05:20:05,GRID-BMK-105,2.895,229.23,13.33,0.948,0
2026-07-26 06:20:05,GRID-BMK-105,3.797,223.72,17.66,0.961,0
2026-07-26 07:20:05,GRID-BMK-105,4.891,228.28,23.75,0.902,0
2026-07-26 08:20:05,GRID-BMK-105,5.755,228.35,26.85,0.939,0
2026-07-26 09:20:05,GRID-BMK-105,6.602,230.05,29.67,0.967,0
2026-07-26 10:20:05,GRID-BMK-105,6.411,225.47,31.33,0.908,0
2026-07-26 11:20:05,GRID-BMK-105,6.224,231.98,29.39,0.913,0
2026-07-26 12:20:05,GRID-BMK-105,6.294,231.27,31.61,0.861,0
2026-07-26 13:20:05,GRID-BMK-105,5.875,228.54,28.28,0.909,0
2026-07-26 14:20:05,GRID-BMK-105,6.013,230.02,28.29,0.924,0
2026-07-26 15:20:05,GRID-BMK-105,6.301,226.9,32.33,0.859,0
2026-07-26 16:20:05,GRID-BMK-105,5.235,229.39,24.47,0.932,0
2026-07-26 17:20:05,GRID-BMK-105,4.594,229.27,22.14,0.905,0
2026-07-26 18:20:05,GRID-BMK-105,4.096,234.11,19.3,0.906,0
2026-07-26 19:20:05,GRID-BMK-105,3.816,225.99,17.92,0.942,0
2026-07-26 20:20:05,GRID-BMK-105,3.682,227.23,17.09,0.948,0
2026-07-26 21:20:05,GRID-BMK-105,2.979,228.54,13.22,0.986,0
2026-07-26 22:20:05,GRID-BMK-105,2.298,230.9,10.64,0.935,0
2026-07-26 23:20:05,GRID-BMK-105,2.313,233.07,10.54,0.942,0
2026-07-27 00:20:05,GRID-BMK-105,2.9,230.24,14.45,0.872,0
2026-07-27 01:20:05,GRID-BMK-105,3.467,227.55,15.45,0.986,0
2026-07-27 02:20:05,GRID-BMK-105,2.561,231.68,12.38,0.892,0
2026-07-27 03:20:05,GRID-BMK-105,2.27,228.28,11.23,0.886,0
2026-07-27 04:20:05,GRID-BMK-105,2.429,235.7,11.21,0.92,0
2026-07-27 05:20:05,GRID-BMK-105,3.33,226.8,16.48,0.891,0
2026-07-27 06:20:05,GRID-BMK-105,3.879,230.93,17.86,0.941,0
2026-07-27 07:20:05,GRID-BMK-105,4.376,230.66,20.94,0.906,0
2026-07-27 08:20:05,GRID-BMK-105,4.684,229.36,22.89,0.892,0
2026-07-27 09:20:05,GRID-BMK-105,4.686,229.68,23.06,0.885,0
2026-07-27 10:20:05,GRID-BMK-105,5.322,223.85,24.82,0.958,0
2026-07-27 11:20:05,GRID-BMK-105,5.19,232.6,23.78,0.938,0
2026-07-27 12:20:05,GRID-BMK-105,5.964,230.88,29.76,0.868,0
2026-07-27 13:20:05,GRID-BMK-105,5.221,227.91,24.95,0.918,0
2026-07-27 14:20:05,GRID-BMK-105,4.813,227.89,22.55,0.937,0
2026-07-27 15:20:05,GRID-BMK-105,4.665,222.84,24.05,0.871,0
2026-07-27 16:20:05,GRID-BMK-105,4.287,232.54,21.29,0.866,0
2026-07-27 17:20:05,GRID-BMK-105,4.217,232.03,19.11,0.951,0
2026-07-27 18:20:05,GRID-BMK-105,3.215,236.12,14.21,0.958,0
2026-07-27 19:20:05,GRID-BMK-105,3.17,228.22,16.46,0.844,0
2026-07-27 20:20:05,GRID-BMK-105,2.291,232.63,11.15,0.883,0
2026-07-27 21:20:05,GRID-BMK-105,2.349,230.12,10.82,0.944,0
2026-07-27 22:20:05,GRID-BMK-105,1.864,224.93,8.78,0.944,0
2026-07-27 23:20:05,GRID-BMK-105,1.734,230.96,8.71,0.862,0
2026-07-28 00:20:05,GRID-BMK-105,2.693,229.3,12.33,0.952,0
2026-07-28 01:20:05,GRID-BMK-105,2.44,231.49,11.41,0.924,0
2026-07-28 02:20:05,GRID-BMK-105,2.375,229.26,11.3,0.917,0
2026-07-28 03:20:05,GRID-BMK-105,2.949,230.95,13.64,0.936,0
2026-07-28 04:20:05,GRID-BMK-105,2.42,232.07,11.39,0.916,0
2026-07-28 05:20:05,GRID-BMK-105,2.642,227.56,12.83,0.905,0
2026-07-28 06:20:05,GRID-BMK-105,3.41,234.13,14.86,0.98,0
2026-07-28 07:20:05,GRID-BMK-105,4.182,230.45,19.78,0.917,0
2026-07-28 08:20:05,GRID-BMK-105,4.367,230.4,22.68,0.836,0
2026-07-28 09:20:05,GRID-BMK-105,4.353,226.92,20.65,0.929,0
2026-07-28 10:20:05,GRID-BMK-105,5.208,232.81,24.75,0.904,0
2026-07-28 11:20:05,GRID-BMK-105,5.131,224.21,25.27,0.906,0
2026-07-28 12:20:05,GRID-BMK-105,5.224,231.94,24.1,0.934,0
2026-07-28 13:20:05,GRID-BMK-105,5.378,234.79,25.8,0.888,0
2026-07-28 14:20:05,GRID-BMK-105,4.935,226.23,23.93,0.912,0
2026-07-28 15:20:05,GRID-BMK-105,4.758,233.49,21.56,0.945,0
2026-07-28 16:20:05,GRID-BMK-105,4.819,230.52,24.41,0.856,0
2026-07-28 17:20:05,GRID-BMK-105,3.546,237.68,16.26,0.917,0
2026-07-28 18:20:05,GRID-BMK-105,2.68,232.97,12.46,0.923,0
2026-07-28 19:20:05,GRID-BMK-105,11.78,234.67,52.81,0.951,1
2026-07-28 20:20:05,GRID-BMK-105,3.221,227.39,15.51,0.913,0
2026-07-28 21:20:05,GRID-BMK-105,2.187,234.12,10.37,0.901,0
2026-07-28 22:20:05,GRID-BMK-105,2.259,231.97,11.09,0.878,0
2026-07-28 23:20:05,GRID-BMK-105,1.177,227.44,6.14,0.843,0
2026-07-29 00:20:05,GRID-BMK-105,2.731,230.81,12.48,0.948,0
2026-07-29 01:20:05,GRID-BMK-105,3.584,231.6,16.52,0.937,0
